Title,Available Globally?,Release Date,Hours Viewed,Runtime,Views
War Machine,Yes,2026-03-06,266800000,1:49,146900000
The Rip,Yes,2026-01-16,256400000,1:53,136100000
Swapped,Yes,2026-05-01,222400000,1:42,130800000
KPop Demon Hunters,Yes,2025-06-20,217300000,1:40,130400000
Apex,Yes,2026-04-24,204200000,1:35,129000000
Thrash,Yes,2026-04-10,143300000,1:26,100000000
People We Meet on Vacation,Yes,2026-01-09,152900000,1:58,77700000
The Crash,Yes,2026-05-15,103200000,1:35,65200000
Peaky Blinders: The Immortal Man,Yes,2026-03-20,121500000,1:54,63900000
Office Romance,Yes,2026-06-05,112000000,1:55,58400000
Madagascar (2005),No,,76600000,1:26,53400000
Voicemails for Isabelle,Yes,2026-06-19,104800000,1:58,53300000
Remarkably Bright Creatures,Yes,2026-05-08,97400000,1:54,51300000
Maternal Instinct,Yes,2026-06-12,81400000,1:37,50400000
Goat (2026),No,,70800000,1:40,42500000
Ladies First,Yes,2026-05-22,63300000,1:33,40800000
Dhurandhar // धुरंधर,No,,127000000,3:26,37000000
Despicable Me 3,No,,55500000,1:30,37000000
180,Yes,2026-04-17,58300000,1:35,36800000
Despicable Me 4,No,,56300000,1:34,35900000
Joe’s College Road Trip,Yes,2026-02-13,66200000,1:51,35800000
Kidnapped: Elizabeth Smart,Yes,2026-01-21,53800000,1:31,35500000
Anaconda (2025),No,,55700000,1:39,33800000
Firebreak // Cortafuego,Yes,2026-02-20,60100000,1:47,33700000
In Your Dreams,Yes,2025-11-14,50000000,1:31,33000000
The Secret Life of Pets,No,,47200000,1:27,32600000
Paw Patrol: The Movie,No,,45600000,1:26,31800000
Roommates,Yes,2026-04-17,56200000,1:47,31500000
The Super Mario Bros. Movie,No,,46800000,1:32,30500000
Evil Influencer: The Jodi Hildebrandt Story,Yes,2025-12-30,50000000,1:42,29400000
Jurassic World,No,,60500000,2:04,29300000
The Investigation of Lucy Letby,Yes,2026-02-04,44900000,1:35,28400000
The Great Flood // 대홍수,Yes,2025-12-19,50000000,1:49,27500000
Jurassic World Rebirth,No,,57700000,2:14,25800000
The Marked Woman // La desconocida,Yes,2026-06-05,46600000,1:49,25700000
Despicable Me 2,No,,41800000,1:38,25600000
No Time to Die (2021),No,,69700000,2:44,25500000
The Boss Baby,No,,41400000,1:38,25300000
Me Before You,No,,45900000,1:50,25000000
Shrek,No,,36500000,1:30,24300000
Dr. Seuss' The Grinch,No,,34900000,1:26,24300000
Spider-Man: Into the Spider-Verse,No,,46600000,1:57,23900000
We Can Be Heroes,Yes,2020-12-25,40100000,1:41,23800000
Hotel Transylvania 3: Summer Vacation,No,,37900000,1:37,23400000
Colors Of Evil: Black // Kolory Zła: Czerń,Yes,2026-06-10,42800000,1:50,23300000
Back to the Outback,Yes,2021-12-10,36800000,1:36,23000000
Trolls,No,,35600000,1:33,23000000
Wake Up Dead Man: A Knives Out Mystery,Yes,2025-12-12,55800000,2:26,22900000
Humint // 휴민트,Yes,2026-03-31,45300000,1:59,22800000
The Truth and Tragedy of Moriah Wilson,Yes,2026-04-03,37300000,1:38,22800000
Frankenstein,Yes,2025-11-07,56600000,2:32,22300000
Despicable Me,No,,34500000,1:35,21800000
Minions: The Rise of Gru,No,,31600000,1:28,21500000
A Father's Miracle // La celda de los milagros,No,2026-02-13,36000000,1:41,21400000
Migration,No,,28900000,1:23,20900000
"Even If This Love Disappears Tonight // 오늘 밤, 세계에서 이 사랑이 사라진다 해도",Yes,2026-02-03,36600000,1:46,20700000
Shrek 2,No,,31600000,1:33,20400000
Red Notice,Yes,2021-11-12,39000000,1:58,19800000
The Croods: A New Age,No,,31300000,1:35,19800000
The Orphans // Les Orphelins,No,2026-02-20,31200000,1:35,19700000
Accused // अक्यूज़्ड,Yes,2026-02-27,34200000,1:46,19400000
Little Brother,Yes,2026-06-26,32400000,1:40,19400000
Sing (2016),No,,34800000,1:48,19300000
Eat Pray Bark,Yes,2026-04-01,29100000,1:32,19000000
Trap (2024),No,,33000000,1:45,18900000
Bee Movie,No,,28800000,1:32,18800000
Gladiator II,No,,45900000,2:28,18600000
Happy Gilmore 2,Yes,2025-07-25,36400000,1:58,18500000
Sonic the Hedgehog 3,No,,33700000,1:50,18400000
Mechanic: Resurrection,No,,30300000,1:39,18400000
My Dearest Assassin // เลือดรัก นักฆ่า,Yes,2026-05-07,39400000,2:09,18300000
Jurassic World: Fallen Kingdom,No,,38800000,2:08,18200000
Made in Korea,Yes,2026-03-12,34200000,1:53,18200000
Shark Tale,No,,27300000,1:30,18200000
27 Dresses,No,,33400000,1:51,18100000
PAW Patrol: The Mighty Movie,No,,26600000,1:28,18100000
Max (2015),No,,33200000,1:51,17900000
The Expendables 4,No,,30700000,1:43,17900000
Louis Theroux: Inside the Manosphere,Yes,2026-03-11,27200000,1:31,17900000
Jumanji: Welcome to the Jungle,No,,34900000,1:59,17600000
Just Go With It,No,,33700000,1:57,17300000
Minions,No,,26300000,1:31,17300000
Dr. Seuss' The Lorax,No,,24700000,1:26,17200000
Back in Action,Yes,2025-01-17,32400000,1:54,17100000
The Big Fake // Il Falsario,Yes,2026-01-23,32800000,1:56,17000000
A HOUSE OF DYNAMITE,Yes,2025-10-24,32500000,1:55,17000000
Night at the Museum,No,,30900000,1:49,17000000
Leo,Yes,2023-11-21,30300000,1:47,17000000
Home (2015),No,,26600000,1:34,17000000
State of Fear // Salve Geral: Irmandade,Yes,2026-02-11,29100000,1:45,16600000
Feel My Voice // Non abbiam bisogno di parole,Yes,2026-04-03,29200000,1:46,16500000
Striking Distance,No,,27800000,1:42,16400000
The Addams Family (2019),No,,23300000,1:27,16100000
How to Train Your Dragon (2025),No,,33300000,2:05,16000000
The Sea Beast,Yes,2022-07-08,31500000,1:59,15900000
How to Train Your Dragon 2,No,,27000000,1:42,15900000
Mardaani 3 // मर्दानी 3,Yes,,34400000,2:11,15800000
How to Train Your Dragon: The Hidden World,No,,27200000,1:44,15700000
Plankton: The Movie,Yes,2025-03-07,23100000,1:28,15700000
Havoc,Yes,2025-04-25,27900000,1:47,15600000
Over the Hedge,No,,21500000,1:24,15400000
Haq // हक,No,,33700000,2:12,15300000
The Bad Guys 2,No,,26500000,1:44,15300000
The Karate Kid (2010),No,,35500000,2:20,15200000
The Red Line // เส้นตาย สายลวง,Yes,2026-03-26,34700000,2:17,15200000
The Magnificent Seven (2016),No,,33600000,2:13,15200000
Grown Ups (2010),No,,25900000,1:43,15100000
Untold: The Death & Life of Lamar Odom,Yes,2026-03-31,19700000,1:21,14600000
Hotel Transylvania 2,No,,21700000,1:30,14500000
Ferdinand,No,,26400000,1:50,14400000
Abigail (2024),No,,26300000,1:50,14300000
How to Train Your Dragon (2010),No,,23800000,1:40,14300000
Kung Fu Panda 3,No,2016-08-18,22600000,1:35,14300000
Kung Fu Panda,No,,22200000,1:34,14200000
Tere Ishk Mein // तेरे इश्क में,Yes,,38500000,2:45,14000000
The Murder of Rachel Nickell,Yes,2026-06-04,22200000,1:36,13900000
The Bad Guys (2022),No,,23000000,1:40,13800000
In the Land of Saints and Sinners,No,2024-04-26,24200000,1:46,13700000
The Woman in Cabin 10,Yes,2025-10-10,21700000,1:35,13700000
The Addams Family 2,No,,21500000,1:34,13700000
The Mitchells vs. The Machines,Yes,2021-04-30,25700000,1:54,13500000
Overboard (2018),No,,25500000,1:53,13500000
Kung Fu Panda 4,No,,21200000,1:34,13500000
Noah (2014),No,,30700000,2:17,13400000
Woody Woodpecker Goes to Camp,Yes,2024-04-12,22300000,1:40,13400000
Saving Bikini Bottom: The Sandy Cheeks Movie,Yes,2024-08-02,19300000,1:27,13300000
To All the Boys I’ve Loved Before,Yes,2018-08-17,22000000,1:40,13200000
Fifty Shades of Grey,No,,27200000,2:05,13100000
Trap House (2025),No,,22300000,1:42,13100000
Nobody 2,No,,19500000,1:29,13100000
Extraction 2,Yes,2023-06-16,26900000,2:04,13000000
Norbit,No,,22200000,1:43,12900000
It Ends With Us,No,,28000000,2:11,12800000
40 Acres,No,,24100000,1:53,12800000
Sweet Home Alabama (2002),No,,23300000,1:49,12800000
Kung Fu Panda 2,No,,19900000,1:33,12800000
Sisu (2022),No,,19300000,1:31,12700000
The Emoji Movie,No,,18400000,1:27,12700000
Husbands in Action // 남편들,Yes,2026-06-19,22900000,1:49,12600000
Madea’s Destination Wedding,Yes,2025-07-11,21900000,1:44,12600000
No Hard Feelings (2023),No,,21800000,1:44,12600000
Shrek Forever After,No,,20000000,1:35,12600000
Sing: Thriller,Yes,2024-10-16,2500000,0:12,12500000
Twisters,No,,25100000,2:02,12300000
Stolen Baby: The Murder of Heidi Broussard,No,,17800000,1:27,12300000
Prometheus (2012),No,,25300000,2:04,12200000
Double Jeopardy (1999),No,,21500000,1:46,12200000
The Killer (2024),No,,25300000,2:05,12100000
The Perfect Neighbor,Yes,2025-10-17,20000000,1:39,12100000
The SpongeBob Movie: Sponge on the Run,No,2020-11-05,19100000,1:35,12100000
The Secret Life of Pets 2,No,,17300000,1:26,12100000
Minions & More Volume 2,Yes,,10700000,0:53,12100000
KARTAVYA // कर्तव्य,Yes,2026-05-15,21800000,1:49,12000000
Spectre (2015),No,,29300000,2:28,11900000
Creed III,No,,23300000,1:57,11900000
David (2025),No,,21700000,1:49,11900000
De De Pyaar De 2 // दे दे प्यार दे 2,No,,28700000,2:26,11800000
Spenser Confidential,Yes,2020-03-06,21900000,1:51,11800000
Train Dreams,Yes,2025-11-21,20400000,1:44,11800000
One Last Adventure: The Making of Stranger Things 5,Yes,2026-01-12,23900000,2:03,11700000
Wish Dragon,Yes,2021-06-11,20000000,1:43,11700000
The Mother,Yes,2023-05-12,22700000,1:57,11600000
Hierarchy (2025),No,,19200000,1:40,11500000
Homefront (2013),No,,19100000,1:40,11500000
Minions & More Volume 1,Yes,,9400000,0:49,11500000
Bhooth Bangla,No,,31000000,2:43,11400000
Man on Fire (2004),No,,27800000,2:26,11400000
Freelance (2023),No,,20700000,1:49,11400000
Suitcase Killer: The Melanie McGuire Story,No,,16500000,1:27,11400000
Dr. Seuss' The Cat in the Hat,No,,15600000,1:22,11400000
Warcraft,No,,23100000,2:03,11300000
Damsel,Yes,2024-03-08,20700000,1:50,11300000
What Happens in Vegas,No,,18600000,1:39,11300000
Fall for Me,Yes,2025-08-21,19600000,1:45,11200000
Matilda (1996),No,,18100000,1:38,11100000
Spirit: Stallion of the Cimarron,No,,15500000,1:24,11100000
The Wild Robot,No,,18700000,1:42,11000000
Je m’appelle Agneta,Yes,2026-04-29,20700000,1:54,10900000
Pitch Perfect,No,,20300000,1:52,10900000
The Gray Man,Yes,2022-07-22,22900000,2:09,10700000
The Thursday Murder Club,Yes,2025-08-28,21300000,2:00,10700000
Fall (2022),No,,19000000,1:47,10700000
Trolls Band Together,No,,16400000,1:32,10700000
M3GAN 2.0,No,,21100000,2:00,10600000
Bad Boys: Ride or Die,No,,20500000,1:56,10600000
Clifford the Big Red Dog (2021),No,,17200000,1:37,10600000
The SpongeBob Movie: Sponge Out of Water,No,,16900000,1:36,10600000
The World Will Tremble,No,,19100000,1:49,10500000
The Old Guard 2,Yes,2025-07-02,18700000,1:47,10500000
The Adventures of Sharkboy and Lavagirl,No,,16200000,1:33,10500000
YES DAY,Yes,2021-03-12,15800000,1:30,10500000
Kraven the Hunter,No,,22100000,2:07,10400000
The Life List,Yes,2025-03-28,21500000,2:05,10300000
Fifty Shades Freed,No,,18000000,1:45,10300000
Fifty Shades Darker,No,,20000000,1:58,10200000
365 Days (2020),Yes,,19600000,1:55,10200000
Karate Kid: Legends,No,,16000000,1:34,10200000
Gaslit By My Husband: The Morgan Metzer Story,No,,15000000,1:28,10200000
The Wrong Paris,Yes,2025-09-12,18100000,1:47,10100000
Troll 2,Yes,2025-12-01,17600000,1:45,10100000
The Creator,No,,22300000,2:14,10000000
6 Underground,Yes,2019-12-13,21600000,2:09,10000000
Godzilla x Kong: The New Empire,No,,19100000,1:55,10000000
My Oxford Year,Yes,2025-08-01,18900000,1:53,10000000
Nuremberg (2025),No,,24500000,2:29,9900000
The Croods,No,,16200000,1:38,9900000
Jurassic World: Dominion,No,,24000000,2:27,9800000
Purple Hearts,Yes,2022-07-29,20500000,2:05,9800000
Enola Holmes,Yes,2020-09-23,20200000,2:04,9800000
IF (2024),No,,16900000,1:44,9800000
Cleaner (2007),No,,14600000,1:29,9800000
Street Flow 3 // Banlieusards 3,Yes,2026-03-04,18200000,1:52,9700000
Feel the Beat,Yes,2020-06-19,17700000,1:50,9700000
Speak No Evil (2024),No,,17700000,1:50,9700000
Caramelo,Yes,2025-10-08,16300000,1:41,9700000
A Perfect Getaway,No,,15700000,1:37,9700000
Maa Behen // मां बहन,Yes,2026-06-04,20400000,2:08,9600000
Black and Blue (2019),No,,17300000,1:48,9600000
The Garfield Movie,No,,16100000,1:41,9600000
Barnyard,No,,14400000,1:30,9600000
Triple Frontier,Yes,2019-03-13,19900000,2:06,9500000
96 Minutes // 96分鐘 // 96 分钟,Yes,,19000000,2:00,9500000
28 Years Later: The Bone Temple,No,,17300000,1:49,9500000
The Adam Project,Yes,2022-03-11,17000000,1:47,9500000
Champagne Problems,Yes,2025-11-19,15600000,1:39,9500000
Yoh! Bestie,Yes,2026-02-06,15200000,1:36,9500000
Twilight (2008),No,,19100000,2:02,9400000
Extraction,Yes,2020-04-24,18500000,1:58,9400000
Venom: The Last Dance,No,,17100000,1:49,9400000
The Kissing Booth,Yes,2018-05-11,16600000,1:46,9400000
Spy Kids: Armageddon,Yes,2023-09-22,15400000,1:38,9400000
Buen Camino,Yes,,14300000,1:31,9400000
Let Him Go,No,,17700000,1:54,9300000
The Lego Movie,No,,15600000,1:41,9300000
Going in Style (2017),No,,14900000,1:36,9300000
Madagascar 3: Europe's Most Wanted,No,,14800000,1:36,9300000
Toaster // टोस्टर,Yes,2026-04-15,19300000,2:06,9200000
Outside the Wire,Yes,2021-01-15,17700000,1:56,9200000
Pitch Perfect 2,No,,17600000,1:55,9200000
Street Kings,No,,16700000,1:49,9200000
Cloudy with a Chance of Meatballs (2009),No,,13800000,1:30,9200000
Counterattack // Contraataque,Yes,2025-02-28,13000000,1:25,9200000
The Union,Yes,2024-08-16,16500000,1:49,9100000
Vivo,Yes,2021-08-06,15200000,1:40,9100000
Jennifer's Body,No,,15500000,1:43,9000000
The Giant Falls // El último gigante,Yes,2026-04-01,15300000,1:42,9000000
The Angry Birds Movie,No,,14700000,1:38,9000000
Border 2 // बॉर्डर 2,Yes,,29900000,3:22,8900000
Kara (2026),No,,23500000,2:39,8900000
Murder Mystery,Yes,2019-06-14,14400000,1:38,8800000
K.O.,Yes,2025-06-06,12700000,1:27,8800000
A Royal Winter,No,,12300000,1:24,8800000
Casino Royale (2006),No,,21000000,2:25,8700000
Leave the World Behind,Yes,2023-12-08,20700000,2:22,8700000
Rebel Ridge,Yes,2024-09-06,19200000,2:12,8700000
Shooter (2007),No,,18200000,2:05,8700000
The Book of Life (2014),No,,14100000,1:37,8700000
Exterritorial,Yes,2025-04-30,15600000,1:49,8600000
Pixels (2015),No,,15200000,1:46,8600000
Skyfall,No,,20200000,2:23,8500000
The Electric State,Yes,2025-03-14,18100000,2:08,8500000
Roald Dahl's Matilda The Musical,No,2022-12-25,17300000,2:02,8500000
Me Time,Yes,2022-08-26,14800000,1:44,8500000
Rumble (2021),No,,13500000,1:35,8500000
The Little Things (2021),No,,17900000,2:08,8400000
No Good Deed (2014),No,,11700000,1:24,8400000
Enola Holmes 2,Yes,2022-11-04,18200000,2:11,8300000
Sicario: Day of the Soldado,No,,16800000,2:02,8300000
In Her Shoes,No,,18000000,2:11,8200000
Mowgli: Legend of the Jungle,No,2018-12-07,14300000,1:45,8200000
Flipped (2010),No,,12300000,1:30,8200000
Trust (2025),No,,12300000,1:30,8200000
SUZUKI=BAKUDAN // 爆弾,No,,18500000,2:17,8100000
Love Untangled // 고백의 역사,Yes,2025-08-29,16400000,2:01,8100000
Goodbye June,Yes,2025-12-24,15700000,1:56,8100000
The Proposal (2009),No,,14500000,1:47,8100000
Chicken Run: Dawn of the Nugget,Yes,2023-12-15,13800000,1:42,8100000
Turbo (2013),No,,12900000,1:36,8100000
Alvin and the Chipmunks: Chipwrecked,No,,11700000,1:27,8100000
Catch Me If You Can (2002),No,,19000000,2:22,8000000
Glass Onion: A Knives Out Mystery,Yes,2022-12-23,18900000,2:21,8000000
Shrek the Third,No,,12700000,1:35,8000000
Independence Day (1996),No,,19000000,2:25,7900000
Soul on Fire,No,,14800000,1:52,7900000
A Time For Bravery // La hora de los valientes,Yes,2025-12-19,14000000,1:47,7900000
To All the Boys: P.S. I Still Love You,Yes,2020-02-12,13500000,1:42,7900000
I Am Legend (2007),No,,13100000,1:40,7900000
American Gangster (2007),No,,20300000,2:37,7800000
The Fall Guy (2024),No,,16400000,2:06,7800000
Identity Thief,No,,14500000,1:51,7800000
Guess Who (2005),No,,13800000,1:46,7800000
Sisu: Road to Revenge,No,,11500000,1:29,7800000
Awake (2007),No,,10900000,1:24,7800000
Barbie Dolphin Magic,No,,8300000,1:04,7800000
"Miraculous World: Paris, Tales of Shadybug and Claw Noir",No,,6200000,0:48,7800000
Cosmic Princess Kaguya! // 超かぐや姫！,Yes,2026-01-22,18300000,2:22,7700000
Creed (2015),No,,17100000,2:14,7700000
Pavane // 파반느,Yes,2026-02-20,14600000,1:54,7700000
Knights of the Zodiac (2023),No,,14300000,1:52,7700000
Four Brothers,No,,13900000,1:49,7700000
Lift,Yes,2024-01-12,13700000,1:47,7700000
Extraction (2013),No,,13600000,1:46,7700000
The Twits,Yes,2025-10-17,13300000,1:43,7700000
53 Sundays // 53 domingos,Yes,2026-03-27,10200000,1:19,7700000
Dhurandhar The Revenge (Raw & Undekha) // धुरंधर द रिवेंज,No,,29500000,3:52,7600000
Don't Look Up,Yes,2021-12-24,18100000,2:23,7600000
Spider-Man: Far from Home,No,,16500000,2:10,7600000
A Widow's Game // La viuda negra,Yes,2025-05-30,15500000,2:02,7600000
Materialists,No,,14900000,1:57,7600000
My Name Is Vendetta // Il Mio Nome è Vendetta,Yes,2022-11-30,11600000,1:32,7600000
Trolls World Tour,No,,11600000,1:31,7600000
Madagascar: Escape 2 Africa,No,,11500000,1:31,7600000
Untold: The Shooting at Hawthorne Hill,Yes,2026-04-21,9400000,1:14,7600000
Inglourious Basterds,No,,19200000,2:33,7500000
I Know What You Did Last Summer (2025),No,,13800000,1:51,7500000
Spellbound,Yes,2024-11-22,13800000,1:50,7500000
A Madea Homecoming,Yes,2022-02-25,13300000,1:47,7500000
13 Going on 30,No,,12300000,1:38,7500000
Love at Last // Sonunda Sen,No,,11400000,1:31,7500000
Murder Mystery 2,Yes,2023-03-31,11300000,1:31,7500000
Fast Charlie,No,,11200000,1:30,7500000
The Hunt (2020),No,,11200000,1:30,7500000
Mission: Impossible - The Final Reckoning,No,,20900000,2:50,7400000
The Fifth Element,No,,15500000,2:06,7400000
Carry-On,Yes,2024-12-13,14700000,2:00,7400000
Mother's Day (2016),No,,14600000,1:58,7400000
Accepted (2006),No,,11500000,1:33,7400000
The Dark Knight (2008),No,,18500000,2:32,7300000
Ustaad Bhagat Singh,No,,18300000,2:31,7300000
Do Deewane Seher Mein // दो दीवाने सहर में,No,,16400000,2:15,7300000
"Crazy, Stupid, Love.",No,,14300000,1:58,7300000
My Dearest Señorita // Mi querida señorita,Yes,2026-05-01,14200000,1:56,7300000
Priscilla,No,,13800000,1:53,7300000
Lou,Yes,2022-09-23,13300000,1:49,7300000
Angel Eyes (2001),No,,12500000,1:43,7300000
Mike and Dave Need Wedding Dates,No,,12100000,1:39,7300000
Rio (2011),No,,11700000,1:36,7300000
Ruth & Boaz,Yes,2025-09-26,11300000,1:33,7300000
Mission: Impossible - Dead Reckoning,No,,19600000,2:44,7200000
Youth (2026),No,,16900000,2:20,7200000
Angel Has Fallen,No,,14600000,2:01,7200000
Sweet Girl,Yes,2021-08-20,13200000,1:50,7200000
Copshop,No,2022-01-14,12900000,1:48,7200000
Goosebumps (2015),No,,12500000,1:44,7200000
It Takes Two (1995),No,,12100000,1:41,7200000
Vacation (2015),No,,11900000,1:39,7200000
Under Paris // Sous la Seine,Yes,2024-06-05,12300000,1:44,7100000
Over the Moon,Yes,2020-10-23,11900000,1:41,7100000
"The Rise of the Red Hot Chili Peppers: Our Brother, Hillel",Yes,2026-03-20,11300000,1:35,7100000
Penguins of Madagascar: The Movie,No,,10900000,1:32,7100000
Sniper 2,No,,10700000,1:31,7100000
Dog Gone Trouble,No,2021-05-28,10400000,1:28,7100000
Extinct,No,2021-11-19,10000000,1:25,7100000
Heart of Stone,Yes,2023-08-11,14600000,2:05,7000000
Spider-Man (2002),No,,14200000,2:01,7000000
Jack Reacher: Never Go Back,No,,13700000,1:58,7000000
Letters to Juliet,No,,12300000,1:45,7000000
Quantum of Solace,No,,12300000,1:46,7000000
The Swedish Connection // Den svenska länken,Yes,2026-02-19,12100000,1:43,7000000
A Quiet Place: Day One,No,,11700000,1:40,7000000
Hercules (2014),No,,11500000,1:39,7000000
Pokémon: Mewtwo Strikes Back - Evolution // ミュウツーの逆襲 EVOLUTION,Yes,2020-02-27,11400000,1:38,7000000
Puss in Boots (2011),No,,10800000,1:33,7000000
The Singers,Yes,2026-02-13,2100000,0:18,7000000
Akhanda 2: Thaandavam,Yes,,18900000,2:44,6900000
Spider-Man: Across the Spider-Verse,No,,16100000,2:20,6900000
French Lover,Yes,2025-09-26,14100000,2:02,6900000
Hidden Strike,No,,11800000,1:43,6900000
Night at the Museum: Secret of the Tomb,No,,11200000,1:38,6900000
Uptown Girls,No,,10600000,1:32,6900000
The Carman Family Deaths,Yes,2025-11-19,10400000,1:31,6900000
The Maze Runner,No,,12800000,1:53,6800000
Paul (2011),No,,11800000,1:44,6800000
You Are So Not Invited to My Bat Mitzvah,Yes,2023-08-25,11800000,1:44,6800000
"Miraculous: Ladybug & Cat Noir, The Movie",No,2023-07-28,11500000,1:42,6800000
Thelma the Unicorn,Yes,2024-05-17,11100000,1:38,6800000
The Willoughbys,Yes,2020-04-22,10500000,1:33,6800000
Masha and the Bear: The Legend of the 12 Months,No,,2600000,0:23,6800000
Jurassic Park,No,,14100000,2:07,6700000
Lone Survivor,No,,13500000,2:01,6700000
Land of Bad,No,,12800000,1:54,6700000
Nonnas,Yes,2025-05-09,12800000,1:54,6700000
The Unforgivable,Yes,2021-12-10,12800000,1:54,6700000
Day Shift,Yes,2022-08-12,12600000,1:53,6700000
#SalveRosa,No,,10700000,1:36,6700000
Scooby-Doo,No,,9600000,1:26,6700000
Furiosa: A Mad Max Saga,No,,16400000,2:28,6600000
Big George Foreman: The Miraculous Story of the Once and Future Heavyweight Champion of the World,No,,14200000,2:09,6600000
The Passion of the Christ,No,,13400000,2:01,6600000
She Said Maybe,Yes,2025-09-19,11700000,1:47,6600000
Ghislaine Maxwell: Filthy Rich,Yes,2022-11-25,11100000,1:41,6600000
The Lord of the Rings: The Fellowship of the Ring,No,,19400000,2:58,6500000
Jay Kelly,Yes,2025-12-05,14600000,2:14,6500000
Creed II,No,,14000000,2:10,6500000
The Longest Yard (2005),No,,12400000,1:54,6500000
Mudborn // 泥娃娃,Yes,,12000000,1:51,6500000
Bad Influence // Mala influencia,Yes,2025-05-09,11600000,1:47,6500000
Beetlejuice Beetlejuice,No,,11300000,1:45,6500000
Death Whisperer 3 // ธี่หยด 3,Yes,,11300000,1:44,6500000
The Smurfs (2011),No,,11100000,1:43,6500000
Those Who Wish Me Dead,No,,10800000,1:40,6500000
Skin Trade,No,,10400000,1:36,6500000
The Guilty,Yes,2021-10-01,9900000,1:31,6500000
"Husband, Father, Killer: The Alyssa Pladl Story",No,,9600000,1:28,6500000
Ford v. Ferrari,No,,16400000,2:33,6400000
Army of the Dead,Yes,2021-05-21,15900000,2:28,6400000
The School for Good and Evil,Yes,2022-10-19,15900000,2:29,6400000
The Harder They Fall,Yes,2021-11-03,14800000,2:19,6400000
A Letter To My Youth // Surat Untuk Masa Mudaku,Yes,2026-01-29,14400000,2:16,6400000
28 Years Later,No,,12300000,1:55,6400000
The Twilight Saga: Breaking Dawn: Part 2,No,,12200000,1:55,6400000
Maze Runner: The Scorch Trials,No,,13900000,2:12,6300000
Ekō from the Infinite Chronicles of Kurichan // Eko,No,,13200000,2:05,6300000
Sonic the Hedgehog 2,No,,13100000,2:04,6300000
Hustle,Yes,2022-06-08,12300000,1:58,6300000
Your Place or Mine,Yes,2023-02-10,11600000,1:51,6300000
Central Intelligence,No,,11400000,1:48,6300000
Wrath of the Titans,No,,10400000,1:39,6300000
BTS: THE RETURN // BTS: 더 리턴,Yes,2026-03-27,9900000,1:34,6300000
Beast (English) (2022),No,,9700000,1:33,6300000
Scary Movie (2000),No,,9300000,1:28,6300000
Fury (2014),No,,13800000,2:14,6200000
Spirited Away // 千と千尋の神隠し,No,,12900000,2:05,6200000
Pretty Woman (1990),No,,12300000,1:59,6200000
The Contractor (2007),No,,10200000,1:39,6200000
The Monkey King,Yes,2023-08-18,10100000,1:37,6200000
Failure to Launch,No,,10000000,1:37,6200000
Terry McMillan Presents: Forever,No,,9100000,1:28,6200000
The Interpreter (2005),No,,13000000,2:08,6100000
Jumanji: The Next Level,No,,12500000,2:03,6100000
Wrath of Man,No,,12000000,1:59,6100000
Ordinary Angels,No,,11900000,1:58,6100000
Passengers (2016),No,,11800000,1:56,6100000
Ron's Gone Wrong,No,,10900000,1:47,6100000
Jujutsu Kaisen 0: The Movie // 劇場版 呪術廻戦 0,No,,10700000,1:45,6100000
Brick,Yes,2025-07-10,10300000,1:41,6100000
Interceptor,Yes,2022-06-03,10100000,1:39,6100000
Rush Hour (1998),No,,9900000,1:38,6100000
Mango,Yes,2025-11-07,9800000,1:36,6100000
Lucy (2014),No,,9100000,1:29,6100000
American Murder: The Family Next Door,Yes,2020-09-30,8500000,1:24,6100000
Pinkfong & Baby Shark's Space Adventure // 핑크퐁 시네마 콘서트: 우주대탐험,Yes,,6600000,1:05,6100000
With Love (2026),No,,14100000,2:21,6000000
Bohemian Rhapsody,No,,13400000,2:15,6000000
Focus (2015),No,,10500000,1:45,6000000
Night at the Museum: Battle of the Smithsonian,No,,10500000,1:45,6000000
The Black Phone,No,,10300000,1:43,6000000
Queen of Chess,Yes,2026-02-06,9500000,1:35,6000000
Dodgeball: A True Underdog Story,No,,9200000,1:32,6000000
Escape Plan 2: Hades,No,,9200000,1:32,6000000
Dog Man (2024),No,,8900000,1:29,6000000
A Time to Kill (1996),No,,14700000,2:30,5900000
All Quiet on the Western Front // Im Westen nichts Neues,Yes,2022-10-28,14600000,2:29,5900000
Joker: Folie à Deux,No,,13500000,2:18,5900000
The Kissing Booth 2,Yes,2020-07-24,13100000,2:13,5900000
Colors of Evil: Red // Kolory zła: Czerwień,Yes,2024-05-29,11000000,1:52,5900000
Deepwater Horizon,No,,10500000,1:47,5900000
Rio 2,No,,10100000,1:42,5900000
Journey 2: The Mysterious Island,No,,9300000,1:34,5900000
Alvin and the Chipmunks: The Road Chip,No,,9000000,1:32,5900000
My Favorite Wedding,No,,8700000,1:28,5900000
Finders Keepers (2014),No,,8600000,1:28,5900000
A Gorilla Story: Told by David Attenborough,Yes,2026-04-17,7700000,1:18,5900000
The Irishman,Yes,2019-11-27,20200000,3:29,5800000
The Revenant (2015),No,,15100000,2:36,5800000
13 Hours: The Secret Soldiers of Benghazi,No,,13900000,2:24,5800000
Green Book,No,,12500000,2:10,5800000
Blood Red Sky,Yes,2021-07-23,11900000,2:03,5800000
The Killer,Yes,2023-11-10,11500000,2:00,5800000
STRAW,Yes,2025-06-06,10400000,1:48,5800000
The Last Song (2010),No,,9900000,1:43,5800000
Bride of the Year // Bruid van die Jaar,Yes,2026-05-15,9700000,1:40,5800000
Zombieland: Double Tap,No,,9500000,1:39,5800000
Priest (2011),No,,8500000,1:28,5800000
Maze Runner: Death Cure,No,,13700000,2:25,5700000
Vadh 2 // वध 2,Yes,,12200000,2:09,5700000
The Old Guard,Yes,2020-07-10,12000000,2:06,5700000
Wonder,No,,10700000,1:53,5700000
Secret Magic Control Agency,No,2021-03-25,10000000,1:45,5700000
A Deadly American Marriage,Yes,2025-05-09,9700000,1:43,5700000
Stratton,No,,9100000,1:35,5700000
Intrusion,Yes,2021-09-22,9000000,1:34,5700000
Scooby-Doo 2: Monsters Unleashed,No,,8800000,1:32,5700000
Chickenhare and the Hamster of Darkness,No,2022-06-10,8700000,1:32,5700000
The Trip 8 // El paseo 8,No,,8700000,1:31,5700000
A Line of Fire,No,,8500000,1:30,5700000
Against the Wild: The Journey Home,No,,8500000,1:30,5700000
From the Ashes: The Pit // جرس إنذار: الحفرة,Yes,2026-01-22,8500000,1:29,5700000
The Wrong Missy,Yes,2020-05-13,8500000,1:30,5700000
The Bad Guardian,No,,8200000,1:27,5700000
Untold: Chess Mates,Yes,2026-04-07,7200000,1:16,5700000
The Secret Agent // O Agente Secreto,No,,15000000,2:41,5600000
Blast (2026),No,,13300000,2:22,5600000
The Twilight Saga: New Moon,No,,12300000,2:11,5600000
Polar,No,2019-01-25,11200000,1:59,5600000
To All The Boys: Always And Forever,Yes,2021-02-12,10800000,1:56,5600000
Through My Window // A través de mi ventana,Yes,2022-02-04,10700000,1:54,5600000
How It Ends,Yes,2018-07-13,10600000,1:53,5600000
Legally Blonde,No,,8900000,1:36,5600000
The Visit (2015),No,,8800000,1:34,5600000
65,No,,8700000,1:33,5600000
Jungle Beat: The Movie,No,2021-05-14,8400000,1:30,5600000
Texas Chainsaw Massacre,Yes,2022-02-18,7700000,1:23,5600000
Blippi's Big Dino Adventure,Yes,,6200000,1:07,5600000
The Northman,No,,12500000,2:17,5500000
Army of Thieves,Yes,2021-10-29,12000000,2:10,5500000
Luther: The Fallen Sun,Yes,2023-03-10,11900000,2:11,5500000
A Man Called Otto,No,,11600000,2:06,5500000
Bird Box,Yes,2018-12-21,11400000,2:04,5500000
Fatherhood,Yes,2021-06-18,10200000,1:51,5500000
Transformers One,No,,9500000,1:44,5500000
Night Swim,No,,9000000,1:38,5500000
One of Them Days,No,,8900000,1:37,5500000
Pets United,No,2020-09-11,8600000,1:33,5500000
Don't Move,No,2024-10-25,8500000,1:32,5500000
Secret Mall Apartment,No,,8500000,1:32,5500000
Tarot (2024),No,,8400000,1:32,5500000
Alvin and the Chipmunks: The Squeakquel,No,,8100000,1:29,5500000
Storks,No,,8000000,1:27,5500000
Smile 2,No,,11500000,2:08,5400000
I Swear,No,,10900000,2:01,5400000
Same Kind of Different as Me,No,,10800000,2:00,5400000
Safe Haven,No,,10400000,1:56,5400000
Space Jam: A New Legacy,No,,10400000,1:55,5400000
Gone Baby Gone,No,,10200000,1:54,5400000
The Man from Toronto,Yes,2022-06-24,10100000,1:52,5400000
Five Nights at Freddy's,No,,9900000,1:49,5400000
Caught Stealing,No,,9600000,1:47,5400000
Loving Adults // Kærlighed for voksne,Yes,2022-08-26,9600000,1:46,5400000
The Watchers,No,,9200000,1:42,5400000
Until Dawn (2025),No,,9200000,1:43,5400000
Cradle 2 the Grave,No,,9100000,1:41,5400000
Cheaper by the Dozen (2003),No,,8900000,1:39,5400000
Mexico 86 // México 86,Yes,2026-06-05,8900000,1:38,5400000
Hollow Man 2,No,,8200000,1:31,5400000
The Last Voyage of the Demeter,No,,10600000,1:59,5300000
War Dogs (2016),No,,10000000,1:54,5300000
I Feel Pretty,No,2018-07-20,9800000,1:50,5300000
Rango (2011),No,,9700000,1:50,5300000
100 Meters // ひゃくえむ。,Yes,,9500000,1:47,5300000
The Hangover,No,,8900000,1:40,5300000
Gabby's Dollhouse: The Movie,No,,8700000,1:38,5300000
Sniper: The Last Stand,No,,8700000,1:39,5300000
It Takes a Village // Podlasie,Yes,2026-04-01,8500000,1:37,5300000
Hot Pursuit (2015),No,,7800000,1:28,5300000
My Neighbor Totoro // となりのトトロ,No,,7700000,1:27,5300000
Stuart Little 2,No,,6900000,1:18,5300000
Reign Over Me,No,,10900000,2:05,5200000
How to Be Single,No,,9600000,1:50,5200000
Along for the Ride,Yes,2022-05-06,9300000,1:48,5200000
Demon City // Demon City 鬼ゴロシ,Yes,2025-02-27,9300000,1:48,5200000
Trigger Warning,Yes,2024-06-21,9300000,1:47,5200000
The Wages of Fear // Le salaire de la peur,Yes,2024-03-29,9100000,1:46,5200000
The Ugly Truth,No,,8300000,1:36,5200000
He's All That,Yes,2021-08-27,7900000,1:32,5200000
The Weekend Away,Yes,2022-03-03,7900000,1:31,5200000
Faith in the Flames: The Nichole Jolly Story,No,,7600000,1:27,5200000
Latte and the Magic Waterstone,No,2020-07-31,7200000,1:23,5200000
Tu Yaa Main // तू या मैं,Yes,,12000000,2:22,5100000
Jack Reacher,No,,11000000,2:10,5100000
AKA,Yes,2023-04-28,10600000,2:04,5100000
The Twilight Saga: Eclipse,No,,10600000,2:04,5100000
Atlas,Yes,2024-05-24,10200000,2:00,5100000
Howl’s Moving Castle // ハウルの動く城,No,,10200000,2:00,5100000
Persuasion,Yes,2022-07-15,9400000,1:50,5100000
The Equalizer 3,No,,9300000,1:49,5100000
Anyone But You,No,,8900000,1:44,5100000
Ticket to Paradise (2022),No,,8800000,1:44,5100000
"Marty, Life Is Short",Yes,2026-05-12,8600000,1:41,5100000
Ad Vitam,Yes,2025-01-10,8300000,1:38,5100000
And So It Goes,No,,8000000,1:34,5100000
Cheaper by the Dozen 2,No,,8000000,1:34,5100000
Paul Blart: Mall Cop 2,No,,8000000,1:34,5100000
Ace Ventura: Pet Detective (1994),No,,7300000,1:26,5100000
30 Minutes or Less,No,,7000000,1:23,5100000
Mrs. Doubtfire,No,,10400000,2:05,5000000
Mr. & Mrs. Smith (2005),No,,10000000,2:00,5000000
Things Heard & Seen,Yes,2021-04-29,10000000,2:01,5000000
Ghostbusters: Answer the Call,No,,9800000,1:57,5000000
The Boy Who Harnessed the Wind,No,2019-03-01,9500000,1:54,5000000
Mamma Mia! (2008),No,,9100000,1:49,5000000
The Call of the Wild (2020),No,,8500000,1:41,5000000
The Out-Laws,Yes,2023-07-07,8100000,1:37,5000000
Becky (2020),No,,7800000,1:34,5000000
Daddy Day Care,No,,7700000,1:33,5000000
Incoming,Yes,2024-08-23,7600000,1:31,5000000
My Little Pony: A New Generation,Yes,2021-09-24,7600000,1:31,5000000
Prey,Yes,2021-09-10,7300000,1:27,5000000
Zombieland,No,,7300000,1:28,5000000
Hoax: The Kidnapping of Sherri Papini,No,,6500000,1:18,5000000
Sleepers (1996),No,,12000000,2:27,4900000
Reptile,Yes,2023-09-29,11200000,2:16,4900000
The Twilight Saga: Breaking Dawn: Part 1,No,,9600000,1:57,4900000
Last Bullet // Balle perdue 3,Yes,2025-05-07,9300000,1:53,4900000
365 Days: This Day,Yes,2022-04-27,9200000,1:52,4900000
iHostage,Yes,2025-04-18,8300000,1:42,4900000
That Christmas,Yes,2024-12-04,7800000,1:36,4900000
Alvin and the Chipmunks,No,,7500000,1:31,4900000
Sniper 3,No,,7500000,1:31,4900000
The Perfect Date,Yes,2019-04-12,7500000,1:31,4900000
Rush Hour 2,No,,7400000,1:30,4900000
Bebefinn Sing-Along Movie: Into the Pinkfong World,No,,5300000,1:05,4900000
Knocked Up,No,,10400000,2:09,4800000
Vertical Limit,No,,10000000,2:04,4800000
Edge of Tomorrow,No,,9100000,1:53,4800000
Togo (2019),No,,9100000,1:53,4800000
The Inevitable Defeat of Mister & Pete,No,,8800000,1:49,4800000
Nowhere,Yes,2023-09-29,8700000,1:49,4800000
"Meet, Greet & Bye",Yes,,8600000,1:47,4800000
Set It Up,Yes,2018-06-15,8400000,1:46,4800000
Son-In-Law // El yerno,Yes,2026-05-01,8400000,1:44,4800000
A Perfect Pairing,Yes,2022-05-19,8300000,1:43,4800000
Mardaani 2 // मर्दानी 2,Yes,,8300000,1:43,4800000
La Dolce Villa,Yes,2025-02-13,8000000,1:39,4800000
Mama (2013),No,,8000000,1:40,4800000
Jurassic Park III,No,,7400000,1:32,4800000
Orion and the Dark,Yes,2024-02-02,7400000,1:33,4800000
The Bus: A French Football Mutiny // Le Bus : Les Bleus en grève,Yes,2026-05-13,6600000,1:22,4800000
Octonauts & the Ring of Fire,Yes,2021-03-30,5800000,1:13,4800000
The Curious Case of Benjamin Button,No,,13100000,2:46,4700000
Spider-Man 3,No,,11000000,2:19,4700000
Bicentennial Man,No,,10300000,2:11,4700000
Miss Peregrine's Home for Peculiar Children,No,,10000000,2:08,4700000
Something's Gotta Give,No,,10000000,2:08,4700000
Godzilla Minus One // ゴジラ-1.0,Yes,,9900000,2:06,4700000
Beverly Hills Cop: Axel F,Yes,2024-07-03,9200000,1:58,4700000
The Elixir // Abadi Nan Jaya,Yes,2025-10-23,9200000,1:58,4700000
The Do-Over,Yes,2016-05-27,8600000,1:49,4700000
Twins (1988),No,,8300000,1:47,4700000
The Pope's Exorcist,No,,8100000,1:44,4700000
"You, Always",Yes,,7300000,1:33,4700000
Untold UK: Jamie Vardy,Yes,2026-05-12,7200000,1:31,4700000
The Requin,No,,7100000,1:30,4700000
Transformers: The Last Knight,No,,12000000,2:36,4600000
Ben-Hur (2016),No,,9500000,2:03,4600000
Mrithyunjay​,Yes,,9200000,2:00,4600000
You People,Yes,2023-01-27,9100000,1:59,4600000
Kang Solah From Kang Mak x Nenek Gayung,Yes,,8800000,1:56,4600000
The Kissing Booth 3,Yes,2021-08-11,8800000,1:54,4600000
Mortal Kombat (2021),No,,8500000,1:50,4600000
Spectral,Yes,2016-12-09,8300000,1:48,4600000
The Silence,No,2019-04-10,7000000,1:31,4600000
Robots (2005),No,,6900000,1:30,4600000
Dragon Ball Z: Battle of Gods // ドラゴンボールZ 神と神,No,,6500000,1:25,4600000
Anaganaga Oka Raju,Yes,,11000000,2:26,4500000
The Shadow Strays,Yes,2024-10-17,10900000,2:25,4500000
Percy Jackson & the Olympians: The Lightning Thief,No,,8900000,1:59,4500000
Luckiest Girl Alive,Yes,2022-10-07,8600000,1:55,4500000
The Change-Up,No,,8500000,1:53,4500000
Love and Monsters,No,2021-04-14,8300000,1:50,4500000
Top Gun,No,,8300000,1:50,4500000
Love and Wine,Yes,2025-12-05,8200000,1:50,4500000
Life of the Party (2018),No,,7800000,1:45,4500000
Home Team,Yes,2022-01-28,7500000,1:39,4500000
Murder in Monaco,Yes,2025-12-17,6800000,1:30,4500000
The Hobbit: An Unexpected Journey,No,,12500000,2:50,4400000
The King,Yes,2019-11-01,10300000,2:21,4400000
Rurouni Kenshin: The Beginning // るろうに剣心 最終章 The Beginning,Yes,2021-07-30,10100000,2:18,4400000
18th Rose,Yes,2026-04-09,9700000,2:12,4400000
Fast Five,No,,9500000,2:10,4400000
The Lost World: Jurassic Park,No,,9400000,2:09,4400000
Ghostbusters: Frozen Empire,No,,8400000,1:55,4400000
Project Power,Yes,2020-08-14,8300000,1:53,4400000
Forgiveness Girl,No,,8200000,1:51,4400000
Look Both Ways,Yes,2022-08-17,8200000,1:52,4400000
Click (2006),No,,8000000,1:48,4400000
How the Grinch Stole Christmas,No,,7700000,1:44,4400000
Tall Girl,Yes,2019-09-13,7600000,1:43,4400000
Troll,Yes,2022-12-01,7600000,1:44,4400000
Fractured,Yes,2019-10-11,7400000,1:40,4400000
The Boss (2016),No,,7200000,1:39,4400000
Flowers in the Attic,No,,6300000,1:25,4400000
Spider-Man: Homecoming,No,,9600000,2:14,4300000
Spider-Man 2,No,,9100000,2:08,4300000
I Came By,Yes,2022-08-31,8000000,1:51,4300000
Mary Mother of Jesus,No,2024-12-06,8000000,1:52,4300000
Rampage (2018),No,,7700000,1:47,4300000
Miracle: The Boys of '80,Yes,2026-01-30,7300000,1:41,4300000
Ponyo // 崖の上のポニョ,No,,7300000,1:42,4300000
The Grand Budapest Hotel,No,,7300000,1:41,4300000
Monster-in-Law,No,,7200000,1:41,4300000
Sonic the Hedgehog (2020),No,,7200000,1:41,4300000
Kinda Pregnant,Yes,2025-02-05,7100000,1:40,4300000
Mr. Deeds,No,,7000000,1:37,4300000
Diary of a Wimpy Kid (2010),No,,6700000,1:33,4300000
Kingdom: Ashin of the North // 킹덤: 아신전,Yes,2021-07-23,6700000,1:34,4300000
Rescued by Ruby,Yes,2022-03-17,6700000,1:34,4300000
The Hard Way (2019),Yes,,6700000,1:34,4300000
Mother of the Bride,Yes,2024-05-09,6500000,1:30,4300000
Rush Hour 3,No,,6500000,1:31,4300000
Jolly LLB 3 // जॉली एलएलबी 3,Yes,,10900000,2:36,4200000
Untouchables // Soyut Dışavurumcu Bir Dostluğun Anatomisi Veyahut Yan Yana,No,,10400000,2:28,4200000
Only the Brave (2017),No,,9300000,2:14,4200000
The Highwaymen,Yes,2019-03-29,9200000,2:12,4200000
The Good Nurse,Yes,2022-10-26,8600000,2:03,4200000
The Ridiculous 6,Yes,2015-12-11,8300000,2:00,4200000
Blended (2014),No,,8200000,1:57,4200000
Mantis // 사마귀,Yes,2025-09-26,8000000,1:53,4200000
Mardaani // मर्दानी,Yes,,7900000,1:53,4200000
Officer Black Belt // 무도실무관,Yes,2024-09-13,7600000,1:49,4200000
The Beekeeper (2023),No,,7300000,1:45,4200000
Aileen: Queen of the Serial Killers,Yes,2025-10-30,7200000,1:44,4200000
My Girl (1991),No,,7100000,1:42,4200000
Amish Stud: The Eli Weaver Story,No,,6000000,1:26,4200000
Open Season (2006),No,,6000000,1:26,4200000
Barbie Mermaid Power,No,,4600000,1:06,4200000
Scarface,No,,11500000,2:50,4100000
Pulp Fiction,No,,10500000,2:34,4100000
The Amazing Spider-Man (2012),No,,9300000,2:16,4100000
Mortal Engines,No,,8700000,2:08,4100000
Squad 36 // Bastion 36,Yes,2025-02-28,8500000,2:05,4100000
Gemini Man (2019),No,,7900000,1:57,4100000
Hollow Man,No,,7700000,1:53,4100000
Senior Year,Yes,2022-05-13,7700000,1:54,4100000
The Next 365 Days,Yes,2022-08-19,7700000,1:54,4100000
Welcome Home Roscoe Jenkins,No,,7700000,1:54,4100000
Badland Hunters // 황야,Yes,2024-01-26,7500000,1:49,4100000
Radio (2003),No,,7500000,1:50,4100000
The Bricklayer (2023),No,,7500000,1:50,4100000
Made of Honor,No,,6900000,1:42,4100000
The Sandlot,No,,6900000,1:41,4100000
Legion (2010),No,,6800000,1:40,4100000
"My Father, the BTK Killer",Yes,2025-10-10,6500000,1:34,4100000
Colors of Love,No,,6100000,1:29,4100000
Domestic Disturbance,No,,6100000,1:29,4100000
Harold and the Purple Crayon (2024),No,,6100000,1:30,4100000
Den of Thieves 2: Pantera,No,,9700000,2:24,4000000
Transformers (2007),No,,9500000,2:24,4000000
Batman Begins,No,,9400000,2:20,4000000
Single Salma // सिंगल सलमा,Yes,,9200000,2:19,4000000
Bullet Train Explosion // 新幹線大爆破,Yes,2025-04-23,9100000,2:17,4000000
The Equalizer (2014),No,,8700000,2:12,4000000
Riddick,No,,8000000,1:59,4000000
Ultraman: Rising,Yes,2024-06-14,8000000,2:01,4000000
Hitch,No,,7800000,1:58,4000000
Black Phone 2,No,,7600000,1:54,4000000
Colombiana,No,,7400000,1:52,4000000
The Magic of Belle Isle,No,,7300000,1:49,4000000
The Fast and the Furious,No,,7100000,1:46,4000000
The Marksman (2021),No,,7100000,1:47,4000000
Nimona,Yes,2023-06-30,6900000,1:43,4000000
John Wick,No,,6700000,1:41,4000000
Sextuplets,Yes,2019-08-16,6700000,1:40,4000000
The Tuxedo (2002),No,,6600000,1:40,4000000
Restless // Sans répit,Yes,2022-02-25,6400000,1:37,4000000
Disaster Holiday,Yes,2024-12-13,6200000,1:33,4000000
The Loud House Movie,Yes,2021-08-20,5900000,1:28,4000000
The Royal We,No,,5800000,1:26,4000000
Clika,No,,5600000,1:23,4000000
Casino (1995),No,,11600000,2:58,3900000
Society of the Snow // La sociedad de la nieve,Yes,2024-01-04,9500000,2:26,3900000
Fight Club (1999),No,,9100000,2:19,3900000
This is I,Yes,2026-02-10,8500000,2:11,3900000
Pride & Prejudice,No,,8200000,2:07,3900000
The Black Book,Yes,2023-09-22,8000000,2:04,3900000
John Wick: Chapter 2,No,,7900000,2:02,3900000
Annie (2014),No,,7800000,1:59,3900000
Bright,Yes,2017-12-22,7700000,1:58,3900000
You Don't Mess with the Zohan,No,,7400000,1:53,3900000
The Exorcist: Believer,No,,7200000,1:51,3900000
Girl in the Picture,Yes,2022-07-06,6700000,1:43,3900000
The Hangover: Part II,No,,6600000,1:42,3900000
50 First Dates,No,,6500000,1:39,3900000
Rim of the World,Yes,2019-05-24,6400000,1:39,3900000
Sniper: Legacy,No,,6400000,1:38,3900000
Heart Eyes,No,,6300000,1:37,3900000
Irish Wish,Yes,2024-03-15,6100000,1:34,3900000
The Marksman (2005),No,,6100000,1:35,3900000
The Roommate (2011),No,,5900000,1:31,3900000
Wind Chill,No,,5900000,1:31,3900000
Captain Underpants: The First Epic Movie,No,,5800000,1:29,3900000
Horsemen,No,,5800000,1:30,3900000
Men in Black II,No,,5700000,1:28,3900000
Emi Martínez: The Kid Who Stops Time // Dibu Martínez: el pibe que ataja el tiempo,Yes,2026-05-28,5100000,1:19,3900000
The Wolf of Wall Street,No,,11500000,3:00,3800000
12 Years a Slave,No,,8400000,2:14,3800000
The Six Triple Eight,Yes,2024-12-20,8200000,2:10,3800000
Murder by Numbers (2002),No,,7600000,2:00,3800000
Sicario (2015),No,,7600000,2:01,3800000
You've Got Mail,No,,7600000,1:59,3800000
City of Dreams (2023),No,,7300000,1:54,3800000
San Andreas,No,,7300000,1:54,3800000
No Manches Frida,No,,7200000,1:54,3800000
2 Fast 2 Furious,No,,6800000,1:48,3800000
I Am All Girls,Yes,2021-05-14,6700000,1:47,3800000
Kate,Yes,2021-09-10,6700000,1:46,3800000
The Glass House (2001),No,,6700000,1:46,3800000
The Greatest Showman,No,,6600000,1:45,3800000
The Art of War II: Betrayal,No,,6500000,1:43,3800000
The Fast and the Furious: Tokyo Drift,No,,6500000,1:44,3800000
Heaven Is for Real,No,,6400000,1:40,3800000
Suspect Zero,No,,6400000,1:40,3800000
All About the Benjamins,No,,6200000,1:38,3800000
Falling Inn Love,Yes,2019-08-29,6200000,1:38,3800000
Alpha (2018),No,,6100000,1:37,3800000
Him (2025),No,,6100000,1:36,3800000
Money Talks (1997),No,,6000000,1:36,3800000
Bone Lake,No,,5900000,1:34,3800000
Love at First Sight,Yes,2023-09-15,5700000,1:31,3800000
Smurfs,No,,5700000,1:30,3800000
On aurait dû aller en Grèce,No,,5200000,1:22,3800000
Transformers: Age of Extinction,No,,10300000,2:47,3700000
Dangal // दंगल,Yes,,9900000,2:41,3700000
Furious 7,No,,8500000,2:17,3700000
Chennai Express // चेन्नई एक्सप्रेस,Yes,,8300000,2:15,3700000
Knives Out,No,,8100000,2:10,3700000
Nope,No,,8100000,2:11,3700000
The Brave One,No,,7500000,2:02,3700000
Don't Say a Word,No,,7100000,1:54,3700000
Relay,No,,7000000,1:52,3700000
Law Abiding Citizen,No,,6700000,1:49,3700000
Novocaine (2025),No,,6700000,1:50,3700000
Family Switch,Yes,2023-11-30,6600000,1:46,3700000
Ballad of a Small Player,Yes,2025-10-29,6400000,1:43,3700000
Catwoman (2004),No,,6400000,1:44,3700000
Jumanji,No,,6400000,1:44,3700000
The House with a Clock in Its Walls,No,,6400000,1:45,3700000
A Minecraft Movie,No,,6200000,1:41,3700000
The Mask (1994),No,,6200000,1:41,3700000
The Royal Treatment,Yes,2022-01-20,6100000,1:38,3700000
Hangman (2017),No,,6000000,1:38,3700000
Secret Obsession,Yes,2019-07-18,6000000,1:38,3700000
Work It,Yes,2020-08-07,5800000,1:34,3700000
Duck Duck Goose,No,2018-07-20,5700000,1:32,3700000
Nobody Dumps My Daughter,No,,5500000,1:28,3700000
Untold: Jail Blazers,Yes,2026-04-14,4400000,1:11,3700000
Forgotten Love // Znachor,Yes,2023-09-27,8400000,2:20,3600000
Ready Player One,No,,8300000,2:20,3600000
The Island (2005),No,,8100000,2:16,3600000
Raakaasa,Yes,,7900000,2:10,3600000
The Invisible Man (2020),No,,7500000,2:04,3600000
Valentine's Day (2010),No,,7500000,2:05,3600000
Aquaman and the Lost Kingdom,No,,7400000,2:04,3600000
Burlesque (2010),No,,7100000,1:59,3600000
Back to the Future (1985),No,,7000000,1:56,3600000
Enough (2002),No,,6900000,1:55,3600000
Meg 2: The Trench,No,,6900000,1:56,3600000
Catch and Release (2006),No,,6700000,1:52,3600000
Coco Before Chanel // Coco avant Chanel,No,,6600000,1:50,3600000
The Legend of Tarzan (2016),No,,6600000,1:50,3600000
The Best Mother in the World // A Melhor Mãe do Mundo,No,,6400000,1:46,3600000
Mindhunters (2004),No,,6300000,1:46,3600000
Rumor Has It... (2005),No,,5800000,1:37,3600000
Ballerina // 발레리나,Yes,2023-10-06,5700000,1:34,3600000
Blue Streak,No,,5700000,1:34,3600000
Just Like Heaven,No,,5700000,1:35,3600000
The Boy in the Striped Pajamas,No,,5700000,1:35,3600000
Ballerina (2016),No,,5400000,1:29,3600000
Fallen (2016),No,,5400000,1:31,3600000
Bigfoot Family,No,2021-02-26,5300000,1:28,3600000
S.W.A.T.: Firefight,No,,5300000,1:29,3600000
An Unexpected Valentine,No,,5100000,1:24,3600000
Kyojo Reunion // 映画「教場 Reunion」,No,,8700000,2:30,3500000
Transformers: Revenge of the Fallen,No,,8700000,2:31,3500000
The Hobbit: The Battle of the Five Armies,No,,8300000,2:24,3500000
Eat Pray Love,No,,8200000,2:20,3500000
Raat Akeli Hai - The Bansal Murders // रात अकेली है - द बंसल मर्डर्स,Yes,2025-12-19,8000000,2:17,3500000
The Core,No,,7900000,2:15,3500000
The Forgotten Battle // De Slag om de Schelde,Yes,2021-10-15,7500000,2:07,3500000
Guillermo del Toro’s Pinocchio,Yes,2022-12-09,7200000,2:02,3500000
Finding ‘Ohana,Yes,2021-01-29,7100000,2:03,3500000
Snake Eyes: G.I. Joe Origins,No,,7100000,2:02,3500000
Kong: Skull Island,No,,6900000,1:58,3500000
Black Crab // Svart krabba,Yes,2022-03-18,6800000,1:55,3500000
Chef (2014),No,,6800000,1:55,3500000
In the Shadow of the Moon,Yes,2019-09-27,6800000,1:56,3500000
The Deliverance,Yes,2024-08-30,6600000,1:53,3500000
Kill Bill: Vol. 1,No,,6400000,1:51,3500000
School of Rock (2003),No,,6400000,1:50,3500000
Heart of the Hunter,Yes,2024-03-29,6300000,1:47,3500000
Pokémon Detective Pikachu,No,,6200000,1:45,3500000
Animal Crackers,No,2020-07-24,6100000,1:46,3500000
The Tearsmith // Fabbricante di lacrime,Yes,2024-04-04,6100000,1:45,3500000
Diary of a Wimpy Kid: Rodrick Rules (2011),No,,5800000,1:40,3500000
Soulcatcher // Operacja: Soulcatcher,Yes,2023-08-02,5800000,1:40,3500000
#Alive // #살아있다,Yes,2020-09-08,5700000,1:38,3500000
A Quiet Place Part II,No,,5700000,1:38,3500000
Mean Girls (2004),No,,5600000,1:37,3500000
Hotel Transylvania (2012),No,,5400000,1:32,3500000
New York Minute,No,,5300000,1:31,3500000
Run,No,2021-04-02,5200000,1:30,3500000
The Peanuts Movie,No,,5100000,1:28,3500000
The Naked Gun,No,,4900000,1:25,3500000
Octonauts & the Caves of Sac Actun,Yes,2020-08-14,4200000,1:12,3500000
Barbie & Chelsea: The Lost Birthday,No,,3600000,1:02,3500000
L'amour ouf,No,,9100000,2:41,3400000
SAS: Rise of the Black Swan,No,2021-08-27,7100000,2:05,3400000
Instant Family,No,,6800000,1:59,3400000
The Midnight Sky,Yes,2020-12-23,6800000,1:59,3400000
Agak Laen: Menyala Pantiku!,No,,6700000,1:59,3400000
Baywatch (2017),No,,6700000,1:57,3400000
Saw X,No,,6700000,1:58,3400000
Rogue City // Bronx,No,2020-10-30,6600000,1:56,3400000
Wingwomen // Voleuses,Yes,2023-11-01,6600000,1:56,3400000
Madame Web,No,,6500000,1:56,3400000
Venom (2018),No,,6300000,1:52,3400000
Alas Roban,No,,6200000,1:51,3400000
Yiya Murano: Death at Tea Time // Yiya Murano: Muerte a la hora del té,Yes,2026-04-23,5900000,1:44,3400000
The Ugly // 얼굴,No,,5800000,1:43,3400000
Eleanor the Great,No,,5500000,1:38,3400000
Looney Tunes: Back in Action,No,,5200000,1:32,3400000
About My Father,No,,5100000,1:30,3400000
End of the Road,Yes,2022-09-09,5100000,1:31,3400000
Unfinished Business (2015),No,,5100000,1:31,3400000
Bang (2025),No,,5000000,1:28,3400000
10x10,No,,4900000,1:27,3400000
Downhill (2020),No,,4900000,1:27,3400000
No One Gets Out Alive,Yes,2021-09-29,4900000,1:27,3400000
The Wrath of Becky,No,,4700000,1:24,3400000
Wallace & Gromit: Vengeance Most Fowl,Yes,2025-01-03,4700000,1:22,3400000
Garfield: A Tail of Two Kitties,No,,4400000,1:18,3400000
Untold UK: Vinnie Jones,Yes,2026-05-26,4400000,1:17,3400000
Oppenheimer (2023),No,,9800000,3:00,3300000
The Hobbit: The Desolation of Smaug,No,,8800000,2:41,3300000
Raazi,Yes,,7500000,2:17,3300000
John Wick: Chapter 3 - Parabellum,No,,7300000,2:11,3300000
Fast & Furious 6,No,,7100000,2:10,3300000
Bad Boys for Life,No,,6900000,2:04,3300000
Roofman,No,,6900000,2:06,3300000
La vita va così,No,,6700000,2:01,3300000
I Care a Lot,No,2021-02-19,6400000,1:58,3300000
Wonka,No,,6400000,1:56,3300000
The Meg,No,,6300000,1:53,3300000
5lbs of Pressure,No,,6100000,1:50,3300000
Bleeding Steel,No,,6000000,1:49,3300000
Forever My Girl,No,,5900000,1:48,3300000
The Break-Up (2006),No,,5900000,1:47,3300000
The Expendables (2010),No,,5700000,1:43,3300000
Close,No,2019-01-18,5300000,1:35,3300000
Family Pack // Loups-Garous,Yes,2024-10-23,5300000,1:35,3300000
Locked In,Yes,2023-11-01,5300000,1:37,3300000
The Greatest Night in Pop,Yes,2024-01-29,5300000,1:37,3300000
Unknown Number: The High School Catfish,Yes,2025-08-29,5300000,1:35,3300000
Peter Rabbit (2018),No,,5200000,1:35,3300000
Abandoned Man // Metruk Adam,Yes,2025-08-22,5100000,1:32,3300000
The Plastic Detox,Yes,2026-03-16,5000000,1:32,3300000
Untold UK: Liverpool's Miracle of Istanbul,Yes,2026-05-19,4300000,1:18,3300000
"Miraculous World: New York, United Heroez",No,,3400000,1:01,3300000
Titanic (1997),No,,10300000,3:15,3200000
The Lord of the Rings: The Two Towers,No,,9400000,2:59,3200000
Heat (1995),No,,9200000,2:50,3200000
Dune: Part Two,No,,8800000,2:46,3200000
Idli Kadai,No,,7800000,2:25,3200000
Hacksaw Ridge,No,,7500000,2:19,3200000
No Other Choice // 어쩔수가없다,No,,7300000,2:19,3200000
Rebel Moon — Part One: A Child of Fire,Yes,2023-12-21,7200000,2:16,3200000
SHAM // でっちあげ 〜殺人教師と呼ばれた男,No,,6900000,2:10,3200000
Hellboy (2004),No,,6500000,2:02,3200000
Slumberland,Yes,2022-11-18,6500000,2:01,3200000
Bugonia,No,,6400000,1:59,3200000
Do Revenge,Yes,2022-09-16,6400000,2:01,3200000
Andai Ibu Tidak Menikah Dengan Ayah,No,,6300000,2:00,3200000
The Captive (2014),No,,6000000,1:52,3200000
Hanna (2011),No,,5900000,1:51,3200000
Dr. No,No,,5800000,1:50,3200000
Percy Jackson: Sea of Monsters,No,,5700000,1:46,3200000
Superintelligence,No,,5600000,1:46,3200000
Against The Ice,Yes,2022-03-02,5500000,1:44,3200000
Get Out (2017),No,,5500000,1:44,3200000
50/50 (2011),No,,5400000,1:40,3200000
The Hangover: Part III,No,,5400000,1:40,3200000
The Bucket List,No,,5200000,1:37,3200000
Awake,Yes,2021-06-09,5100000,1:37,3200000
Faithfully Yours,No,2023-05-17,5000000,1:35,3200000
Kidnap,No,2017-10-06,5000000,1:35,3200000
The Ritual,No,2018-02-09,5000000,1:35,3200000
Nacho Libre,No,,4900000,1:33,3200000
Toscana,Yes,2022-05-18,4900000,1:33,3200000
Scary Movie 2,No,,4400000,1:22,3200000
Garfield,No,,4300000,1:20,3200000
It Chapter Two,No,,8700000,2:50,3100000
Bharathanatyam 2 Mohiniyattam,Yes,,7300000,2:23,3100000
Robin Hood: Prince of Thieves (1991),No,,7300000,2:23,3100000
Die Another Day,No,,6900000,2:13,3100000
Bullet Train,No,,6500000,2:07,3100000
The Expendables 3,No,,6500000,2:06,3100000
The Equalizer 2,No,,6300000,2:01,3100000
The Forge,No,,6300000,2:03,3100000
Bad Boys (1995),No,,6200000,1:59,3100000
The In Between,No,2022-04-08,6100000,1:58,3100000
World War Z,No,,6100000,1:57,3100000
How to Lose a Guy in 10 Days,No,,6000000,1:56,3100000
The Ring (2002),No,,6000000,1:56,3100000
A Family Affair,Yes,2024-06-28,5800000,1:54,3100000
Green Lantern (2011),No,,5800000,1:54,3100000
Overboard (1987),No,,5800000,1:52,3100000
The Last Kingdom: Seven Kings Must Die,Yes,2023-04-14,5800000,1:54,3100000
The Last Mercenary // Le dernier mercenaire,Yes,2021-07-30,5800000,1:52,3100000
The Lost City (2022),No,,5800000,1:52,3100000
Night Always Comes,Yes,2025-08-15,5700000,1:50,3100000
Left-Handed Girl // 左撇子女孩,No,2025-11-28,5600000,1:49,3100000
Below Zero // Bajocero,Yes,2021-01-29,5500000,1:47,3100000
Death Wish (2018),No,,5500000,1:47,3100000
Fear Street Part 1: 1994,Yes,2021-07-02,5500000,1:47,3100000
Nobody Sleeps in the Woods Tonight // W lesie dziś nie zaśnie nikt,Yes,2020-03-20,5400000,1:43,3100000
Rookie of the Year,No,,5300000,1:44,3100000
Tall Girl 2,Yes,2022-02-11,5300000,1:42,3100000
2 Hearts,No,,5200000,1:41,3100000
American Psycho,No,,5200000,1:42,3100000
Seal Team,No,2021-12-31,5200000,1:41,3100000
Marmaduke,No,2022-05-06,4700000,1:30,3100000
The Enforcer (2022),No,,4700000,1:30,3100000
Una película de huevos,No,,4700000,1:30,3100000
The Dictator,No,,4300000,1:24,3100000
"Miraculous World: Shanghai, The Legend of LadyDragon",No,,2800000,0:54,3100000
The Captive // El cautivo,No,2026-01-23,6800000,2:14,3000000
Fast & Furious Presents: Hobbs & Shaw,No,,6700000,2:16,3000000
BAKA’s Identity // 愚か者の身分,Yes,,6500000,2:10,3000000
GoldenEye,No,,6400000,2:10,3000000
He's Just Not That Into You,No,,6400000,2:09,3000000
Lady Chatterley's Lover,Yes,2022-12-02,6300000,2:08,3000000
Hold the Dark,Yes,2018-09-28,6200000,2:06,3000000
How Do You Know,No,,6000000,2:01,3000000
Hit Man,No,2024-06-07,5800000,1:56,3000000
Labor Day (2013),No,,5600000,1:52,3000000
Pacific Rim: Uprising,No,,5600000,1:51,3000000
Beckett,Yes,2021-08-13,5500000,1:50,3000000
Insidious: The Red Door,No,,5400000,1:47,3000000
Happiness for Beginners,Yes,2023-07-27,5300000,1:46,3000000
Non-Stop (2014),No,,5300000,1:47,3000000
Pesugihan Sate Gagak,No,,5300000,1:45,3000000
Blacklight (2022),No,,5200000,1:45,3000000
Siberia (2018),No,,5200000,1:44,3000000
The Best You Can,No,,5100000,1:43,3000000
Sniper: Ghost Shooter,No,,5000000,1:39,3000000
Burning Betrayal // O Lado Bom de Ser Traída,Yes,2023-10-25,4900000,1:39,3000000
Chupa,Yes,2023-04-07,4900000,1:39,3000000
Honest Thief,No,,4900000,1:38,3000000
Extinction,Yes,2018-07-27,4800000,1:35,3000000
Risa and the Wind Phone // Risa y la cabina del viento,No,2026-06-03,4800000,1:37,3000000
30 Days of Night: Dark Days,No,,4700000,1:33,3000000
Joy Ride (2023),No,,4700000,1:35,3000000
The Hustle (2019),No,,4700000,1:34,3000000
Acts of Violence (2018),No,,4400000,1:27,3000000
What Jennifer Did,Yes,2024-04-10,4400000,1:27,3000000
Rabbids Invasion Special: Mission to Mars,No,2022-02-18,3500000,1:11,3000000
Inside Furioza // Druga Furioza,Yes,2025-10-15,8100000,2:47,2900000
Saving Private Ryan,No,,8100000,2:50,2900000
El infierno,No,,7200000,2:29,2900000
Saiyaara // सैयारा,No,,7200000,2:30,2900000
Fast X,No,,6700000,2:21,2900000
The Matrix,No,,6500000,2:16,2900000
Song Sung Blue (2025),No,,6400000,2:12,2900000
We Have a Ghost,Yes,2023-02-24,6100000,2:07,2900000
A Fall from Grace,Yes,2020-01-17,5900000,2:01,2900000
The Takedown // Loin du périph,Yes,2022-05-06,5900000,2:01,2900000
Sosok Ketiga: Lintrik,No,,5800000,1:59,2900000
Rocky (1976),No,,5700000,2:00,2900000
Strangers in the Park // Parque Lezama,Yes,2026-03-06,5700000,1:56,2900000
Train to Busan // 부산행,No,,5700000,1:58,2900000
Remember Me (2010),No,,5500000,1:52,2900000
Thalaivar Thambi Thalaimaiyil,No,,5500000,1:53,2900000
The Age of Adaline,No,,5500000,1:53,2900000
Through My Window 2: Across the Sea // A través de mi ventana 2: A través del mar,Yes,2023-06-23,5500000,1:52,2900000
Peter Pan (2003),No,,5400000,1:53,2900000
The Gentlemen (2020),No,,5400000,1:53,2900000
Un ours dans le Jura,No,,5400000,1:53,2900000
She Walks in Darkness // Un fantasma en la batalla,Yes,2025-10-17,5300000,1:49,2900000
Bob Marley: One Love,No,,5200000,1:47,2900000
Wind River (2017),No,,5200000,1:47,2900000
On Your Lap // Pangku,Yes,,5100000,1:44,2900000
Players,Yes,2024-02-14,5100000,1:45,2900000
Uglies,Yes,2024-09-13,4900000,1:42,2900000
Exit Wounds,No,,4800000,1:41,2900000
That's Amor,Yes,2022-08-25,4700000,1:36,2900000
Monster High 2,No,,4600000,1:34,2900000
Rebuilding,No,,4600000,1:36,2900000
Village of the Dead // Dusun Mayit,No,,4600000,1:35,2900000
Diary of a Wimpy Kid: Dog Days,No,,4500000,1:34,2900000
Sniper: Ultimate Kill,No,,4500000,1:33,2900000
Fatal Affair,Yes,2020-07-16,4300000,1:30,2900000
Barbie Princess Adventure,Yes,,3500000,1:12,2900000
Sesame Street: The Nutcracker,Yes,,1300000,0:27,2900000
The Lord of the Rings: The Return of the King,No,,9300000,3:21,2800000
Biker,Yes,,7300000,2:39,2800000
Transformers: Dark of the Moon,No,,7200000,2:35,2800000
Spider-Man: No Way Home,No,,6900000,2:28,2800000
Hunger // คนหิว เกมกระหาย,Yes,2023-04-08,6800000,2:26,2800000
The Amazing Spider-Man 2,No,,6600000,2:22,2800000
The Girlfriend (2025),Yes,,6400000,2:18,2800000
The Woman King,No,,6300000,2:15,2800000
Erin Brockovich,No,,6200000,2:11,2800000
The Iron Claw,No,,6100000,2:12,2800000
The Man in the Iron Mask (1998),No,,6100000,2:12,2800000
Gridiron Gang,No,,5900000,2:05,2800000
Fallen (1998),No,,5800000,2:04,2800000
20th Century Girl // 20세기 소녀,Yes,2022-10-21,5700000,2:01,2800000
Chappie,No,,5700000,2:01,2800000
Sore: A Wife From the Future // Sore: Istri dari Masa Depan,No,,5600000,1:59,2800000
Love in the Villa,Yes,2022-09-01,5400000,1:56,2800000
The Christmas Chronicles: Part Two,Yes,2020-11-25,5400000,1:55,2800000
The Rite (2011),No,,5400000,1:54,2800000
Love & Other Drugs,No,,5300000,1:53,2800000
21 Jump Street (2012),No,,5200000,1:50,2800000
Dumplin',No,2018-12-07,5100000,1:50,2800000
Sous écrous,No,,5100000,1:51,2800000
The Ice Road,No,2021-06-25,5100000,1:49,2800000
The Starling,Yes,2021-09-24,4900000,1:44,2800000
Through My Window 3: Looking at You // A través de mi ventana 3: A través de tu mirada,Yes,2024-02-23,4900000,1:45,2800000
Drillbit Taylor,No,,4800000,1:42,2800000
Mosul // الموصل,No,2020-11-26,4800000,1:43,2800000
Rocky Balboa,No,,4800000,1:42,2800000
Lesson Plan // Plan lekcji,Yes,2022-11-23,4600000,1:40,2800000
Dog Gone,Yes,2023-01-13,4500000,1:36,2800000
Don’t Listen,Yes,2020-11-27,4500000,1:38,2800000
Mother's Day // Dzień Matki,Yes,2023-05-24,4500000,1:35,2800000
Challenger (2024),No,,4400000,1:35,2800000
License to Wed,No,,4200000,1:31,2800000
Under the Boardwalk (2022),No,,4000000,1:27,2800000
Stuart Little,No,,3900000,1:25,2800000
Inside the Mind of a Cat,Yes,2022-08-18,3200000,1:08,2800000
They Call Him OG,No,,6700000,2:31,2700000
Sampradayani Suppini Sudhapoosani // Sampradayini Suppini Suddapoosani,Yes,,6500000,2:24,2700000
29,Yes,,6200000,2:19,2700000
Shutter Island,No,,6200000,2:19,2700000
The Holiday (2006),No,,6200000,2:16,2700000
The Ballad of Buster Scruggs,Yes,2018-11-16,5900000,2:13,2700000
Pain Hustlers,Yes,2023-10-27,5600000,2:05,2700000
Charlie and the Chocolate Factory,No,,5200000,1:55,2700000
Jack the Giant Slayer,No,,5200000,1:54,2700000
Justice // Napad,Yes,2024-10-16,5200000,1:55,2700000
Triple 9,No,,5200000,1:55,2700000
Last Holiday (2006),No,,5100000,1:52,2700000
Mamma Mia! Here We Go Again,No,,5100000,1:54,2700000
"Lyle, Lyle, Crocodile",No,,4900000,1:47,2700000
Cheaper by the Dozen (2022),No,,4800000,1:48,2700000
Hidden Enemy // Musuh Dalam Selimut,No,,4800000,1:48,2700000
300: Rise of an Empire,No,,4700000,1:43,2700000
Insidious: The Last Key,No,,4700000,1:43,2700000
My Best Friend's Wedding (1997),No,,4700000,1:45,2700000
Next Gen,Yes,2018-09-07,4700000,1:46,2700000
Old Dads,Yes,2023-10-20,4700000,1:44,2700000
The Abyss // Avgrunden,No,2024-02-16,4700000,1:43,2700000
The Children's Train // Il treno dei bambini,Yes,2024-12-04,4700000,1:46,2700000
Grown Ups 2,No,,4500000,1:41,2700000
Almost Cops // Bad Boa's,Yes,2025-07-11,4400000,1:37,2700000
Naked,Yes,2017-08-11,4400000,1:37,2700000
Viking Wolf // Vikingulven,Yes,2023-02-03,4400000,1:37,2700000
Ace Ventura: When Nature Calls,No,,4300000,1:34,2700000
"Legally Blonde 2: Red, White & Blonde",No,,4200000,1:35,2700000
Lost Girls,Yes,2020-03-13,4200000,1:35,2700000
Bad Teacher (2011),No,,4100000,1:32,2700000
My Secret Santa,Yes,2025-12-03,4100000,1:32,2700000
Rocky IV,No,,4100000,1:31,2700000
Goosebumps 2: Haunted Halloween,No,,4000000,1:30,2700000
Shutter (2025),Yes,,4000000,1:29,2700000
The Twister: Caught in the Storm,Yes,2025-03-19,4000000,1:29,2700000
The Babysitter,Yes,2017-10-13,3900000,1:26,2700000
The Takeover,Yes,2022-11-01,3900000,1:28,2700000
Earth and Blood // La terre et le sang,Yes,2020-04-17,3700000,1:21,2700000
Larva Pendant,Yes,2022-05-25,1500000,0:33,2700000
The Green Mile,No,,8100000,3:09,2600000
Cast Away (2000),No,,6200000,2:24,2600000
Raid 2 // रेड 2,Yes,,5900000,2:17,2600000
Sunny Sanskari ki Tulsi Kumari // सनी संस्कारी की तुलसी कुमारी,Yes,,5900000,2:14,2600000
Carter // 카터,Yes,2022-08-05,5800000,2:14,2600000
Mahavatar Narsimha,No,,5700000,2:11,2600000
The Karate Kid (1984),No,,5500000,2:07,2600000
Downton Abbey: The Grand Finale,No,,5300000,2:04,2600000
A Million Ways to Die in the West,No,,5100000,1:56,2600000
The Girl Who Got Away,No,,5000000,1:56,2600000
Bumblebee,No,,4900000,1:55,2600000
Halloween Ends,No,,4900000,1:51,2600000
Sand Castle,Yes,2017-04-21,4900000,1:53,2600000
27 Nights // 27 noches,Yes,2025-10-17,4800000,1:49,2600000
Dum Laga Ke Haisha // दम लगा के हईशा,Yes,,4800000,1:50,2600000
The Italian Job (2003),No,,4800000,1:51,2600000
Titan: The OceanGate Submersible Disaster,Yes,2025-06-11,4800000,1:52,2600000
Hubie Halloween,Yes,2020-10-07,4500000,1:44,2600000
Daddy’s in Trouble // Um Pai em Apuros,No,,4400000,1:42,2600000
The Cloverfield Paradox,Yes,2018-02-04,4400000,1:42,2600000
Code 8 Part II,Yes,2024-02-28,4300000,1:40,2600000
The Miracle Season,No,,4300000,1:41,2600000
A Tourist's Guide to Love,Yes,2023-04-21,4200000,1:36,2600000
There's Someone Inside Your House,Yes,2021-10-06,4200000,1:36,2600000
Ziam // ปากกัด ตีนถีบ,Yes,2025-07-09,4200000,1:37,2600000
The 15:17 to Paris,No,,4100000,1:34,2600000
The Platform // El hoyo,No,2020-03-20,4100000,1:34,2600000
Riverdance: The Animated Adventure,No,2022-01-14,4000000,1:34,2600000
Becoming,Yes,2020-05-06,3900000,1:30,2600000
Don't Breathe (2016),No,,3900000,1:29,2600000
A Second Chance:  Rivals!,Yes,2021-07-23,3800000,1:29,2600000
Deep Fear (2023),No,,3700000,1:25,2600000
Border Hunters,No,,3600000,1:22,2600000
La Leyenda de la Llorona,No,,3300000,1:15,2600000
Open Season 2,No,,3300000,1:16,2600000
Revolver Rita,No,,5900000,2:19,2500000
The Devil All The Time,Yes,2020-09-16,5900000,2:19,2500000
Dude (2025),No,,5700000,2:17,2500000
Shazam! (2019),No,,5400000,2:12,2500000
Under Ninja // アンダーニンジャ,No,,5200000,2:03,2500000
The Client (1994),No,,5000000,2:01,2500000
There's Something About Mary,No,,5000000,1:59,2500000
Jewel Thief - The Heist Begins // ज्वेल थीफ़ - The Heist Begins,Yes,2025-04-25,4900000,1:58,2500000
The Heartbreak Kid (2007),No,,4800000,1:56,2500000
Fear Street Part 2: 1978,Yes,2021-07-09,4700000,1:51,2500000
Comic 8 Revolution: Santet K4bin3t,Yes,,4600000,1:50,2500000
Miss Congeniality,No,,4600000,1:50,2500000
Sabotage (2014),No,,4600000,1:49,2500000
Xtreme // Xtremo,Yes,2021-06-04,4600000,1:52,2500000
In Good Hands // Sen Yaşamaya Bak,Yes,2022-03-21,4500000,1:46,2500000
Jangan Panggil Mama Kafir,No,,4500000,1:50,2500000
Thunder Force,Yes,2021-04-09,4500000,1:47,2500000
Big (1988),No,,4400000,1:44,2500000
Bridal Team 2 // Gelin Takımı 2,No,,4400000,1:46,2500000
Sydney White,No,,4400000,1:47,2500000
The Christmas Chronicles,Yes,2018-11-22,4400000,1:45,2500000
Kiki’s Delivery Service // 魔女の宅急便,No,,4300000,1:44,2500000
A Beautiful Life,Yes,2023-06-01,4200000,1:40,2500000
Eye for an Eye (1996),No,,4200000,1:42,2500000
The Babysitter: Killer Queen,Yes,2020-09-10,4200000,1:42,2500000
The Platform 2 // El hoyo 2,Yes,2024-10-04,4200000,1:41,2500000
Warriors of Future // 明日戰記 // 明日战记,Yes,2022-12-02,4200000,1:40,2500000
Dangerous Lies,Yes,2020-04-30,4100000,1:37,2500000
Hard Rain,No,,4000000,1:37,2500000
Firedrake the Silver Dragon,No,2021-09-10,3900000,1:33,2500000
Hancock (2008),No,,3900000,1:33,2500000
Journey to the Center of the Earth (2008),No,,3900000,1:33,2500000
Lost Bullet // Balle perdue,Yes,2020-06-19,3900000,1:34,2500000
Reunion (2024),No,,3900000,1:35,2500000
Along Came Polly,No,,3800000,1:30,2500000
Spiral: From the Book of Saw,No,,3800000,1:33,2500000
Strays (2023),No,,3800000,1:33,2500000
The Curse of Bridge Hollow,Yes,2022-10-14,3800000,1:32,2500000
Benji,Yes,2018-03-16,3600000,1:27,2500000
The Casagrandes Movie,Yes,2024-03-22,3600000,1:25,2500000
The Soccer Football Movie,Yes,2022-11-09,3000000,1:13,2500000
Dr. Seuss's The Sneetches,Yes,2025-11-03,2400000,0:57,2500000
Pushpa 2: The Rule (Reloaded Version),No,,8800000,3:44,2400000
Rebel Moon — Part One: Director’s Cut,Yes,2024-08-02,8200000,3:24,2400000
The Godfather (1972),No,,7200000,2:58,2400000
Rebel Moon — Part Two: Director’s Cut,Yes,2024-08-02,7000000,2:53,2400000
The Last Days of American Crime,Yes,2020-06-05,6000000,2:29,2400000
Godzilla: King of the Monsters,No,,5300000,2:12,2400000
10DANCE,Yes,2025-12-18,5100000,2:08,2400000
Blue Beetle,No,,5000000,2:07,2400000
Baramulla // बारामूला,Yes,2025-11-07,4900000,2:01,2400000
Where the Crawdads Sing,No,,4900000,2:05,2400000
Mea Culpa,Yes,2024-02-23,4800000,2:00,2400000
Hillbilly Elegy,Yes,2020-11-24,4700000,1:57,2400000
Mr. Malcolm's List,No,,4700000,1:58,2400000
Rocky II,No,,4700000,1:59,2400000
Uncharted (2022),No,,4700000,1:56,2400000
Dark Shadows (2012),No,,4600000,1:53,2400000
The Week Of,Yes,2018-04-27,4600000,1:57,2400000
Born a Champion,No,,4500000,1:52,2400000
The American President (1995),No,,4500000,1:53,2400000
The Choice (2016),No,,4500000,1:51,2400000
Bird Box Barcelona,Yes,2023-07-14,4400000,1:52,2400000
Everyone Knows Every Juan,No,,4400000,1:50,2400000
Attack 13 // วิญญาณเลขที่ 13,Yes,,4300000,1:46,2400000
Because of Winn-Dixie,No,,4300000,1:46,2400000
Shall We Dance? (2004),No,,4300000,1:46,2400000
Fast & Furious,No,,4200000,1:47,2400000
Oi Vita Mia,No,,4200000,1:47,2400000
The Witches (2020),No,,4200000,1:44,2400000
Aquamarine,No,,4100000,1:44,2400000
Bring Her Back,No,,4100000,1:44,2400000
No Reservations,No,,4100000,1:44,2400000
The Sleepover,Yes,2020-08-21,4100000,1:44,2400000
GTMAX,Yes,2024-11-20,4000000,1:40,2400000
Resort to Love,Yes,2021-07-29,4000000,1:42,2400000
The Woman in the Window,Yes,2021-05-14,4000000,1:42,2400000
LBJ,No,,3900000,1:37,2400000
Little Chicken's Egg-cellent Adventure // Un gallo con muchos huevos,No,,3900000,1:37,2400000
STAND BY ME Doraemon // STAND BY ME ドラえもん,Yes,,3900000,1:36,2400000
Street Flow 2 // Banlieusards 2,Yes,2023-09-27,3900000,1:38,2400000
The Dreamseller // O Vendedor de Sonhos,No,,3900000,1:36,2400000
Wedding Season,Yes,2022-08-04,3900000,1:39,2400000
Cloudy with a Chance of Meatballs 2,No,,3800000,1:35,2400000
The Lost Children // Los niños perdidos,Yes,2024-11-14,3800000,1:37,2400000
Janur Ireng,No,,3700000,1:34,2400000
Hypnotic,Yes,2021-10-27,3600000,1:30,2400000
Into the Storm (2014),No,,3600000,1:29,2400000
Jackass 4.5,Yes,,3600000,1:31,2400000
"Ruby Gillman, Teenage Kraken",No,,3600000,1:31,2400000
Breaking In (2018),No,,3500000,1:28,2400000
Gnome Alone,No,2018-10-19,3500000,1:26,2400000
Horton Hears a Who! (2008),No,,3500000,1:26,2400000
"Yours, Mine and Ours (2005)",No,,3500000,1:28,2400000
Run to the West // 중간계,No,,2400000,1:00,2400000
Ivy + Bean,Yes,2022-09-02,2300000,0:57,2400000
Interstellar,No,,6400000,2:49,2300000
RaPo 22 // Andhra King Thaluka,Yes,,6200000,2:43,2300000
Forrest Gump,No,,5600000,2:23,2300000
Kill Bill: Vol. 2,No,,5300000,2:17,2300000
American Sniper,No,,5100000,2:13,2300000
The Bourne Legacy,No,,5100000,2:15,2300000
Magik Rompak,Yes,,5000000,2:13,2300000
Primal Fear,No,,5000000,2:11,2300000
"Uprising // 전,란",Yes,2024-10-11,5000000,2:08,2300000
The World Is Not Enough,No,,4900000,2:08,2300000
The Covenant (2023),No,,4800000,2:03,2300000
Meet the Fockers,No,,4400000,1:56,2300000
Teenage Mutant Ninja Turtles 2,No,,4400000,1:53,2300000
Us (2019),No,,4400000,1:57,2300000
Agen +62,No,,4300000,1:54,2300000
G.I. Joe: Retaliation,No,,4300000,1:51,2300000
Incantation // 咒,Yes,2022-07-08,4300000,1:51,2300000
Pineapple Express,No,,4300000,1:52,2300000
The Bounty Hunter (2010),No,,4300000,1:51,2300000
Night Teeth,Yes,2021-10-20,4200000,1:49,2300000
School Life // La vie scolaire,No,2020-04-10,4200000,1:51,2300000
The Perfect Family // La familia perfecta,No,2022-05-11,4200000,1:50,2300000
Faraway,Yes,2023-03-08,4100000,1:49,2300000
The Bourne Supremacy,No,,4100000,1:49,2300000
The Quick and the Dead (1995),No,,4100000,1:45,2300000
Black Blood // Getih Ireng,No,,4000000,1:46,2300000
Clash of the Titans (2010),No,,4000000,1:46,2300000
The Expendables 2,No,,4000000,1:43,2300000
The Perks of Being a Wallflower,No,,4000000,1:43,2300000
Vanished // Pencarian Terakhir,No,,4000000,1:43,2300000
Ghosts of Girlfriends Past,No,,3900000,1:41,2300000
Salt (2010),No,,3900000,1:40,2300000
The Family Stone,No,,3900000,1:43,2300000
The Main Event,Yes,2020-04-10,3900000,1:43,2300000
The Perfect Find,Yes,2023-06-23,3900000,1:40,2300000
The Princess Switch,Yes,2018-11-16,3900000,1:42,2300000
Airplane Mode // Modo Avião,Yes,2020-01-22,3700000,1:37,2300000
Ava,No,2020-11-30,3700000,1:37,2300000
Harry Styles. One Night In Manchester.,No,2026-03-08,3700000,1:38,2300000
Honeymoon Crasher // Lune de miel avec ma mère,Yes,2025-02-12,3700000,1:35,2300000
Retirement Home // Maison de retraite,No,,3700000,1:37,2300000
Yara,Yes,2021-11-05,3700000,1:37,2300000
Road Trip (2000),No,,3600000,1:35,2300000
Countdown,No,2020-05-14,3500000,1:31,2300000
Smurfs: The Lost Village,No,,3500000,1:30,2300000
The Road to El Dorado,No,,3500000,1:30,2300000
Fear Street: Prom Queen,Yes,2025-05-23,3400000,1:30,2300000
War 2 // वॉर 2,No,,6400000,2:53,2200000
The Dark Knight Rises,No,,6100000,2:44,2200000
Champion (2025),Yes,,6000000,2:47,2200000
Wicked (2024),No,,6000000,2:40,2200000
Jaat // जाट,Yes,,5500000,2:30,2200000
A Star Is Born (2018),No,,5100000,2:16,2200000
Ambulance (2022),No,,5000000,2:16,2200000
Anora,No,,5000000,2:19,2200000
Eden (2025),No,,4700000,2:09,2200000
Fried Green Tomatoes,No,,4700000,2:10,2200000
Transformers: Rise of the Beasts,No,,4700000,2:07,2200000
Banduan,No,,4600000,2:07,2200000
21 (2008),No,,4500000,2:03,2200000
All Day and a Night,Yes,2020-05-01,4500000,2:02,2200000
Crazy Rich Asians,No,,4500000,2:01,2200000
Instructions Not Included // No se aceptan devoluciones,No,,4400000,2:02,2200000
Paradise,Yes,2023-07-27,4400000,1:59,2200000
Revolutionary Road,No,,4400000,2:00,2200000
The Silence of the Lambs,No,,4400000,1:59,2200000
Tomb Raider,No,,4400000,1:58,2200000
300,No,,4300000,1:57,2200000
Rob Peace,No,,4300000,2:00,2200000
Ice Road: Vengeance,No,,4200000,1:53,2200000
Shaft,No,2019-06-28,4200000,1:52,2200000
22 Jump Street,No,,4100000,1:52,2200000
Kuncen,No,,4000000,1:48,2200000
Tyler Perry's The Family That Preys,No,,4000000,1:50,2200000
Desperado,No,,3900000,1:45,2200000
Sukma,No,,3900000,1:47,2200000
The Chalk Line // Jaula,No,2022-10-24,3900000,1:46,2200000
The LEGO Movie 2: The Second Part,No,,3900000,1:47,2200000
The Woman in the Line // La mujer de la fila,No,2025-10-31,3900000,1:47,2200000
This Is the End (2013),No,,3900000,1:47,2200000
D.I.S.C.O. (2026),No,,3800000,1:42,2200000
The Courier // El correo,No,,3800000,1:42,2200000
Blood & Gold,Yes,2023-05-26,3700000,1:39,2200000
Death Note,Yes,2017-08-25,3700000,1:40,2200000
Father of the Bride (1991),No,,3700000,1:41,2200000
Keadilan (The Verdict),No,,3700000,1:40,2200000
The Truman Show,No,,3700000,1:43,2200000
The Wedding Ringer,No,,3700000,1:42,2200000
XXX: State of the Union,No,,3700000,1:41,2200000
A Dog's Way Home,No,,3500000,1:36,2200000
Infiesto,Yes,2023-02-03,3500000,1:37,2200000
Woman of the Hour,No,2024-10-18,3500000,1:36,2200000
Maryam: The Untold Story // Maryam: Janji dan Jiwa yang Terikat,No,,3400000,1:32,2200000
Mr. Popper's Penguins,No,,3400000,1:34,2200000
Time Cut,Yes,2024-10-30,3400000,1:32,2200000
"Lover, Stalker, Killer",Yes,2024-02-09,3300000,1:31,2200000
The Heart Knows // Corazón Delator,No,2025-05-30,3300000,1:29,2200000
The Last Beergin,Yes,,3300000,1:32,2200000
Scary Movie 3,No,,3100000,1:24,2200000
The Wedding Date,No,,3100000,1:25,2200000
"Carrossel, O Filme",No,,3000000,1:23,2200000
Rugrats in Paris: The Movie,No,,2900000,1:19,2200000
Trainwreck: Poop Cruise,Yes,2025-06-24,2000000,0:55,2200000
Furry Friends Forever: Elmo Gets a Puppy,Yes,,1000000,0:27,2200000
Lola the Cow’s Adventures at the Farm // Las aventuras de la vaca Lola en la granja,No,,800000,0:22,2200000
Padmaavat // पद्मावत,Yes,,5700000,2:42,2100000
Troy (2004),No,,5700000,2:43,2100000
HIT: The Third Case,No,,5400000,2:35,2100000
Kill Boksoon // 길복순,Yes,2023-03-31,4900000,2:19,2100000
Apollo 13,No,,4800000,2:20,2100000
Redeeming Love,No,,4800000,2:14,2100000
The Swimmers,Yes,2022-11-23,4800000,2:16,2100000
The Best of Enemies (2019),No,,4700000,2:14,2100000
The Pale Blue Eye,Yes,2023-01-06,4600000,2:10,2100000
Good Will Hunting,No,,4500000,2:07,2100000
Bandit,No,,4400000,2:06,2100000
Funky,Yes,,4400000,2:05,2100000
Harriet,No,,4400000,2:06,2100000
Operation Finale,Yes,2018-10-03,4400000,2:04,2100000
The Sleeper // Uykucu,No,,4400000,2:03,2100000
Jason Bourne,No,,4300000,2:03,2100000
Rebecca,Yes,2020-10-21,4300000,2:03,2100000
BlackBerry (2023),No,,4200000,2:00,2100000
No Country for Old Men,No,,4200000,2:02,2100000
Scream (2022),No,,4100000,1:55,2100000
The Bourne Identity (2002),No,,4100000,1:58,2100000
Black Clover: Sword of the Wizard King // ブラッククローバー 魔法帝の剣,Yes,2023-06-16,4000000,1:53,2100000
Fool's Gold (2008),No,,4000000,1:52,2100000
Godzilla vs. Kong,No,,4000000,1:53,2100000
Midnight Special,No,,4000000,1:52,2100000
Number 24 // Nr. 24,No,2025-01-01,4000000,1:52,2100000
Afterlife of the Party,Yes,2021-09-02,3900000,1:50,2100000
His Dark Materials: The Golden Compass,No,,3900000,1:53,2100000
Skylines (2020),No,,3900000,1:54,2100000
"Are You There God? It's Me, Margaret",No,,3800000,1:47,2100000
Organ Child // 器子,Yes,,3800000,1:49,2100000
Project Y // 프로젝트 Y,No,,3800000,1:48,2100000
Spiderhead,Yes,2022-06-17,3800000,1:47,2100000
True Spirit,Yes,2023-02-03,3800000,1:50,2100000
After,No,2019-07-12,3700000,1:46,2100000
Heatwave (2022),No,,3700000,1:45,2100000
Make Me Believe // Sen İnandır,Yes,2023-06-23,3700000,1:44,2100000
Trollhunters: Rise of the Titans,Yes,2021-07-21,3700000,1:46,2100000
Doubt (2008),No,,3600000,1:44,2100000
In the Tall Grass,Yes,2019-10-04,3600000,1:42,2100000
Jumbo (2025),No,,3600000,1:42,2100000
Otherhood,Yes,2019-08-02,3600000,1:41,2100000
Torrente for President // Torrente Presidente,No,,3600000,1:43,2100000
Dog (2022),No,,3500000,1:41,2100000
Hell or High Water,No,2016-11-18,3500000,1:42,2100000
Klaus,Yes,2019-11-15,3500000,1:38,2100000
Lost Bullet 2 // Balle perdue 2,Yes,2022-11-10,3500000,1:40,2100000
Rocky III,No,,3500000,1:40,2100000
Elektra (2005),No,,3400000,1:37,2100000
Inheritance // Spadek,Yes,2024-06-19,3400000,1:35,2100000
Menudas piezas,No,,3400000,1:35,2100000
Sniper: Assassin's End,No,,3400000,1:35,2100000
Street Flow // Banlieusards,Yes,2019-10-12,3400000,1:36,2100000
The Wrath of God // La ira de Dios,Yes,2022-06-15,3400000,1:38,2100000
Trouble // Strul,Yes,2024-10-03,3400000,1:38,2100000
Lonely Planet,Yes,2024-10-11,3300000,1:36,2100000
Lost on a Mountain in Maine,No,,3300000,1:35,2100000
Barbara - Becoming Shirin David,Yes,2026-03-13,3200000,1:31,2100000
Blood and Bone,No,,3200000,1:33,2100000
The Darjeeling Limited,No,,3200000,1:32,2100000
Friendzone,Yes,2021-09-29,3100000,1:29,2100000
Private Lesson // Özel Ders,Yes,2022-12-16,3100000,1:29,2100000
The Star (2017),No,,3000000,1:27,2100000
Chicken Run,No,,2900000,1:24,2100000
Secrets of the Neanderthals,Yes,2024-05-02,2800000,1:20,2100000
Ivy + Bean: The Ghost That Had to Go,Yes,2022-09-02,2100000,1:01,2100000
Animal // ऐनिमल,Yes,,6600000,3:21,2000000
The Hunger Games: The Ballad of Songbirds and Snakes,No,,5200000,2:37,2000000
Scent of a Woman (1992),No,,5100000,2:36,2000000
Lucky Baskhar,Yes,,4900000,2:28,2000000
The Big 4,Yes,2022-12-15,4800000,2:22,2000000
Bruised,Yes,2021-11-24,4500000,2:13,2000000
Never Say Never Again,No,,4500000,2:14,2000000
Parasite // 기생충,No,,4500000,2:12,2000000
The Red Sea Diving Resort,Yes,2019-07-31,4400000,2:10,2000000
Zom 100: Bucket List of the Dead // ゾン100〜ゾンビになるまでにしたい100のこと〜,Yes,2023-08-03,4300000,2:09,2000000
Don't Worry Darling,No,,4100000,2:03,2000000
P.S. I Love You,No,,4100000,2:06,2000000
The Pirates: The Last Royal Treasure // 해적: 도깨비 깃발,Yes,2022-03-02,4100000,2:06,2000000
Outlaw King,Yes,2018-11-09,4000000,2:02,2000000
Cold Pursuit,No,,3900000,1:58,2000000
From Russia with Love,No,,3900000,1:55,2000000
Our House // ข้างบ้าน,No,,3900000,2:00,2000000
Recurrence // Pipa,Yes,2022-07-27,3900000,1:56,2000000
The Chronicles of Riddick,No,,3900000,1:59,2000000
Tomorrow Never Dies,No,,3900000,2:00,2000000
Safe House (2012),No,,3800000,1:55,2000000
The 40-Year-Old Virgin,No,,3800000,1:56,2000000
The Bourne Ultimatum,No,,3800000,1:55,2000000
The Other Boleyn Girl (2008),No,,3800000,1:55,2000000
Until The Last of You // Sampai Titik Terakhirmu,No,,3800000,1:55,2000000
Goldfinger,No,,3700000,1:50,2000000
My Sister's Keeper,No,,3700000,1:49,2000000
No Pressure // Nic na siłę,Yes,2024-03-27,3700000,1:53,2000000
Ocean's 8,No,,3700000,1:50,2000000
Paddington in Peru,No,,3600000,1:46,2000000
The Dirt,Yes,2019-03-22,3600000,1:48,2000000
The Secret: Dare to Dream,No,,3600000,1:48,2000000
Vadh // वध,No,,3600000,1:50,2000000
Bald Mountain // Serra Pelada,No,,3500000,1:46,2000000
Being Eddie,Yes,2025-11-12,3500000,1:44,2000000
Holidate,Yes,2020-10-28,3500000,1:45,2000000
Pompeii,No,,3500000,1:44,2000000
Step Up,No,,3500000,1:43,2000000
Ta Khon: The Cursed Mask​​ // ตาโขน,No,,3500000,1:47,2000000
Thanksgiving (2023),No,,3500000,1:46,2000000
The People Upstairs // 윗집 사람들,No,,3500000,1:47,2000000
1922,Yes,2017-10-20,3400000,1:43,2000000
She Came to Me,No,,3400000,1:42,2000000
The Loved One,No,,3400000,1:40,2000000
Wine Country,Yes,2019-05-10,3400000,1:44,2000000
Overhaul // Carga Máxima,Yes,2023-09-27,3300000,1:40,2000000
Poseidon (2006),No,,3300000,1:38,2000000
Tag (2018),No,,3300000,1:41,2000000
Anacondas: The Hunt for the Blood Orchid,No,,3200000,1:37,2000000
Damaged (2024),No,,3200000,1:37,2000000
Dopamine // Dopamin,No,,3200000,1:34,2000000
Fistful of Vengeance,Yes,2022-02-17,3200000,1:36,2000000
Neighbors (2014),No,,3200000,1:37,2000000
Smokey and the Bandit,No,,3200000,1:36,2000000
STAND BY ME Doraemon 2 // STAND BY ME ドラえもん 2,No,2021-09-30,3200000,1:38,2000000
The Angry Birds Movie 2,No,,3200000,1:37,2000000
Arrietty // 借りぐらしのアリエッティ,No,,3100000,1:35,2000000
Freaks – You're One of Us // Freaks – Du bist eine von uns,Yes,2020-09-02,3100000,1:33,2000000
Seks Dla Opornych,No,,3100000,1:35,2000000
Love is in the Air,Yes,2023-09-28,3000000,1:29,2000000
The Swan Princess,No,,3000000,1:29,2000000
Wonder Park,No,,3000000,1:28,2000000
Hijack '93,Yes,2024-10-25,2900000,1:27,2000000
Stone Cold Fox,No,,2900000,1:26,2000000
Taken in Plain Sight,No,,2900000,1:26,2000000
"Almost Family // Família, Pero No Mucho",Yes,2025-07-18,2800000,1:22,2000000
Holiday in the Wild,Yes,2019-11-01,2800000,1:26,2000000
Shark Bait,No,,2800000,1:25,2000000
USA 94: Brazil's Return to Glory // Tetra: Acreditar de Novo,Yes,2026-06-07,2800000,1:26,2000000
The Little Rascals (1994),No,,2700000,1:22,2000000
Wyatt Earp,No,,6100000,3:11,1900000
aka Charlie Sheen: Season 1,Yes,2025-09-10,5700000,3:02,1900000
Behind the Scenes (2025),No,,4500000,2:23,1900000
Major Grom: Plague Doctor // Майор Гром: Чумной Доктор,No,2021-05-05,4400000,2:18,1900000
Aaryan (Tamil),No,,4200000,2:12,1900000
Monsieur Aznavour,No,,4200000,2:14,1900000
Pacific Rim,No,,4200000,2:11,1900000
Little Hearts,Yes,,4000000,2:06,1900000
Mad Max: Fury Road,No,,3900000,2:01,1900000
Rebel Moon — Part Two: The Scargiver,Yes,2024-04-19,3900000,2:04,1900000
The Valet (2022),No,,3900000,2:03,1900000
Yaksha: Ruthless Operations // 야차,Yes,2022-04-08,3900000,2:06,1900000
Argo (2012),No,,3800000,2:00,1900000
Copycat (1995),No,,3800000,2:03,1900000
The Lotto Winner,Yes,,3800000,2:00,1900000
Operation Fortune: Ruse de guerre,No,,3700000,1:54,1900000
Overcomer,No,,3700000,1:59,1900000
Barbie (2023),No,,3600000,1:54,1900000
Juror #2,No,,3600000,1:54,1900000
Kindergarten Cop,No,,3500000,1:51,1900000
Narvik,Yes,2023-01-23,3500000,1:49,1900000
Qorin 2,No,,3500000,1:49,1900000
The Last Shot // มือปืน,Yes,,3500000,1:53,1900000
The Lost Husband,No,,3500000,1:50,1900000
A Day to Die,No,,3400000,1:45,1900000
Dumb and Dumber To,No,,3400000,1:49,1900000
Kafir: The Spirit Gate // Kafir: Gerbang Sukma,No,,3400000,1:48,1900000
Mission: Cross // 크로스,Yes,2024-08-09,3400000,1:45,1900000
The Last Witch Hunter,No,,3400000,1:47,1900000
To the Bone,Yes,2017-07-14,3400000,1:48,1900000
A Whisker Away // 泣きたい私は猫をかぶる,Yes,2020-06-18,3300000,1:45,1900000
Killer Joe,No,,3300000,1:42,1900000
Monster Hunter,No,,3300000,1:43,1900000
Number One // 넘버원,No,,3300000,1:45,1900000
Seventh Son,No,,3300000,1:42,1900000
Sleepy Hollow (1999),No,,3300000,1:46,1900000
Tower Heist,No,,3300000,1:45,1900000
Elway,Yes,2025-12-22,3200000,1:39,1900000
Longlegs,No,,3200000,1:41,1900000
Nanny McPhee,No,,3200000,1:39,1900000
The Bombardment // Skyggen i mit øje,Yes,2022-03-09,3200000,1:40,1900000
The Volcano: Rescue from Whakaari,Yes,2022-12-16,3200000,1:39,1900000
Code 8 (2019),No,,3100000,1:39,1900000
Imaginary,No,,3100000,1:40,1900000
Nappily Ever After,Yes,2018-09-21,3100000,1:39,1900000
Noah Kahan: Out of Body,Yes,2026-04-13,3100000,1:36,1900000
Out of Death,No,,3100000,1:36,1900000
Underdogs // Metegol,No,,3100000,1:37,1900000
Confessions of an Invisible Girl // Confissões de uma Garota Excluída,Yes,2021-09-22,3000000,1:33,1900000
Undercover Grandpa,No,,3000000,1:34,1900000
After Everything (2018),No,,2900000,1:32,1900000
Breakdown: 1975,Yes,2025-12-19,2900000,1:32,1900000
"Love, Guaranteed",Yes,2020-09-03,2900000,1:31,1900000
Crossroads (2002),Yes,,2800000,1:29,1900000
Grave of the Fireflies // 火垂るの墓,No,,2800000,1:28,1900000
Highlander: Endgame,No,,2800000,1:28,1900000
Hostel: Part III,No,,2800000,1:28,1900000
Kidnapping Stella,Yes,2019-07-12,2800000,1:30,1900000
Terry McMillan Presents: Tempted By Love,No,,2800000,1:28,1900000
Sahara,No,2017-05-12,2700000,1:26,1900000
"Sisterhood, Inc.",No,,2700000,1:24,1900000
The in Laws 3 // Teściowie 3,No,,2700000,1:26,1900000
Sentinelle,Yes,2021-03-05,2500000,1:21,1900000
Ivy + Bean: Doomed to Dance,Yes,2022-09-02,1800000,0:57,1900000
The Godfather: Part II,No,,5900000,3:21,1800000
Django Unchained,No,,5100000,2:46,1800000
John Wick: Chapter 4,No,,5100000,2:49,1800000
Once Upon a Time in the West,No,,5000000,2:46,1800000
Watchmen (2009),No,,4800000,2:43,1800000
The Last Samurai (2003),No,,4500000,2:34,1800000
Den of Thieves,No,,4200000,2:20,1800000
Ghosts of Mississippi,No,,3900000,2:10,1800000
STEPHEN,Yes,2025-12-05,3800000,2:04,1800000
My Boo 2 // อนงค์ 2..สามสี่ชาติ,Yes,,3600000,1:57,1800000
Suicide Squad,No,,3600000,2:03,1800000
Tin & Tina,Yes,2023-05-26,3600000,2:00,1800000
Mrs. Harris Goes to Paris,No,,3500000,1:56,1800000
Unexplainable // Inexplicável,No,2025-04-16,3500000,1:55,1800000
Baby Driver,No,,3400000,1:53,1800000
Bad News Bears,No,,3400000,1:53,1800000
Lakeview Terrace,No,,3400000,1:51,1800000
Stomp the Yard,No,,3400000,1:55,1800000
Astérix & Obélix: The Middle Kingdom // Astérix & Obélix : L'empire du Milieu,No,2023-05-19,3300000,1:51,1800000
French Girl (2024),No,,3300000,1:51,1800000
Meet the Parents (2000),No,,3300000,1:49,1800000
The Wonder,Yes,2022-11-16,3300000,1:50,1800000
Untouchable // Intouchables,No,,3300000,1:53,1800000
A Big Bold Beautiful Journey,No,,3200000,1:49,1800000
All The Bright Places,Yes,2020-02-28,3200000,1:49,1800000
Father of the Bride: Part II,No,,3200000,1:46,1800000
The Privilege // Das Privileg – Die Auserwählten,Yes,2022-02-09,3200000,1:47,1800000
xXx: Return of Xander Cage,No,,3200000,1:48,1800000
Cargo,Yes,2018-05-18,3100000,1:44,1800000
IT'S WHAT'S INSIDE,Yes,2024-10-04,3100000,1:45,1800000
Limitless (2011),No,,3100000,1:45,1800000
Message from the King,No,2017-08-04,3100000,1:43,1800000
Land of the Lost (2009),No,,3000000,1:42,1800000
Operações Especiais,No,,3000000,1:39,1800000
Our Little Secret,Yes,2024-11-27,3000000,1:41,1800000
Pet Sematary (2019),No,,3000000,1:42,1800000
The Ultimate Accessory // 100% Cachemire,No,,3000000,1:42,1800000
You Do You // Merve Kült,Yes,2023-06-09,3000000,1:41,1800000
21 Bridges,No,2020-07-24,2900000,1:39,1800000
Big Momma's House,No,,2900000,1:39,1800000
Flicka,No,,2900000,1:35,1800000
Free Solo,No,,2900000,1:37,1800000
The Dark Tower,No,,2900000,1:35,1800000
Brazen,Yes,2022-01-13,2800000,1:36,1800000
Brightburn,No,,2800000,1:31,1800000
Dracula Untold,No,,2800000,1:32,1800000
Jingle Bell Heist,Yes,2025-11-26,2800000,1:36,1800000
Kicking & Screaming (2005),No,,2800000,1:35,1800000
Pamali: The Little Devil // Pamali: Tumbal,No,,2800000,1:36,1800000
Paul Blart: Mall Cop,No,,2800000,1:31,1800000
Vanished into the Night // Svaniti nella notte,Yes,2024-07-11,2800000,1:33,1800000
Without Saying Goodbye // Hasta que nos volvamos a encontrar,No,2022-03-18,2800000,1:36,1800000
Honey Don't!,No,,2700000,1:29,1800000
Child's Play (1988),No,,2600000,1:27,1800000
Coffee & Kareem,Yes,2020-04-03,2600000,1:28,1800000
Kill 'Em All 2,No,,2600000,1:29,1800000
Space Jam,No,,2600000,1:27,1800000
Lainey Wilson: Keepin' Country Cool,Yes,2026-04-22,2500000,1:24,1800000
Manitou's Canoe // Das Kanu des Manitu,No,,2500000,1:25,1800000
"Sihirli Annem, Hepimiz Biriz",No,,2500000,1:23,1800000
Missing: The Lucie Blackman Case,No,2023-07-26,2400000,1:22,1800000
Open Season 3,No,,2300000,1:15,1800000
Pokémon: The Arceus Chronicles,No,2022-09-23,2000000,1:05,1800000
Barbie & Stacie to the Rescue,Yes,,1800000,1:01,1800000
Bartolito’s Adventures at the Farm // Las aventuras de Bartolito en la granja,No,,800000,0:26,1800000
Bartolito’s Adventures on the Internet // Las aventuras de Bartolito en internet,No,,400000,0:13,1800000
Gangubai Kathiawadi // गंगूबाई काठियावाड़ी,Yes,,4300000,2:33,1700000
Kingdom (2025),Yes,,4300000,2:32,1700000
The Hunger Games: Catching Fire,No,,4100000,2:26,1700000
The Negotiator (1998),No,,4000000,2:20,1700000
Finding Forrester,No,,3900000,2:16,1700000
Rain Man,No,,3900000,2:14,1700000
Rurouni Kenshin: The Final // るろうに剣心 最終章 The Final,Yes,2021-06-18,3900000,2:19,1700000
Seven Years in Tibet,No,,3900000,2:16,1700000
Uncut Gems,No,2020-01-31,3900000,2:16,1700000
A Foggy Tale // 大濛,Yes,,3700000,2:14,1700000
Outbreak (1995),No,,3700000,2:08,1700000
Thunderball,No,,3700000,2:11,1700000
Apostle,Yes,2018-10-12,3600000,2:10,1700000
The White Tiger,Yes,2021-01-22,3600000,2:07,1700000
The Beautiful Game,Yes,2024-03-29,3500000,2:06,1700000
The Outsider,Yes,2018-03-09,3500000,2:01,1700000
They Cloned Tyrone,Yes,2023-07-21,3500000,2:04,1700000
Back to Black,No,,3400000,2:02,1700000
The Bone Collector,No,,3400000,1:58,1700000
The Most Beautiful Girl in the World,Yes,2025-02-14,3400000,2:03,1700000
Cover-Up,Yes,2025-12-26,3300000,1:58,1700000
Life as We Know It (2010),No,,3300000,1:55,1700000
Medieval,No,,3300000,2:00,1700000
The Gunman (2015),No,,3300000,1:55,1700000
Wall to Wall // 84㎡ (84제곱미터),Yes,2025-07-18,3300000,1:59,1700000
I Am Mother,No,2019-06-07,3200000,1:54,1700000
Miss Congeniality 2: Armed and Fabulous,No,,3200000,1:55,1700000
Tehran // तेहरान,Yes,,3200000,1:56,1700000
The Dig,Yes,2021-01-29,3200000,1:53,1700000
Almost Christmas,No,,3100000,1:51,1700000
Harry and the Hendersons (1987),No,,3100000,1:51,1700000
Hot Summer Nights,No,,3100000,1:48,1700000
La Bamba,No,,3100000,1:49,1700000
Once Upon a Crime // 赤ずきん、旅の途中で死体と出会う,Yes,2023-09-14,3100000,1:47,1700000
Risen (2016),No,,3100000,1:48,1700000
The Hand that Rocks the Cradle (1992),No,,3100000,1:50,1700000
The Royal Tenenbaums,No,,3100000,1:50,1700000
Twisted Fate // Tukar Takdir,No,,3100000,1:47,1700000
You've Got This // Ahí te encargo,Yes,2020-10-02,3100000,1:52,1700000
A Copenhagen Love Story // Sult,Yes,2025-02-26,3000000,1:45,1700000
Dead Man's Wire,No,,3000000,1:45,1700000
Friends with Benefits (2011),No,,3000000,1:49,1700000
Ghostbusters (1984),No,,3000000,1:45,1700000
Love Hurts // Amar te duele,No,,3000000,1:45,1700000
Mertua Ngeri Kali,No,,3000000,1:47,1700000
Pitch Black,No,,3000000,1:48,1700000
Aloha,No,,2900000,1:45,1700000
Before Granny Gets Us // Sebelum Dijemput Nenek,No,,2900000,1:41,1700000
"Crouching Tiger, Hidden Dragon: Sword of Destiny",Yes,2016-02-26,2900000,1:41,1700000
Fatale,No,,2900000,1:43,1700000
In Good Hands 2 // Sen Büyümeye Bak,Yes,2024-05-23,2900000,1:40,1700000
JUNG_E // 정이,Yes,2023-01-20,2900000,1:40,1700000
Labinak: They Are Amongst Us // Labinak: Mereka Ada di Sini,No,,2900000,1:40,1700000
Subservience,No,,2900000,1:45,1700000
Take Care of Maya,Yes,2023-06-19,2900000,1:44,1700000
The Intruder (2019),No,,2900000,1:42,1700000
The Magician's Elephant,Yes,2023-03-17,2900000,1:43,1700000
Veronica // Verónica,No,,2900000,1:45,1700000
Escape Room (2019),No,,2800000,1:40,1700000
My Spy,No,2020-06-30,2800000,1:40,1700000
The Conference // Konferensen,Yes,2023-10-13,2800000,1:40,1700000
The Fundamentals of Caring,Yes,2016-06-24,2800000,1:37,1700000
The House Bunny,No,,2800000,1:38,1700000
True Memoirs of an International Assassin,Yes,2016-11-11,2800000,1:38,1700000
Walk. Ride. Rodeo.,Yes,2019-03-08,2800000,1:40,1700000
Bad Neighbours 2,No,,2700000,1:33,1700000
Carrossel 2: O Sumiço de Maria Joaquina,No,,2700000,1:34,1700000
Cellar Door (2024),No,,2700000,1:37,1700000
Hop (2011),No,,2700000,1:35,1700000
Insidious: Chapter 3,No,,2700000,1:38,1700000
Just Short of Perfect // Amor Sem Medida,Yes,2021-11-18,2700000,1:35,1700000
Lebih Dari Selamanya,No,,2700000,1:37,1700000
Queens on the Run // Fuga de reinas,No,2023-04-14,2700000,1:37,1700000
The Package,Yes,2018-08-10,2700000,1:35,1700000
Sixty Minutes // 60 Minuten,Yes,2024-01-19,2600000,1:30,1700000
Tonight You're Sleeping with Me // Dzisiaj śpisz ze mną,Yes,2023-03-01,2600000,1:33,1700000
Red Dot,Yes,2021-02-11,2500000,1:26,1700000
Outlaw // Bandida - A Número Um,Yes,,2400000,1:24,1700000
The Blair Witch Project,No,,2300000,1:21,1700000
Inside the Mind of a Dog,Yes,2024-08-09,2100000,1:15,1700000
Zack Snyder's Justice League,No,,6300000,4:02,1600000
Dhurandhar (Raw & Undekha) // धुरंधर (एक्स्टेंडेड वर्ज़न),No,,5600000,3:26,1600000
Chhaava // छावा,Yes,,4300000,2:38,1600000
Into the Fire: The Lost Daughter: Season 1,Yes,2024-09-12,4100000,2:32,1600000
Ray (2004),No,,4100000,2:32,1600000
A Cure for Wellness,No,,3900000,2:27,1600000
Bad Boys II,No,,3800000,2:27,1600000
Mass Jathara,Yes,,3800000,2:21,1600000
Son of Sardaar 2 // सन ऑफ़ सरदार 2,Yes,,3800000,2:25,1600000
Princess Mononoke // もののけ姫,No,,3600000,2:14,1600000
The Kingdom (2024),Yes,,3600000,2:13,1600000
Courageous,No,,3500000,2:09,1600000
OVERLORD:The Sacred Kingdom // 劇場版 「オーバーロード」 聖王国編,No,,3500000,2:13,1600000
Pieces of a Woman,Yes,2021-01-07,3500000,2:08,1600000
Lost in the Stars // 消失的她,No,,3300000,2:02,1600000
The Mirror Has Two Faces,No,,3300000,2:07,1600000
What Women Want (2000),No,,3300000,2:07,1600000
Better Off Dead // Tinggal Meninggal,No,,3200000,2:00,1600000
Tee Yai: Born To Be Bad // ตี๋ใหญ่ ฤกษ์ดาวโจร,Yes,2025-11-13,3200000,1:58,1600000
The 355,No,,3200000,2:02,1600000
The Pact // 신명,No,,3200000,1:58,1600000
A Simple Favor,No,,3100000,1:57,1600000
Deliver Us from Evil (2014),No,,3100000,1:59,1600000
Steel Magnolias (1989),No,,3100000,1:58,1600000
The Saint (1997),No,,3100000,1:56,1600000
Fear Street Part 3: 1666,Yes,2021-07-16,3000000,1:54,1600000
Isi & Ossi,Yes,2020-02-14,3000000,1:53,1600000
Marry Me (2022),No,,3000000,1:52,1600000
Now You See Me,No,,3000000,1:55,1600000
Bloodshot (2020),No,,2900000,1:49,1600000
Spaceman,Yes,2024-03-01,2900000,1:49,1600000
The Threesome (2025),No,,2900000,1:52,1600000
"Game Over, Man!",Yes,2018-03-23,2800000,1:42,1600000
Joint Custody // Garde alternée,No,,2800000,1:43,1600000
Kick-Ass 2,No,,2800000,1:43,1600000
Love Again (2023),No,,2800000,1:44,1600000
The Children Act,No,,2800000,1:45,1600000
City Hunter // シティーハンター,Yes,2024-04-25,2700000,1:44,1600000
Game Night,No,,2700000,1:40,1600000
Scoop,Yes,2024-04-05,2700000,1:43,1600000
Teenage Mutant Ninja Turtles: Mutant Mayhem,No,,2700000,1:40,1600000
Big Momma's House 2,No,,2600000,1:39,1600000
Bridget Jones's Diary,No,,2600000,1:38,1600000
Father of the Year,Yes,2018-07-20,2600000,1:35,1600000
It Would Be Night in Caracas // Aún es de noche en Caracas,No,2026-03-27,2600000,1:36,1600000
Jerry & Marge Go Large,No,,2600000,1:36,1600000
Megamind,No,,2600000,1:38,1600000
The Strays,Yes,2023-02-22,2600000,1:40,1600000
Thelma (2024),No,,2600000,1:38,1600000
Arctic Dogs,No,2019-11-29,2500000,1:32,1600000
Beetlejuice (1988),No,,2500000,1:32,1600000
Capturing the Killer Nurse,Yes,2022-11-11,2500000,1:35,1600000
Call of the Dead // Panggilan Dari Kubur,No,,2400000,1:28,1600000
Sister Death // Hermana Muerte,Yes,2023-10-27,2400000,1:31,1600000
La leyenda del Charro Negro,No,,2300000,1:25,1600000
Rattlesnake,Yes,2019-10-25,2300000,1:26,1600000
If I Can’t Have You,No,,2200000,1:25,1600000
With or Without Kids // Avec ou sans enfants,No,,2200000,1:25,1600000
Mighty Morphin Power Rangers: Once & Always,No,2023-04-19,1500000,0:58,1600000
The Wonderful Story of Henry Sugar,Yes,2023-09-27,1100000,0:41,1600000
Sultan // सुल्तान,Yes,,4200000,2:49,1500000
Once Upon a Time in Hollywood,No,,4100000,2:42,1500000
Dune (2021),No,,3900000,2:35,1500000
God's Crooked Lines // Los renglones torcidos de Dios,No,2022-12-09,3800000,2:34,1500000
22 July,Yes,2018-10-10,3700000,2:24,1500000
Sense and Sensibility (1995),No,,3500000,2:16,1500000
Mickey 17,No,,3400000,2:17,1500000
Sikandar // सिकंदर,Yes,,3400000,2:14,1500000
The Diplomat // डिप्लोमैट,No,,3400000,2:13,1500000
Beyond the Universe // Depois do Universo,Yes,2022-10-27,3300000,2:08,1500000
Chatha Pacha,No,,3300000,2:12,1500000
Gran Turismo: Based on a True Story,No,,3300000,2:14,1500000
The Hurt Locker,No,,3300000,2:11,1500000
Ballerina (2025),No,,3200000,2:05,1500000
Bram Stoker's Dracula,No,,3200000,2:07,1500000
Dead Poets Society,No,,3200000,2:09,1500000
Now You See Me 2,No,,3200000,2:09,1500000
Shazam! Fury of the Gods,No,,3200000,2:10,1500000
Jobs,No,,3100000,2:08,1500000
Laapataa Ladies // लापता लेडीज़,Yes,,3100000,2:04,1500000
Two for the Money,No,,3100000,2:02,1500000
Death Whisperer // ธี่หยด,Yes,,3000000,2:01,1500000
Waiting to Exhale,No,,3000000,2:03,1500000
What Happened to Monday,No,2017-08-18,3000000,2:04,1500000
Fair Play,Yes,2023-10-06,2900000,1:55,1500000
Stowaway,No,2021-04-22,2900000,1:56,1500000
C'est la vie! // Le Sens de la fête,No,,2800000,1:51,1500000
Death Whisperer 2 // ธี่หยด 2,Yes,,2800000,1:52,1500000
Jumping the Broom,No,,2800000,1:53,1500000
Terminator Salvation,No,,2800000,1:55,1500000
The Heartbreak I Choose // Patah Hati Yang Kupilih,No,,2800000,1:49,1500000
The Nun II,No,,2800000,1:50,1500000
The Thomas Crown Affair (1999),No,,2800000,1:53,1500000
Under Her Control // La jefa,Yes,2022-08-31,2800000,1:50,1500000
Bogotá: City of the Lost // 보고타: 마지막 기회의 땅,Yes,2025-02-03,2700000,1:47,1500000
Doraemon the Movie: Nobita’s Art World Tales // 映画ドラえもん のび太の絵世界物語,No,,2700000,1:45,1500000
Fenced In // Vizinhos,Yes,2022-09-01,2700000,1:51,1500000
I Used to Be Famous,Yes,2022-09-16,2700000,1:45,1500000
Mother/Android,No,2022-01-07,2700000,1:51,1500000
"Paul, Apostle of Christ",No,,2700000,1:48,1500000
The Terminator,No,,2700000,1:47,1500000
Too Old for Fairy Tales // Za duży na bajki,Yes,2022-07-18,2700000,1:46,1500000
Anger Management (2003),No,,2600000,1:45,1500000
Field of Dreams,No,,2600000,1:46,1500000
In for a Murder // W jak morderstwo,Yes,2021-10-19,2600000,1:44,1500000
Risky Business 2 // Modual Nekad,No,,2600000,1:47,1500000
Someone Borrowed // Esposa de Aluguel,Yes,2022-10-11,2600000,1:47,1500000
The Altar Boys // Ministranci,No,,2600000,1:45,1500000
The Iceman,No,,2600000,1:46,1500000
Timur,No,,2600000,1:43,1500000
Vash Level 2,Yes,,2600000,1:43,1500000
Whiplash (2014),No,,2600000,1:47,1500000
Don't Tell Mom the Babysitter's Dead (2024),No,,2500000,1:39,1500000
King Kaew // กิ่งแก้ว,No,,2500000,1:41,1500000
Life of a King,No,,2500000,1:41,1500000
Old Henry,No,,2500000,1:39,1500000
Old People,Yes,2022-10-07,2500000,1:42,1500000
Pokémon the Movie: Secrets of the Jungle,No,2021-10-08,2500000,1:40,1500000
Re/Member // カラダ探し,Yes,2023-02-13,2500000,1:43,1500000
Silverton Siege,Yes,2022-04-27,2500000,1:41,1500000
The Mystery of Marilyn Monroe: The Unheard Tapes,Yes,2022-04-27,2500000,1:42,1500000
The Year I Started Masturbating // Året jag slutade prestera och började onanera,Yes,,2500000,1:41,1500000
Tom and Jerry (2021),No,,2500000,1:41,1500000
Aftermath (2024),No,,2400000,1:35,1500000
Hot Tub Time Machine,No,,2400000,1:39,1500000
Love Tactics // Aşk Taktikleri,Yes,2022-02-11,2400000,1:39,1500000
R.I.P.D.,No,,2400000,1:36,1500000
Re/Member: The Last Night // カラダ探し THE LAST NIGHT,Yes,,2400000,1:34,1500000
Survivor (2015),No,,2400000,1:36,1500000
The Paramedic // El practicante,Yes,2020-09-16,2400000,1:34,1500000
The Princess Switch: Switched Again,Yes,2020-11-19,2400000,1:37,1500000
Hellhole // Ostatnia wieczerza,Yes,2022-10-26,2300000,1:31,1500000
Meet the Khumalos,Yes,2025-04-11,2300000,1:33,1500000
Anaconda (1997),No,,2200000,1:29,1500000
Isn't It Romantic,No,2019-02-28,2200000,1:29,1500000
Minha Mãe é uma Peça 2: O Filme,No,,2200000,1:29,1500000
Mystère à Saint-Tropez,No,,2200000,1:30,1500000
Point Blank,Yes,2019-07-12,2200000,1:27,1500000
Rise of the Teenage Mutant Ninja Turtles: The Movie,Yes,2022-08-05,2200000,1:26,1500000
The Art of War 3: Retribution,No,,2200000,1:28,1500000
The Larva Island Movie,Yes,2020-07-23,2200000,1:31,1500000
The SpongeBob SquarePants Movie,No,,2200000,1:29,1500000
Buy Now: The Shopping Conspiracy,Yes,2024-11-20,2100000,1:25,1500000
Pinkfong Sing-Along Movie 2: Wonderstar Concert,Yes,,1800000,1:11,1500000
Barbie Big City Big Dreams,No,,1600000,1:03,1500000
Alexander Revisited: The Final Cut,No,,5100000,3:34,1400000
Kabhi Khushi Kabhie Gham // कभी खुशी कभी ग़म,Yes,,4800000,3:29,1400000
Raja Shivaji,Yes,,4500000,3:14,1400000
The Batman (2022),No,,4200000,2:56,1400000
Jawan: Extended Cut // जवान: एक्सटेंडेड कट,Yes,,4000000,2:51,1400000
Fighter // फ़ाइटर,No,,3800000,2:44,1400000
Tiger Zinda Hai // टाइगर ज़िंदा है,Yes,,3800000,2:39,1400000
Bhool Bhulaiyaa 3 // भूल भुलैया 3,No,,3700000,2:38,1400000
Blade Runner 2049,No,,3700000,2:44,1400000
Deva // कोई शक,Yes,,3600000,2:35,1400000
Badmaash Company // बदमाश कंपनी,Yes,,3400000,2:21,1400000
Legends of the Condor Heroes: The Gallants // 射鵰英雄傳：俠之大者 // 射雕英雄传：侠之大者,No,,3400000,2:27,1400000
The Flash (2022),No,,3300000,2:24,1400000
Thoda Pyaar Thoda Magic // थोड़ा प्यार थोड़ा मैजिक,Yes,,3300000,2:17,1400000
"La Tahzan: Cinta, Dosa, Luka",No,,3200000,2:21,1400000
Maa // मां,Yes,,3200000,2:13,1400000
Little Women (2019),No,,3100000,2:15,1400000
Premante: Thrillu Prapthirasthu,Yes,,3100000,2:17,1400000
The Matrix Revolutions,No,,3100000,2:09,1400000
The Sting,No,,3100000,2:09,1400000
Double Happiness // 雙囍 // 双喜,Yes,,3000000,2:10,1400000
Moneyball (2011),No,,3000000,2:13,1400000
Glory (1989),No,,2900000,2:02,1400000
How To Make Millions Before Grandma Dies // หลานม่า,No,,2900000,2:07,1400000
Sky High // Hasta el cielo,No,2021-04-02,2900000,2:02,1400000
A Prayer Before Dawn,No,2018-09-07,2800000,1:57,1400000
A Woman Called Mother // Dia Bukan Ibu,No,,2800000,1:59,1400000
Concrete Market // 콘크리트 마켓,No,,2800000,2:02,1400000
Crew // क्रू,Yes,,2800000,2:01,1400000
Eagle Eye,No,,2800000,1:58,1400000
The Boondock Saints II: All Saints Day,No,,2800000,1:58,1400000
Boyz n the Hood,No,,2700000,1:52,1400000
Love & Gelato,Yes,2022-06-22,2700000,1:52,1400000
Sonne und Beton,No,,2700000,1:54,1400000
That's My Boy (2012),No,,2700000,1:55,1400000
You Only Live Twice,No,,2700000,1:57,1400000
A Normal Woman,Yes,2025-07-24,2600000,1:51,1400000
Inspector Zende // इंस्पेक्टर ज़ेंडे,Yes,2025-09-05,2600000,1:52,1400000
Missing You // 널 기다리며,No,,2600000,1:48,1400000
Pan (2015),No,,2600000,1:51,1400000
The Girl on the Train (2016),No,,2600000,1:52,1400000
The Taming of the Shrewd // Poskromienie złośnicy,Yes,2022-04-13,2600000,1:53,1400000
Un mondo a parte,No,,2600000,1:49,1400000
Veronica Mars (2014),No,,2600000,1:48,1400000
Anniversary (2025),No,,2500000,1:51,1400000
Double Dad // Pai Em Dobro,Yes,2021-01-15,2500000,1:45,1400000
Elysium (2013),No,,2500000,1:50,1400000
Ex Machina,No,,2500000,1:48,1400000
"Extremely Wicked, Shockingly Evil and Vile",No,2019-05-03,2500000,1:50,1400000
Geostorm,No,,2500000,1:49,1400000
Heart Parade // Parada serc,Yes,2022-06-15,2500000,1:49,1400000
I Can Only Imagine,No,,2500000,1:50,1400000
Let Go // Släpp taget,Yes,2024-11-01,2500000,1:50,1400000
Mermaids,No,,2500000,1:50,1400000
Ozora: Penganiayaan Brutal Penguasa Jaksel,No,,2500000,1:49,1400000
Royalteen // Royalteen: Arvingen,Yes,2022-08-17,2500000,1:49,1400000
The Ring Two,No,,2500000,1:50,1400000
Kinki // 近畿地方のある場所について,No,,2400000,1:43,1400000
Rings (2017),No,,2400000,1:43,1400000
Saw,No,,2400000,1:43,1400000
The Invitation (2022),No,,2400000,1:45,1400000
Valley of the Dead // Malnazidos,Yes,2022-07-11,2400000,1:42,1400000
Woodwalkers,No,,2400000,1:43,1400000
Delicious,Yes,2025-03-07,2300000,1:42,1400000
Devil's Market // Pasar Setan,No,,2300000,1:36,1400000
Go Karts,No,2020-03-13,2300000,1:42,1400000
Lucca's World // Los dos hemisferios de Lucca,Yes,2025-01-31,2300000,1:37,1400000
Oldies but Goodies // Maison De Retraite 2,No,,2300000,1:41,1400000
Resident Evil: Afterlife,No,,2300000,1:37,1400000
The Lazarus Project (2008),No,,2300000,1:40,1400000
The Nun (2018),No,,2300000,1:37,1400000
Virus (1999),No,,2300000,1:40,1400000
Year One (2009),No,,2300000,1:37,1400000
A Woman with No Filter // Uma Mulher Sem Filtro,Yes,,2200000,1:33,1400000
Blame the Game // Spieleabend,Yes,2024-07-12,2200000,1:32,1400000
Jembatan Shiratal Mustaqim,No,,2200000,1:36,1400000
Nobody Sleeps in the Woods Tonight 2 // W lesie dziś nie zaśnie nikt 2,Yes,2021-10-27,2200000,1:37,1400000
Stolen (2012),No,,2200000,1:36,1400000
When We First Met,Yes,2018-02-09,2200000,1:37,1400000
You're Killing Me (2023),No,,2200000,1:35,1400000
A Quiet Place (2018),No,,2100000,1:31,1400000
Boonie Bears: The Big Shrink,No,,2100000,1:30,1400000
Cat & Dog // Chien et chat,No,,2100000,1:27,1400000
Love by the 10th Date,No,,2100000,1:28,1400000
Mummies,No,,2100000,1:28,1400000
Stand by Me (1986),No,,2100000,1:29,1400000
The Pink Panther (2006),No,,2100000,1:33,1400000
A Cinderella Christmas Ball,No,,2000000,1:26,1400000
A Shaun the Sheep Movie: Farmageddon,No,2020-02-14,2000000,1:27,1400000
Bad Trip,Yes,2021-03-26,2000000,1:27,1400000
Distorted (2018),No,,2000000,1:26,1400000
Earwig and the Witch,No,,2000000,1:24,1400000
Minha Mãe É Uma Peça,No,,2000000,1:24,1400000
The Dad Quest // Lo mejor del mundo,Yes,2025-04-09,2000000,1:24,1400000
The Neighbor // VECINA,No,,2000000,1:28,1400000
Gnomeo and Juliet,No,,1900000,1:24,1400000
Malibu Rescue: The Next Wave,Yes,2020-08-04,1600000,1:11,1400000
The Land Before Time (1988),No,,1600000,1:09,1400000
Unknown: Cosmic Time Machine,Yes,2023-07-24,1500000,1:05,1400000
Untold: The Fall of Favre,Yes,2025-05-20,1500000,1:04,1400000
Who Killed Lin and Megan? The Chillenden Murders,No,,1500000,1:06,1400000
Milky☆Subway: The Galactic Limited Express – the Movie // 銀河特急 ミルキー☆サブウェイ 各駅停車劇場行き,Yes,,1100000,0:48,1400000
All the Empty Rooms,Yes,2025-12-01,800000,0:35,1400000
The Patriot (2000),No,,3500000,2:45,1300000
Superman Returns,No,,3400000,2:34,1300000
Chak De! India // चक दे! इंडिया,Yes,,3300000,2:28,1300000
Rocket Singh: Salesman of the Year // रॉकेट सिंह: सेल्समैन ऑफ़ द ईयर,Yes,,3300000,2:34,1300000
Laaga Chunari Mein Daag: Journey of a Woman // लागा चुनरी में दाग: जर्नी ऑफ़ अ वूमन,Yes,,3100000,2:20,1300000
Molly's Game,No,,3100000,2:21,1300000
Officer on Duty,Yes,,3000000,2:14,1300000
The Hunger Games,No,,3000000,2:17,1300000
Unbroken (2014),No,,3000000,2:18,1300000
One Last Throw // 栄光のバックホーム,No,,2900000,2:15,1300000
The Big Short,No,,2900000,2:11,1300000
Time to Hunt // 사냥의 시간,Yes,2020-04-23,2900000,2:15,1300000
Waterworld,No,,2900000,2:15,1300000
Ek Chatur Naar // एक चतुर नार,Yes,,2800000,2:11,1300000
Octopussy,No,,2800000,2:11,1300000
Rurouni Kenshin: Origins // るろうに剣心,No,,2800000,2:14,1300000
Godzilla (2014),No,,2700000,2:03,1300000
Mirage // Durante la tormenta,No,2019-03-22,2700000,2:08,1300000
The Beast // 비스트,No,,2700000,2:06,1300000
The Invisible Guardian // El guardián invisible,No,,2700000,2:09,1300000
xXx,No,,2700000,2:04,1300000
A Special Memory,No,,2600000,2:04,1300000
Adile Naşit,No,,2600000,1:59,1300000
Believer 2 // 독전 2,Yes,2023-11-17,2600000,1:56,1300000
Downton Abbey (2019),No,,2600000,2:02,1300000
Drawing Closer // 余命一年の僕が、余命半年の君と出会った話。,Yes,2024-06-27,2600000,2:00,1300000
It's Complicated (2009),No,,2600000,2:00,1300000
Jaws,No,,2600000,2:04,1300000
News of the World,No,2021-02-10,2600000,2:00,1300000
Peninsula // 반도,No,,2600000,1:56,1300000
Sui Dhaaga: Made in India // सुई धागा: मेड इन इंडिया,Yes,,2600000,2:02,1300000
Agak Laen,Yes,,2500000,1:59,1300000
Hichki // हिचकी,Yes,,2500000,1:56,1300000
Justice League (2017),No,,2500000,2:00,1300000
Mean Girls (2024),No,,2500000,1:52,1300000
Per Aspera Ad Astra // 星河入夢 // 星河入梦,Yes,,2500000,1:52,1300000
Rachel Getting Married,No,,2500000,1:53,1300000
Starman (1984),No,,2500000,1:55,1300000
Fracture (2007),No,,2400000,1:53,1300000
Kid Cannabis,No,,2400000,1:50,1300000
Nanny McPhee and the Big Bang,No,,2400000,1:49,1300000
Promised Hearts // Setetes Embun Cinta Niyala,Yes,2025-03-31,2400000,1:54,1300000
The Last Letter From Your Lover,No,2021-07-23,2400000,1:51,1300000
Yakin Nikah,Yes,,2400000,1:48,1300000
Backstabbing for Beginners,No,,2300000,1:48,1300000
Dhoom Dhaam // धूम धाम,Yes,2025-02-14,2300000,1:49,1300000
Ghost in the Shell (2017),No,,2300000,1:48,1300000
Miss Bala (2019),No,,2300000,1:44,1300000
My Hero Academia: You're Next // 僕のヒーローアカデミア THE MOVIE ユア ネクスト,No,,2300000,1:50,1300000
Project Almanac,No,,2300000,1:47,1300000
Rocky V,No,,2300000,1:44,1300000
Sugar and Stars // À la belle étoile,No,,2300000,1:50,1300000
The Father Who Moves Mountains // Tata Mută Munții,Yes,2021-09-17,2300000,1:49,1300000
The Last Airbender,No,,2300000,1:44,1300000
The Quake // Skjelvet,No,,2300000,1:43,1300000
14 Peaks: Nothing Is Impossible,Yes,2021-11-29,2200000,1:41,1300000
A Babysitter's Guide to Monster Hunting,Yes,2020-10-15,2200000,1:39,1300000
All-Time High // Nouveaux riches,Yes,2023-11-17,2200000,1:43,1300000
Divorce // Divórcio,No,,2200000,1:45,1300000
Eli,Yes,2019-10-18,2200000,1:38,1300000
God's Country (2022),No,,2200000,1:43,1300000
Groom & Two Brides // عريس وعروستين,Yes,2025-11-07,2200000,1:38,1300000
Hard Feelings // Hammerharte Jungs,Yes,2023-05-24,2200000,1:43,1300000
Honeymoonish // شهر زي العسل,Yes,2024-04-29,2200000,1:40,1300000
How I Became a Superhero // Comment je suis devenu super-héros,Yes,2021-07-09,2200000,1:41,1300000
Little Fockers,No,,2200000,1:39,1300000
My Best Friend Anne Frank // Mijn beste vriendin Anne Frank,Yes,2022-02-01,2200000,1:43,1300000
The Dead Don't Die,No,,2200000,1:45,1300000
The Hitman's Wife's Bodyguard,No,,2200000,1:40,1300000
6 Days,No,2017-11-03,2100000,1:35,1300000
Abominable (2019),No,,2100000,1:37,1300000
Apollo 13: Survival,Yes,2024-09-05,2100000,1:38,1300000
Blue Miracle,Yes,2021-05-27,2100000,1:37,1300000
Clueless (1995),No,,2100000,1:38,1300000
Heartman: Rock and Love // 하트맨,No,,2100000,1:40,1300000
She's All That,No,,2100000,1:36,1300000
The Blackening,No,,2100000,1:37,1300000
The Call (2013),No,,2100000,1:34,1300000
The Life Ahead // La vita davanti a sé,Yes,2020-11-13,2100000,1:35,1300000
Turma Da Monica: Lacos,No,,2100000,1:37,1300000
Unforgettable (2017),No,,2100000,1:40,1300000
Urban Legend (1998),No,,2100000,1:40,1300000
5 Flights Up,No,,2000000,1:32,1300000
A Merry Little Ex-Mas,Yes,2025-11-12,2000000,1:31,1300000
Death at a Funeral (2010),No,,2000000,1:33,1300000
Dosa Musyrik,No,,2000000,1:34,1300000
Falling for Christmas,Yes,2022-11-10,2000000,1:35,1300000
Gifted Hands: The Ben Carson Story,No,,2000000,1:30,1300000
House on Haunted Hill,No,,2000000,1:33,1300000
Hypnotic (2023),No,,2000000,1:29,1300000
Mama: Pesan Dari Neraka,No,,2000000,1:32,1300000
Mikaela,No,2025-06-06,2000000,1:31,1300000
Return of the King: The Fall and Rise of Elvis Presley,Yes,2024-11-13,2000000,1:31,1300000
Sleepover (2004),No,,2000000,1:29,1300000
Start Me Up // On fait quoi maintenant ?,No,,2000000,1:31,1300000
Unfrosted,Yes,2024-05-03,2000000,1:36,1300000
You Get Me,No,2017-06-23,2000000,1:29,1300000
Afraid (2024),No,,1900000,1:25,1300000
Beverly Hills Ninja,No,,1900000,1:29,1300000
Bride Wars (2009),No,,1900000,1:29,1300000
Choose or Die,Yes,2022-04-15,1900000,1:26,1300000
Io Sono Rosa Ricci,No,,1900000,1:31,1300000
My Octopus Teacher,Yes,2020-09-07,1900000,1:26,1300000
Oklahoma City Bombing: American Terror,Yes,2025-04-18,1900000,1:25,1300000
Sniper: Reloaded,No,,1900000,1:31,1300000
Terror Comes Knocking: The Marcela Borges Story,No,,1900000,1:26,1300000
The Campaign (2012),No,,1900000,1:25,1300000
The Old Ways,Yes,,1900000,1:30,1300000
The Witches (1990),No,,1900000,1:31,1300000
Arizona (2018),No,,1800000,1:24,1300000
Eloá the Hostage: Live on TV // Caso Eloá: Refém ao Vivo,Yes,2025-11-12,1800000,1:25,1300000
The Benchwarmers,No,,1800000,1:26,1300000
Underworld: Awakening,No,,1800000,1:25,1300000
Surviving Paradise: A Family Tale,Yes,2022-03-03,1700000,1:19,1300000
Welcome to Sudden Death,No,,1700000,1:20,1300000
Malibu Rescue,Yes,2019-05-13,1500000,1:10,1300000
Baki Hanma VS Kengan Ashura // 範馬刃牙VSケンガンアシュラ,Yes,2024-06-06,1400000,1:03,1300000
Sara - Imagination and Discoveries // Sara - Imaginação e Descobertas,No,,1000000,0:48,1300000
"Masaka Kids, A Rhythm Within",Yes,2025-12-09,900000,0:40,1300000
Baahubali The Epic // बाहुबली: महागाथा,No,,4300000,3:44,1200000
RRR (Hindi),No,,3800000,3:06,1200000
GOAT - The Greatest of All Time,Yes,,3600000,3:01,1200000
Gangs of New York,No,,3400000,2:47,1200000
Yeh Jawaani Hai Deewani // ये जवानी है दीवानी,Yes,,3300000,2:40,1200000
Article 370 // आर्टिकल 370,No,,3200000,2:37,1200000
In the Hand of Dante,No,2026-06-24,3200000,2:36,1200000
The Truce // La tregua,No,2026-03-04,3100000,2:31,1200000
Mujhse Dosti Karoge! // मुझसे दोस्ती करोगे!,Yes,,3000000,2:29,1200000
Chernobyl 1986 // Чернобыль,No,2021-06-02,2800000,2:16,1200000
Outside,Yes,2024-10-17,2800000,2:22,1200000
The Shawshank Redemption,No,,2800000,2:22,1200000
As Good as It Gets (1997),No,,2700000,2:19,1200000
Battleship,No,,2700000,2:11,1200000
Marriage Story,Yes,2019-12-06,2700000,2:17,1200000
Mission Majnu // मिशन मजनू,Yes,2023-01-20,2700000,2:10,1200000
Rurouni Kenshin: Kyoto Inferno // るろうに剣心 京都大火編,No,,2700000,2:19,1200000
Talvar // तलवार,Yes,,2700000,2:13,1200000
Rurouni Kenshin: The Legend Ends // るろうに剣心 伝説の最期編,No,,2600000,2:14,1200000
Terminator Genisys,No,,2600000,2:07,1200000
The Power of the Dog,Yes,2021-12-01,2600000,2:09,1200000
The Two Popes,Yes,2019-12-20,2600000,2:06,1200000
Undertaker // สัปเหร่อ,No,,2600000,2:05,1200000
15 Minutes (2001),No,,2500000,2:01,1200000
And The Breadwinner Is...,Yes,,2500000,2:03,1200000
Do Patti // दो पत्ती,Yes,2024-10-25,2500000,2:08,1200000
Downton Abbey: A New Era,No,,2500000,2:05,1200000
Ferrari (2023),No,,2500000,2:10,1200000
Homebound (2025),No,,2500000,2:01,1200000
"Mary, Queen of Scots (2018)",No,,2500000,2:04,1200000
Revelations // 계시록,Yes,2025-03-21,2500000,2:02,1200000
Sector 36 // सेक्टर 36,Yes,2024-09-13,2500000,2:04,1200000
The Whole Truth // ปริศนารูหลอน,Yes,2021-12-02,2500000,2:06,1200000
Becoming Led Zeppelin,No,,2400000,2:02,1200000
Call Me Dad // Panggil Aku Ayah,Yes,,2400000,2:00,1200000
Como caído del cielo,No,2019-12-24,2400000,1:57,1200000
Diamonds Are Forever,No,,2400000,2:00,1200000
G.I. Joe: The Rise of Cobra,No,,2400000,1:59,1200000
Live and Let Die,No,,2400000,2:02,1200000
No Limit // Sous emprise,Yes,2022-09-09,2400000,1:59,1200000
Selena y Los Dinos: A Family’s Legacy,Yes,2025-11-17,2400000,1:57,1200000
The 8th Night // 제8일의 밤,Yes,2021-07-02,2400000,1:56,1200000
The Hunger Games: Mockingjay - Part 1,No,,2400000,2:03,1200000
The Intern (2015),No,,2400000,2:02,1200000
The Man with the Golden Gun,No,,2400000,2:05,1200000
Escape from Alcatraz,No,,2300000,1:52,1200000
Gran Torino,No,,2300000,1:57,1200000
Memory (2022),No,,2300000,1:54,1200000
Only Your Name in My Prayers // Hanya Namamu Dalam Doaku,No,,2300000,1:53,1200000
Prayers for the Stolen // Noche de fuego,No,2021-11-16,2300000,1:51,1200000
Sumala,Yes,,2300000,1:53,1200000
The 24th,No,,2300000,1:53,1200000
The Pursuit of Happyness (2006),No,,2300000,1:57,1200000
The Tinder Swindler,Yes,2022-02-02,2300000,1:54,1200000
Unlocked // 스마트폰을 떨어뜨렸을 뿐인데,Yes,2023-02-17,2300000,1:58,1200000
Wedding Crashers,No,,2300000,1:59,1200000
Borderless Fog // Kabut Berduri,Yes,2024-08-01,2200000,1:52,1200000
Forgotten // 기억의 밤,Yes,2018-02-21,2200000,1:49,1200000
Halloween (2018),No,,2200000,1:46,1200000
London Calling (2025),No,,2200000,1:50,1200000
Miracles from Heaven,No,,2200000,1:49,1200000
Stolen,Yes,2024-04-12,2200000,1:47,1200000
The Art of Racing in the Rain,No,,2200000,1:50,1200000
The Conjuring,No,,2200000,1:52,1200000
The Siege of Jadotville,Yes,2016-10-07,2200000,1:48,1200000
Wild Things (1998),No,,2200000,1:48,1200000
Always Be My Maybe,Yes,2019-05-31,2100000,1:42,1200000
Caddo Lake,No,,2100000,1:43,1200000
Dante's Peak,No,,2100000,1:48,1200000
Detective Conan the Movie: Black Iron Submarine // 劇場版 名探偵コナン 黒鉄の魚影,No,,2100000,1:49,1200000
Dora and the Lost City of Gold,No,,2100000,1:42,1200000
Ip Man 2 // 葉問 2 // 叶问 2：宗师传奇,No,,2100000,1:48,1200000
Love Hard,Yes,2021-11-05,2100000,1:46,1200000
Mississippi Grind,No,,2100000,1:49,1200000
Sleeping with Other People,No,,2100000,1:41,1200000
The Hating Game,No,,2100000,1:43,1200000
Everybody's Fine (2009),No,,2000000,1:40,1200000
Food Truck: Stolen Love...and Moo Deng // ฟู้ดทรัค รัก(ลัก)หมูเด้ง,Yes,,2000000,1:43,1200000
Gold Brick // Cash,Yes,2023-07-06,2000000,1:37,1200000
Like Father,Yes,2018-08-03,2000000,1:44,1200000
MaXXXine,No,,2000000,1:44,1200000
Metal Lords,Yes,2022-04-08,2000000,1:39,1200000
Padre no hay más que uno 5,No,,2000000,1:40,1200000
Searching (2018),No,,2000000,1:42,1200000
Sweet & Sour // 새콤달콤,Yes,2021-06-04,2000000,1:43,1200000
Swim to Me // Limpia,Yes,2025-10-10,2000000,1:43,1200000
The Losers (2010),No,,2000000,1:37,1200000
The Wedding Planner (2001),No,,2000000,1:44,1200000
Um Tio Quase Perfeito 2,No,,2000000,1:42,1200000
Wild Mountain Thyme,No,,2000000,1:43,1200000
Art of Love // Romantik Hırsız,Yes,2024-03-14,1900000,1:39,1200000
Baby Mama,No,,1900000,1:39,1200000
Before I Go to Sleep,No,,1900000,1:32,1200000
Boonie Bears: Back To Earth // 熊出沒·重返地球 // 熊出没·重返地球,No,,1900000,1:38,1200000
Ella Enchanted,No,,1900000,1:36,1200000
Find Me Falling,Yes,2024-07-19,1900000,1:34,1200000
Fire // Fuego,No,,1900000,1:39,1200000
First Sunday,No,,1900000,1:38,1200000
Ghost Island // Pulau Hantu,No,,1900000,1:35,1200000
I.S.S.,No,,1900000,1:36,1200000
Love Tactics 2 // Aşk Taktikleri 2,Yes,2023-07-14,1900000,1:39,1200000
Mr. Peabody & Sherman,No,,1900000,1:33,1200000
Our Father,Yes,2022-05-11,1900000,1:37,1200000
Smothered // Legenda Kelam Malin Kundang,No,,1900000,1:39,1200000
Someone Great,Yes,2019-04-19,1900000,1:32,1200000
Sully,No,,1900000,1:36,1200000
The Curse of La Llorona,No,,1900000,1:33,1200000
The Great Seduction // La gran seducción,Yes,2023-08-30,1900000,1:36,1200000
Giving Hope: The Ni’cola Mitchell Story,No,,1800000,1:27,1200000
Our Times // Nuestros tiempos,Yes,2025-06-11,1800000,1:31,1200000
Saw II,No,,1800000,1:33,1200000
Spell (2020),No,,1800000,1:32,1200000
The Babysitter (1995),No,,1800000,1:29,1200000
The Price of Nonna's Inheritance // Ricchi a tutti i costi,Yes,2024-06-04,1800000,1:30,1200000
The Unholy Trinity,No,,1800000,1:31,1200000
Up Next: Silvio Santos // Silvio Santos Vem Aí,Yes,,1800000,1:30,1200000
Beneath (2007),No,,1600000,1:22,1200000
The Cat Returns // 猫の恩返し,No,,1500000,1:15,1200000
Untold: The Murder of Air McNair,Yes,2024-08-20,1200000,0:59,1200000
The Seat,No,,800000,0:40,1200000
An Elf's Story: The Elf on the Shelf,No,,500000,0:26,1200000
Dilwale Dulhania Le Jayenge // दिलवाले दुल्हनिया ले जाएंगे,Yes,,3500000,3:10,1100000
Braveheart,No,,3300000,2:58,1100000
Devara,Yes,,3100000,2:52,1100000
Khufiya // खुफ़िया,Yes,2023-10-05,3000000,2:39,1100000
The Godfather Coda: The Death of Michael Corleone,No,,2900000,2:38,1100000
Dragon (2025),Yes,,2800000,2:34,1100000
Zero Dark Thirty,No,,2800000,2:37,1100000
Black Hawk Down,No,,2700000,2:25,1100000
Furioza,Yes,2022-04-01,2700000,2:21,1100000
Whitney Houston: I Wanna Dance with Somebody,No,,2700000,2:24,1100000
Bangkok Breaking: Heaven and Hell // Bangkok Breaking: ฝ่านรกเมืองเทวดา,Yes,2024-09-26,2600000,2:27,1100000
Beasts of No Nation,Yes,2015-10-16,2600000,2:17,1100000
Dhadak 2 // धड़क 2,Yes,,2600000,2:23,1100000
Hum Tum // हम तुम,Yes,,2600000,2:22,1100000
The Hunger Games: Mockingjay - Part 2,No,,2600000,2:17,1100000
The Rainmaker (1997),No,,2600000,2:16,1100000
The Talented Mr. Ripley,No,,2600000,2:19,1100000
Coach Carter,No,,2500000,2:17,1100000
Godzilla (1998),No,,2500000,2:19,1100000
Silverado,No,,2500000,2:13,1100000
Telusu Kada,Yes,,2500000,2:13,1100000
The Holdovers,No,,2500000,2:13,1100000
Darlings // डार्लिंग्स,Yes,2022-08-05,2400000,2:15,1100000
HELL DOGS - IN THE HOUSE OF BAMBOO - // ヘルドッグス,Yes,2022-12-16,2400000,2:17,1100000
Munich – The Edge of War,Yes,2022-01-21,2400000,2:11,1100000
Night in Paradise // 낙원의 밤,Yes,2021-04-09,2400000,2:12,1100000
Operation Mincemeat,No,2022-05-11,2400000,2:08,1100000
The Living Daylights,No,,2400000,2:11,1100000
A League of Their Own (1992),No,,2300000,2:08,1100000
Darkest Hour (2017),No,,2300000,2:06,1100000
Eine Million Minuten,No,,2300000,2:06,1100000
For Your Eyes Only,No,,2300000,2:08,1100000
King Arthur: Legend of the Sword,No,,2300000,2:06,1100000
Suzume // すずめの戸締まり,No,,2300000,2:02,1100000
Wild Is the Wind,Yes,2022-10-28,2300000,2:08,1100000
1917,No,,2200000,1:59,1100000
Eurovision Song Contest: The Story of Fire Saga,Yes,2020-06-26,2200000,2:04,1100000
Happy Patel - Khatarnak Jasoos // हैप्पी पटेल,Yes,,2200000,1:57,1100000
Little Women (1994),No,,2200000,1:59,1100000
The Boy and the Heron // 君たちはどう生きるか,No,,2200000,2:04,1100000
The Lost Daughter,No,2021-12-31,2200000,2:03,1100000
The Mortal Instruments: City of Bones,No,,2200000,2:05,1100000
The Night Comes for Us,Yes,2018-10-19,2200000,2:01,1100000
Father Figures (2017),No,,2100000,1:53,1100000
Get Smart (2008),No,,2100000,1:50,1100000
Rez Ball,Yes,2024-09-27,2100000,1:53,1100000
Sleeping Dogs (2024),No,,2100000,1:51,1100000
Fack ju Göhte,No,,2100000,1:52,1100000
The A-Team (2010),No,,2100000,1:59,1100000
The Call // 콜,Yes,2020-11-27,2100000,1:52,1100000
The Hitman’s Bodyguard,No,2017-08-25,2100000,1:58,1100000
The Trip // I onde dager,No,2021-10-15,2100000,1:53,1100000
A True Gentleman // Tam Bir Centilmen,Yes,2024-09-26,2000000,1:51,1100000
After We Collided,No,2020-12-01,2000000,1:45,1100000
Detective Conan: The Million-Dollar Pentagram // 劇場版 名探偵コナン 100万ドルの五稜星,No,,2000000,1:50,1100000
Facing the Giants,No,,2000000,1:51,1100000
Ghost Rider (2007),No,,2000000,1:50,1100000
Layer Cake,No,,2000000,1:45,1100000
Mr. Harrigan's Phone,Yes,2022-10-05,2000000,1:46,1100000
Splash (1984),No,,2000000,1:50,1100000
Fack ju Göhte 2,No,,2000000,1:51,1100000
Superbad,No,,2000000,1:53,1100000
The Last Word (2017),No,,2000000,1:47,1100000
The Last: Naruto the Movie,No,,2000000,1:52,1100000
The Photographer Of Mauthausen // El fotógrafo de Mauthausen,Yes,2019-02-22,2000000,1:50,1100000
The Water Horse: Legend of the Deep,No,,2000000,1:52,1100000
Air Mata Di Ujung Sajadah 2,No,,1900000,1:45,1100000
Crayon Shin-chan the Movie: Our Dinosaur Diary // 映画クレヨンしんちゃん オラたちの恐竜日記,No,,1900000,1:45,1100000
Dolittle,No,,1900000,1:42,1100000
Get Hard,No,,1900000,1:40,1100000
Life or Something Like It,No,,1900000,1:44,1100000
Minha Vida Em Marte,No,,1900000,1:42,1100000
Not Easily Broken,No,,1900000,1:40,1100000
Postcards from the Edge,No,,1900000,1:42,1100000
Rich in Love // Ricos de Amor,Yes,2020-04-30,1900000,1:46,1100000
Summer Vacation // Vacaciones de verano,Yes,,1900000,1:40,1100000
The Dukes of Hazzard,No,,1900000,1:44,1100000
The Kitchen (2019),No,,1900000,1:43,1100000
The Noel Diary,Yes,2022-11-24,1900000,1:41,1100000
The Outfit (2022),No,,1900000,1:46,1100000
The Perfect Guy,No,,1900000,1:40,1100000
Tô Ryca,No,,1900000,1:48,1100000
13: The Musical,Yes,2022-08-12,1800000,1:35,1100000
17 Again,No,,1800000,1:42,1100000
A Cinderella Story,No,,1800000,1:35,1100000
A Classic Horror Story,Yes,2021-07-14,1800000,1:35,1100000
Alone (2020),No,,1800000,1:38,1100000
Don't Breathe 2,No,,1800000,1:38,1100000
Don't Let's Go to the Dogs Tonight,No,,1800000,1:39,1100000
Event Horizon (1997),No,,1800000,1:36,1100000
Kitab Sijjin and Illiyyin // Kitab Sijjin & Illiyyin,No,,1800000,1:39,1100000
NIA,No,,1800000,1:42,1100000
Qifarah,No,,1800000,1:35,1100000
Taxi (2004),No,,1800000,1:37,1100000
The Answer Man,No,,1800000,1:37,1100000
The Laundromat,Yes,2019-10-18,1800000,1:36,1100000
The Mule (2018),No,,1800000,1:42,1100000
Warm Bodies,No,,1800000,1:38,1100000
Best in Show,No,,1700000,1:30,1100000
Bigfoot Junior,No,,1700000,1:32,1100000
Cash Out,No,,1700000,1:30,1100000
Chaos: The Manson Murders,Yes,2025-03-07,1700000,1:37,1100000
Chavín De Huántar: The Rescue of the Century // Chavín de Huántar: el rescate del siglo,No,,1700000,1:35,1100000
Companion,No,,1700000,1:37,1100000
Crayon Shinchan: Very Tasty! B-class Gourmet Survival!! // 映画クレヨンしんちゃん バカうまっ! B級グルメサバイバル!!,No,,1700000,1:36,1100000
Malevolent,No,2018-10-05,1700000,1:29,1100000
Mr Bean's Holiday,No,,1700000,1:30,1100000
Premonition (2007),No,,1700000,1:33,1100000
Scouts Honor: The Secret Files of the Boy Scouts of America,Yes,2023-09-06,1700000,1:35,1100000
Si Paling Aktor,No,,1700000,1:30,1100000
Steve,Yes,2025-10-03,1700000,1:34,1100000
The Water Man,No,2021-07-09,1700000,1:32,1100000
Twisted (2004),No,,1700000,1:37,1100000
Unknown: Cave of Bones,Yes,2023-07-17,1700000,1:35,1100000
Wrong Place,No,,1700000,1:36,1100000
An American Pickle,No,,1600000,1:28,1100000
Attack the Block,No,,1600000,1:28,1100000
Borat,No,,1600000,1:24,1100000
Care (2018),No,,1600000,1:29,1100000
Haikyu!!: The Dumpster Battle // 劇場版ハイキュー!! ゴミ捨て場の決戦,No,,1600000,1:24,1100000
Hats Off to Love,No,,1600000,1:24,1100000
"Hello, My Name Is Doris",No,,1600000,1:30,1100000
Jailbreak: Love on the Run,Yes,2024-09-25,1600000,1:29,1100000
Kangaroo Jack,No,,1600000,1:29,1100000
La Leyenda De Las Momias De Guanajuato,No,,1600000,1:24,1100000
Les Condés,No,,1600000,1:25,1100000
Padres,No,,1600000,1:24,1100000
Project X (2012),No,,1600000,1:28,1100000
The Good Son (1993),No,,1600000,1:27,1100000
A Cowboy Christmas Romance,No,,1500000,1:25,1100000
David Attenborough: A Life on Our Planet,Yes,2020-10-04,1500000,1:24,1100000
Unknown: The Lost Pyramid,Yes,2023-07-03,1500000,1:24,1100000
Wheelman,Yes,2017-10-20,1500000,1:22,1100000
Where Am I Going? // Quo vado?,No,,1500000,1:24,1100000
Hack Your Health: The Secrets of Your Gut,Yes,2024-04-26,1400000,1:20,1100000
Barbie: Skipper and the Big Babysitting Adventure,Yes,,1200000,1:03,1100000
Untold: The Liver King,Yes,2025-05-13,1200000,1:08,1100000
Animals on the Loose: A You vs. Wild Movie,No,2025-01-23,800000,0:43,1100000
Anpanman: Anpanman Summer Festival // 映画 それいけ! アンパンマン リズムでうたおう!  アンパンマン夏まつり,No,,400000,0:21,1100000
"Anpanman: Let's Get Rhythm of the Hands, Anpanman and Wonder Parasol // 映画 それいけ! アンパンマン リズムでてあそび アンパンマンとふしぎなパラソル",No,,400000,0:21,1100000
¡Que viva México!,Yes,2023-05-11,3300000,3:11,1000000
Salaar,Yes,,3000000,2:54,1000000
Bison Kaalamaadan,No,,2900000,2:46,1000000
Saripodhaa Sanivaaram,Yes,,2800000,2:52,1000000
'83,No,,2700000,2:40,1000000
Retro,No,,2600000,2:43,1000000
Zodiac (2007),No,,2600000,2:38,1000000
Raw (Hindi) (2022),No,,2500000,2:37,1000000
Sooryavanshi // सूर्यवंशी,Yes,,2500000,2:24,1000000
Bhool Bhulaiyaa,Yes,,2400000,2:28,1000000
Daaku Maharaaj,Yes,,2400000,2:23,1000000
GoodFellas,No,,2400000,2:25,1000000
Memoirs of a Geisha,No,,2400000,2:25,1000000
New York // न्यू यॉर्क,Yes,,2400000,2:31,1000000
Respect (2021),No,,2400000,2:25,1000000
Silver Skates // Серебряные коньки,No,2021-05-05,2400000,2:18,1000000
Warrior (2011),No,,2400000,2:20,1000000
Band Baaja Baaraat // बैंड बाजा बारात,Yes,,2300000,2:19,1000000
This Is 40,No,,2300000,2:14,1000000
A View to a Kill,No,,2200000,2:11,1000000
City of God // Cidade de Deus,No,,2200000,2:10,1000000
Ghost (1990),No,,2200000,2:07,1000000
Gold Boy // ゴールド・ボーイ,No,,2200000,2:09,1000000
Golden Kamuy // ゴールデンカムイ,Yes,2024-05-19,2200000,2:09,1000000
Good Bad Ugly (2025),No,,2200000,2:18,1000000
Inside Man (2006),No,,2200000,2:09,1000000
Lefter: The Story of The Ordinarius // Lefter: Bir Ordinaryüs Hikayesi,Yes,2025-11-14,2200000,2:06,1000000
Moonraker,No,,2200000,2:06,1000000
The Conjuring 2,No,,2200000,2:14,1000000
The Great Raid,No,,2200000,2:13,1000000
The Spy Who Loved Me,No,,2200000,2:06,1000000
The Witch : Part2. The Other One // 마녀 Part2. The Other One,No,,2200000,2:17,1000000
Hotel Mumbai,No,,2100000,2:03,1000000
Joker (2019),No,,2100000,2:02,1000000
Kleks Academy // Akademia pana Kleksa,Yes,2024-05-08,2100000,2:07,1000000
Mercato (2025),No,,2100000,2:03,1000000
Miami Vice (2006),No,,2100000,2:12,1000000
Rounders,No,,2100000,2:01,1000000
The Accountant (2016),No,,2100000,2:08,1000000
90 Minutes in Heaven,No,,2000000,2:02,1000000
Gingerrr,No,,2000000,1:55,1000000
Julie & Julia,No,,2000000,2:03,1000000
Midnight Express,No,,2000000,2:01,1000000
The Alto Knights,No,,2000000,2:03,1000000
The Founder (2016),No,,2000000,1:55,1000000
The General's Daughter (1999),No,,2000000,1:57,1000000
The Pledge (2001),No,,2000000,2:03,1000000
True Romance,No,,2000000,2:01,1000000
Wasiat Warisan,No,,2000000,1:55,1000000
A Thousand and One,No,,1900000,1:57,1000000
Bugün Güzel,No,,1900000,1:58,1000000
"Crouching Tiger, Hidden Dragon // 臥虎藏龍 // 卧虎藏龙",No,,1900000,2:00,1000000
Dangerous Liaisons // Les Liaisons dangereuses,Yes,2022-07-08,1900000,1:49,1000000
Dem Horizont so nah,No,,1900000,1:57,1000000
Dirty Grandpa,No,,1900000,1:50,1000000
Immortals (2011),No,,1900000,1:51,1000000
Indecent Proposal,No,,1900000,1:57,1000000
Jesus Revolution,No,,1900000,2:00,1000000
Keluarga Super Irit,Yes,,1900000,1:57,1000000
The Childe // 귀공자,No,,1900000,1:53,1000000
The Cursed (2021),No,,1900000,1:52,1000000
The Interview (2014),No,,1900000,1:52,1000000
The Last of the Mohicans (1992),No,,1900000,1:52,1000000
The Professionals (1966),No,,1900000,1:58,1000000
The Starling Girl,No,,1900000,1:57,1000000
Trading Places (1983),No,,1900000,1:57,1000000
A Man of Action // Un hombre de acción,Yes,2022-11-30,1800000,1:52,1000000
Archive,No,,1800000,1:50,1000000
Caterpillar (2025),No,,1800000,1:52,1000000
Dark Places (2015),No,,1800000,1:52,1000000
Did You Hear About the Morgans?,No,,1800000,1:44,1000000
Gunslingers (2025),No,,1800000,1:44,1000000
I Am Frankelda // Soy Frankelda,No,2026-06-12,1800000,1:45,1000000
Kangaroo Island,No,,1800000,1:51,1000000
The 5th Wave,No,,1800000,1:53,1000000
The Desperate Chase // 필사의 추격,No,,1800000,1:50,1000000
The Princess Switch 3: Romancing the Star,Yes,2021-11-18,1800000,1:46,1000000
Borderlands (2024),No,,1700000,1:41,1000000
Death Before the Wedding // Zgon przed weselem,Yes,2025-02-12,1700000,1:47,1000000
"Fish, Fists and Ambergris // Truy Tìm Long Diên Hương",No,,1700000,1:44,1000000
Hit & Run (2012),No,,1700000,1:40,1000000
Horrible Bosses,No,,1700000,1:38,1000000
Maid in Manhattan (2002),No,,1700000,1:45,1000000
Misery (1990),No,,1700000,1:47,1000000
Morbius,No,,1700000,1:44,1000000
Pelé: Birth of a Legend (2016),No,,1700000,1:47,1000000
RV,No,,1700000,1:39,1000000
Snatch (2000),No,,1700000,1:43,1000000
Swordfish,No,,1700000,1:39,1000000
The Edge of Seventeen,No,,1700000,1:46,1000000
The Time Traveler's Wife (2009),No,,1700000,1:47,1000000
The Titan,No,2018-03-30,1700000,1:38,1000000
Uncommon Valor,No,,1700000,1:45,1000000
Whiteout (2009),No,,1700000,1:41,1000000
7 Prisoners // 7 Prisioneiros,Yes,2021-11-11,1600000,1:35,1000000
A Girl Named Willow // Ein Mädchen Namens Willow,No,,1600000,1:36,1000000
ATHENA,Yes,2022-09-23,1600000,1:40,1000000
Chasing the Wind // Rüzgara Bırak,Yes,,1600000,1:36,1000000
Chris & Martina: The Final Set,Yes,2026-06-26,1600000,1:38,1000000
Code 3,No,,1600000,1:40,1000000
Crank: High Voltage,No,,1600000,1:36,1000000
Dawn of the Dead (2004),No,,1600000,1:40,1000000
Faster (2010),No,,1600000,1:38,1000000
India Sweets and Spices,No,,1600000,1:41,1000000
IO,Yes,2019-01-18,1600000,1:36,1000000
Jigsaw (2017),No,,1600000,1:32,1000000
My Big Fat Greek Wedding 3,No,,1600000,1:32,1000000
Paper Lives // Kağıttan Hayatlar,Yes,2021-03-12,1600000,1:37,1000000
"Run, Fatboy, Run",No,,1600000,1:36,1000000
Smallfoot,No,,1600000,1:36,1000000
The Contract (2006),No,,1600000,1:36,1000000
The Man with the Iron Fists,No,,1600000,1:35,1000000
The Social Dilemma,Yes,2020-09-09,1600000,1:35,1000000
The Story of Us (1999),No,,1600000,1:35,1000000
The Travellers,No,,1600000,1:37,1000000
Too Old for Fairy Tales 2 // Za duży na bajki 2,Yes,2024-06-01,1600000,1:35,1000000
A Christmas Prince,Yes,2017-11-17,1500000,1:33,1000000
Clown in A Cornfield,No,,1500000,1:33,1000000
Dead Sea (2024),No,,1500000,1:28,1000000
Easy A,No,,1500000,1:32,1000000
F*ck Love Too // F*ck de Liefde 2,Yes,2022-05-20,1500000,1:33,1000000
His House,Yes,2020-10-30,1500000,1:33,1000000
Last Call for Istanbul // İstanbul için son çağrı,Yes,2023-11-24,1500000,1:31,1000000
Meru,No,,1500000,1:30,1000000
Monster House (2006),No,,1500000,1:31,1000000
Non Negotiable // No negociable,Yes,2024-07-26,1500000,1:27,1000000
Planet 51,No,,1500000,1:31,1000000
Poldi,Yes,2026-06-04,1500000,1:34,1000000
Stephen King's Sleepwalkers,No,,1500000,1:29,1000000
The Hatchet Wielding Hitchhiker,Yes,2023-01-10,1500000,1:27,1000000
The Possession of Hannah Grace,No,,1500000,1:26,1000000
White Fang,No,2018-07-06,1500000,1:28,1000000
7 Women and a Murder // 7 Donne e un Mistero,No,2022-12-28,1400000,1:25,1000000
A Royal Date for Christmas,No,,1400000,1:28,1000000
Fixed,Yes,2025-08-13,1400000,1:27,1000000
Mädchen Mädchen (2025),No,,1400000,1:25,1000000
Poisoned: The Dirty Truth About Your Food,Yes,2023-08-02,1400000,1:24,1000000
The Decline // Jusqu'au déclin,Yes,2020-03-27,1400000,1:23,1000000
Wanted Man,No,,1400000,1:25,1000000
7 Virgins // 7 vírgenes,No,,1300000,1:21,1000000
Corpse Bride,No,,1300000,1:17,1000000
Einstein and the Bomb,Yes,2024-02-16,1300000,1:17,1000000
Mysteries of the Terracotta Warriors,Yes,2024-06-12,1300000,1:18,1000000
Cunk on Life,Yes,2025-01-02,1200000,1:11,1000000
The Ozempic Effect,No,,900000,0:52,1000000
PAW Patrol: Mighty Pups,No,,700000,0:44,1000000
Veer-Zaara // वीर-ज़ारा,Yes,,3000000,3:12,900000
CBI 5: The Brain,No,,2500000,2:42,900000
Dhoom: 3 // धूम: 3,Yes,,2500000,2:51,900000
Jab Tak Hai Jaan // जब तक है जान,Yes,,2500000,2:56,900000
Kalank // कलंक,Yes,,2500000,2:46,900000
Rab Ne Bana Di Jodi // रब ने बना दी जोड़ी,Yes,,2400000,2:44,900000
Tu Jhoothi Main Makkaar // तू झूठी मैं मक्कार,Yes,,2400000,2:39,900000
Triangle of Sadness,No,,2300000,2:27,900000
Gladiator (2000),No,,2200000,2:35,900000
Kingdom: Return of The Great General // キングダム 大将軍の帰還,No,,2200000,2:26,900000
Man of Steel (2013),No,,2200000,2:23,900000
Raat Akeli Hai // रात अकेली है,Yes,2020-07-31,2200000,2:30,900000
Green Snake // 白蛇 2：青蛇劫起,Yes,2021-12-01,2100000,2:13,900000
Kaantha,No,,2100000,2:28,900000
Ladies vs Ricky Bahl // लेडीज़ वर्सेस रिकी बहल,Yes,,2100000,2:19,900000
Mudbound,No,2017-11-17,2100000,2:15,900000
PK,Yes,,2100000,2:26,900000
Saathiya // साथिया,Yes,,2100000,2:18,900000
40 Secondi,No,,2000000,2:09,900000
Blood Brothers: Fury of the Dragon // Blood Brothers: Bara Naga,No,,2000000,2:10,900000
Call Me Chihiro // ちひろさん,Yes,2023-02-23,2000000,2:12,900000
Good News // 굿뉴스,No,2025-10-17,2000000,2:19,900000
Starship Troopers (1997),No,,2000000,2:09,900000
The Shack,No,,2000000,2:13,900000
A Jazzman's Blues,Yes,2022-09-23,1900000,2:08,900000
"Beauty and the Beat // ดีว่า..ราวี Diva, La Vie​",No,,1900000,2:04,900000
Castle in the Sky // 天空の城ラピュタ,No,,1900000,2:05,900000
Faceless // 正体,Yes,,1900000,2:01,900000
Ghostbusters: Afterlife,No,,1900000,2:04,900000
Licence to Kill,No,,1900000,2:13,900000
The Perfect Storm,No,,1900000,2:10,900000
The Vanishing of Sidney Hall,No,,1900000,2:01,900000
Arrogance and Virtue // 傲慢と善良,No,,1800000,2:00,900000
Dream // 드림,Yes,2023-07-25,1800000,2:05,900000
In the Heart of the Sea,No,,1800000,2:02,900000
Kandahar (2023),No,,1800000,2:00,900000
Montana Story,No,,1800000,1:54,900000
Nadaaniyan // नादानियां,Yes,2025-03-07,1800000,2:00,900000
Pídeme lo que quieras,No,,1800000,1:54,900000
Run All Night,No,,1800000,1:54,900000
Selena (1997),No,,1800000,2:07,900000
The Stranger,No,2022-10-19,1800000,1:58,900000
Aap Jaisa Koi // आप जैसा कोई,Yes,2025-07-11,1700000,1:55,900000
Blade: Trinity,No,,1700000,1:53,900000
Chor Nikal Ke Bhaga // चोर निकल के भागा,Yes,2023-03-24,1700000,1:51,900000
District 9,No,,1700000,1:52,900000
Estômago: A Gastronomic Story // Estômago,No,,1700000,1:53,900000
Greenland (2020),No,,1700000,1:59,900000
New Gods: Nezha Reborn // 新神榜：哪吒重生,Yes,2021-04-12,1700000,1:58,900000
Ocean's Eleven (2001),No,,1700000,1:57,900000
Red Sonja (2025),No,,1700000,1:51,900000
Fack ju Göhte 3,No,,1700000,1:55,900000
The Big Lebowski,No,,1700000,1:57,900000
The Birdcage,No,,1700000,1:59,900000
The Brothers Grimm (2005),No,,1700000,1:59,900000
The Menendez Brothers,Yes,2024-10-07,1700000,1:58,900000
The Night Owl // 올빼미,No,,1700000,1:58,900000
The Protege,No,,1700000,1:49,900000
Unsung Hero (2024),No,,1700000,1:53,900000
A Boy Called Christmas,No,2021-11-24,1600000,1:47,900000
Aşkın Yüzü,No,,1600000,1:44,900000
Beverly Hills Cop (1984),No,,1600000,1:46,900000
Bleach,Yes,2018-09-14,1600000,1:48,900000
Christmas on Mistletoe Farm,Yes,2022-11-23,1600000,1:44,900000
Civil War (2024),No,,1600000,1:49,900000
Code Name: Emperor // Código: Emperador,No,2022-08-12,1600000,1:45,900000
Concrete Cowboy,Yes,2021-04-02,1600000,1:52,900000
Denial (2016),No,,1600000,1:50,900000
Detective Conan the  Movie: Zero the Enforcer // 劇場版 名探偵コナン ゼロの執行人,No,,1600000,1:50,900000
Detective Conan the Movie: The Bride of Halloween // 劇場版 名探偵コナン ハロウィンの花嫁　,No,,1600000,1:50,900000
Little Miss Sunshine,No,,1600000,1:43,900000
Mothernet // Esok Tanpa Ibu,No,,1600000,1:47,900000
Mr. Church,No,,1600000,1:45,900000
Never Back Down 2: The Beatdown,No,,1600000,1:43,900000
Our Souls at Night,Yes,2017-09-29,1600000,1:43,900000
Planet Single: Greek Adventure // Planeta Singli 4: Wyspa,Yes,2025-08-27,1600000,1:44,900000
She's the Man,No,,1600000,1:45,900000
Side Effects (2013),No,,1600000,1:46,900000
Signs (2002),No,,1600000,1:47,900000
Takers,No,,1600000,1:47,900000
The Long Game (2023),No,,1600000,1:52,900000
The Postcard Killings,No,,1600000,1:44,900000
The Tourist (2010),No,,1600000,1:44,900000
The Vow (2012),No,,1600000,1:44,900000
To Die For (1995),No,,1600000,1:46,900000
"Vini Jr. // Baila, Vini",Yes,2025-05-15,1600000,1:48,900000
What to Expect When You're Expecting,No,,1600000,1:50,900000
Y Tu Mamá También,Yes,,1600000,1:45,900000
Camp Crasher // Campamento con mamá,Yes,2024-12-06,1500000,1:36,900000
Crayon Shinchan the Movie:  My Moving Story Cactus Attack // 映画クレヨンしんちゃん オラの引越し物語～サボテン大襲撃～,No,,1500000,1:44,900000
Flashdance,No,,1500000,1:35,900000
Ip Man 4: The Finale // 葉問4：完結篇 // 叶问4：完结篇,No,,1500000,1:45,900000
Kung Fu Hustle // 功夫,No,,1500000,1:39,900000
London Has Fallen,No,,1500000,1:39,900000
Love Thing // Liebesdings,No,,1500000,1:35,900000
Men in Black,No,,1500000,1:38,900000
Moms' Night Out,No,,1500000,1:39,900000
Nightbooks,Yes,2021-09-15,1500000,1:43,900000
Puss in Boots: The Last Wish,No,,1500000,1:42,900000
Satan // Satanás,No,,1500000,1:37,900000
Squared Love // Miłość do kwadratu,Yes,2021-02-11,1500000,1:43,900000
The Swarm // La Nuée,No,2021-08-06,1500000,1:42,900000
Upgrade,No,,1500000,1:40,900000
What Happens Later,No,,1500000,1:44,900000
Where the Tracks End // El último vagón,No,2023-05-26,1500000,1:36,900000
A Vampire in the Family // Meu Cunhado é Um Vampiro,No,2023-12-24,1400000,1:30,900000
Amateur,Yes,2018-04-06,1400000,1:36,900000
Brazil 2002 - Behind the Scenes of Brazil's Fifth FIFA World Cup Victory // Brasil 2002 - Os Bastidores do Penta,No,2022-10-03,1400000,1:30,900000
"Cayetana, everyone's Duchess // Cayetana, La Duquesa De Todos",No,,1400000,1:30,900000
Dennis the Menace (1993),No,,1400000,1:36,900000
Jingle All the Way (1996),No,,1400000,1:30,900000
Johnny Mnemonic,No,,1400000,1:37,900000
Madeline (1998),No,,1400000,1:29,900000
Magic Camp (2020),No,,1400000,1:38,900000
Mardi Gras: Spring Break,No,,1400000,1:29,900000
"Oh, Hi!",No,,1400000,1:35,900000
Pretty in Pink,No,,1400000,1:37,900000
Prey for the Devil,No,,1400000,1:33,900000
Sex Tape (2014),No,,1400000,1:35,900000
Small Things Like These,No,,1400000,1:38,900000
St Trinian's,No,,1400000,1:37,900000
Starship Troopers: Invasion,No,,1400000,1:29,900000
The Breakfast Club (1985),No,,1400000,1:37,900000
The Grudge (2020),No,,1400000,1:34,900000
The Lost Patient // Le patient,Yes,2022-11-25,1400000,1:33,900000
The Pink Panther 2,No,,1400000,1:32,900000
Venom: Let There Be Carnage,No,,1400000,1:37,900000
Victim/Suspect,Yes,2023-05-23,1400000,1:35,900000
Army of One (2020),No,,1300000,1:27,900000
Diary of a Wimpy Kid: The Long Haul,No,,1300000,1:31,900000
EuroTrip,No,,1300000,1:31,900000
Jules (2023),No,,1300000,1:27,900000
La leyenda de la Nahuala,No,,1300000,1:24,900000
O Último Azul,No,,1300000,1:26,900000
Salvageland,No,,1300000,1:31,900000
Sausage Party,No,,1300000,1:29,900000
Spy Kids,No,,1300000,1:28,900000
The Sweetest Thing,No,,1300000,1:29,900000
Twas the Text Before Christmas,No,,1300000,1:24,900000
Zoom: Academy for Superheroes,No,,1300000,1:28,900000
Sleeping Princess // Princesa Adormecida,Yes,,1200000,1:21,900000
The Devil on Trial,Yes,2023-10-17,1200000,1:22,900000
The Legend of the Chupacabra // La leyenda del Chupacabras,No,,1200000,1:23,900000
The Seven Deadly Sins: Cursed by Light // 七つの大罪 光に呪われし者たち,Yes,2021-10-01,1200000,1:20,900000
Invader Zim: Enter the Florpus,Yes,2019-08-16,1100000,1:12,900000
Pinkfong Sing-Along Movie 3: Catch the Gingerbread Man // 핑크퐁 시네마 콘서트 3: 진저브레드맨을 잡아라,Yes,,1000000,1:05,900000
T'choupi,No,,1000000,1:07,900000
Barbie & Teresa: Recipe For Friendship,Yes,,900000,1:01,900000
LOL Surprise: The Movie,Yes,,700000,0:48,900000
Murder on the Doorstep,No,,700000,0:48,900000
Bita and the Animals 2 // Bita e os Animais 2,No,,400000,0:27,900000
Elf Pets: Santa’s Reindeer Rescue,No,,400000,0:27,900000
Anpanman: Handgames: Coreen Becomes a Mother!? // 映画 それいけ! アンパンマン たのしくてあそび ママになったコキンちゃん!?,No,,300000,0:21,900000
If Anything Happens I Love You,Yes,2020-11-20,200000,0:13,900000
Happy New Year // हैप्पी न्यू इयर,No,,2300000,2:59,800000
The Aviator (2004),No,,2300000,2:50,800000
Bade Miyan Chote Miyan // बड़े मियां छोटे मियां,Yes,,2200000,2:43,800000
Bajrangi Bhaijaan // बजरंगी भाईजान,Yes,,2200000,2:39,800000
Elvis (2022),No,,2200000,2:39,800000
Leo (Hindi) (2023),No,,2200000,2:42,800000
Main Hoon Na,No,,2200000,2:51,800000
Dilwale (2015),No,,2100000,2:34,800000
Harry Potter and the Sorcerer's Stone,No,,2100000,2:32,800000
Meiyazhagan,Yes,,2100000,2:38,800000
Court: State vs A Nobody,Yes,,2000000,2:29,800000
Maareesan,No,,2000000,2:30,800000
Salaam Namaste // सलाम नमस्ते,Yes,,2000000,2:38,800000
Sex and the City: The Movie,No,,2000000,2:25,800000
Flight (2012),No,,1900000,2:20,800000
On Her Majesty's Secret Service,No,,1900000,2:22,800000
Sikandar Ka Muqaddar // सिकन्दर का मुकद्दर,Yes,2024-11-29,1900000,2:23,800000
Space Sweepers // 승리호,Yes,2021-02-05,1900000,2:17,800000
American Hustle,No,,1800000,2:18,800000
Bhakshak // भक्षक,Yes,2024-02-09,1800000,2:15,800000
Jaane Jaan // जाने जान,Yes,2023-09-21,1800000,2:19,800000
Lord of the Rings: The War of the Rohirrim,No,,1800000,2:14,800000
100 Songs for Stella // 100 Awit Para Kay Stella,No,,1700000,2:09,800000
BlacKkKlansman,No,,1700000,2:15,800000
Drifting Home // 雨を告げる漂流団地,Yes,2022-09-16,1700000,2:01,800000
Kang Mak from Pee Mak,Yes,,1700000,2:03,800000
Land Of Happiness // 행복의 나라,No,,1700000,2:04,800000
Maharaj // महाराज,Yes,2024-06-21,1700000,2:11,800000
Conclave,No,,1600000,2:00,800000
Doraemon: Nobita’s Earth Symphony // 映画ドラえもん のび太の地球交響楽,No,,1600000,1:55,800000
Dream Team (2026),No,,1600000,2:07,800000
Geronimo: An American Legend,No,,1600000,1:55,800000
Hunter Killer,No,,1600000,2:02,800000
Indiana Jones and the Raiders of the Lost Ark,No,,1600000,1:56,800000
Love and Leashes // 모럴센스,Yes,2022-02-11,1600000,1:59,800000
One Piece Film: Red,No,,1600000,1:55,800000
Shaitaan // शैतान,Yes,,1600000,2:08,800000
Sherlock Holmes (2009),No,,1600000,2:08,800000
Sound of Silence // 震耳欲聾 // 震耳欲聋,No,,1600000,2:05,800000
Tears of the Sun,No,,1600000,2:01,800000
The Best Man Holiday,No,,1600000,2:03,800000
Tòkunbọ̀,Yes,2024-08-23,1600000,1:53,800000
War Room (2015),No,,1600000,2:00,800000
2 Guns,No,,1500000,1:49,800000
Anna (2019),No,,1500000,1:59,800000
Anthropoid,No,,1500000,2:00,800000
Beats,Yes,2019-06-19,1500000,1:50,800000
Colossal (2016),No,,1500000,1:49,800000
Ejen Ali: The Movie 2,No,,1500000,1:55,800000
Gunjan Saxena: The Kargil Girl // गुंजन सक्सेना: द कारगिल गर्ल,No,2020-08-12,1500000,1:53,800000
House of Sayuri // サユリ,No,,1500000,1:48,800000
Kathal - A Jackfruit Mystery // कटहल - ए जैकफ़्रूट मिस्ट्री,Yes,2023-05-19,1500000,1:56,800000
Miracle on 34th Street (1994),No,,1500000,1:54,800000
Missing (2023),No,,1500000,1:51,800000
Olympus Has Fallen,No,,1500000,1:59,800000
Past Lives // 패스트 라이브즈,No,,1500000,1:46,800000
Rooster Cogburn (...and the Lady),No,,1500000,1:47,800000
Still Time // Era ora,Yes,2023-03-16,1500000,1:49,800000
The Foreigner,No,2017-12-15,1500000,1:54,800000
The Life of Chuck,No,,1500000,1:51,800000
The Other Guys,No,,1500000,1:48,800000
To Catch a Killer (2023),No,,1500000,1:59,800000
Whisper of the Heart (1995) // 耳をすませば,No,,1500000,1:51,800000
10 Cloverfield Lane,No,,1400000,1:44,800000
An Invisible Victim: The Eliza Samudio Case // A Vítima Invisível: O Caso Eliza Samudio,Yes,2024-09-26,1400000,1:42,800000
Anonymously Yours // Anónima,Yes,2021-12-10,1400000,1:41,800000
Calibre,Yes,2018-06-29,1400000,1:42,800000
Into the Blue (2005),No,,1400000,1:50,800000
Leap Year (2010),No,,1400000,1:40,800000
Ne Zha // 哪吒之魔童降世,No,,1400000,1:50,800000
Rebbeca,No,,1400000,1:43,800000
Revenger // 리벤져,Yes,2019-01-15,1400000,1:42,800000
Saw III,No,,1400000,1:48,800000
Skater Girl,Yes,2021-06-11,1400000,1:50,800000
Stripes,No,,1400000,1:46,800000
The Half Of It,Yes,2020-05-01,1400000,1:45,800000
The Illusionist (2006),No,,1400000,1:49,800000
Trouble with the Curve,No,,1400000,1:51,800000
Waktu Maghrib 2,No,,1400000,1:47,800000
War (2007),No,,1400000,1:43,800000
White Chicks,No,,1400000,1:49,800000
A Castle For Christmas,Yes,2021-11-26,1300000,1:39,800000
A Christmas Prince: The Royal Wedding,Yes,2018-11-30,1300000,1:33,800000
After We Fell,No,2021-10-21,1300000,1:39,800000
Alice (2022),No,,1300000,1:40,800000
Beverly Hills Cop II,No,,1300000,1:44,800000
Broke (2025),No,,1300000,1:43,800000
Burnt,No,,1300000,1:41,800000
Cado dalle Nubi,No,,1300000,1:35,800000
Charlie's Angels (2000),No,,1300000,1:38,800000
City Boys: Golden Boyz // Băieți de oraș,No,,1300000,1:39,800000
Cursed // Sihir Pelakor,No,,1300000,1:32,800000
Delirium (2018),No,,1300000,1:36,800000
East of Wall,No,,1300000,1:37,800000
Gerald's Game,Yes,2017-09-29,1300000,1:43,800000
Get the Grift // Os Salafrários,Yes,2021-04-28,1300000,1:35,800000
Good Luck Chuck,No,,1300000,1:41,800000
Gothika,No,,1300000,1:38,800000
Hostel: Part II,No,,1300000,1:35,800000
Hush (1998),No,,1300000,1:36,800000
Influencer (2022),No,,1300000,1:32,800000
Into the Beat // Into the Beat - Dein Herz tanzt,Yes,2021-04-16,1300000,1:42,800000
Loca por el trabajo,No,,1300000,1:34,800000
"Luccas Neto em: Acampamento de Férias 4, O Desafio Final",No,,1300000,1:32,800000
Mobile Suit Gundam Hathaway // 機動戦士ガンダム 閃光のハサウェイ,Yes,2021-07-01,1300000,1:35,800000
My Big Fat Greek Wedding 2,No,,1300000,1:34,800000
Nice Girls,Yes,2024-08-21,1300000,1:32,800000
Stolen: Heist of the Century,Yes,2025-08-08,1300000,1:35,800000
Teenage Mutant Ninja Turtles (2014),No,,1300000,1:43,800000
The Love Scam // Mica è Colpa Mia,Yes,2025-01-01,1300000,1:41,800000
The Seven Deadly Sins the Movie: Prisoners of the Sky // 劇場版 七つの大罪 天空の囚われ人,Yes,,1300000,1:40,800000
Which Brings Me to You,No,,1300000,1:38,800000
Wolf Man (2025),No,,1300000,1:43,800000
You Gotta Believe,No,,1300000,1:44,800000
A Christmas Prince: The Royal Baby,Yes,2019-12-05,1200000,1:25,800000
A Woman With No Filter // Una mujer sin filtro,No,,1200000,1:36,800000
Badak,No,,1200000,1:33,800000
Bulbbul // बुलबुल,Yes,2020-06-24,1200000,1:34,800000
Catering Christmas,No,,1200000,1:26,800000
Cobweb (2023),No,,1200000,1:28,800000
Con Mum,Yes,2025-03-25,1200000,1:29,800000
Crawlspace (2022),No,,1200000,1:30,800000
Ferry 2,Yes,2024-12-20,1200000,1:35,800000
Good on Paper,Yes,2021-06-23,1200000,1:34,800000
JJ+E // Vinterviken,Yes,2021-09-08,1200000,1:31,800000
Lady Bird,No,,1200000,1:34,800000
Love at First Kiss // Eres tú,Yes,2023-03-03,1200000,1:36,800000
Mad Mom // Ma reum,No,,1200000,1:26,800000
Proud Mary,No,,1200000,1:29,800000
Romance in Style,No,,1200000,1:27,800000
S.M.A.R.T Chase,No,,1200000,1:34,800000
Sin cobertura,No,,1200000,1:34,800000
Sly,Yes,2023-11-03,1200000,1:36,800000
Sunshine (2024),No,,1200000,1:33,800000
The Damned (2025),No,,1200000,1:29,800000
Britain and The Blitz,Yes,2025-05-05,1100000,1:18,800000
Cats & Dogs: The Revenge of Kitty Galore,No,,1100000,1:22,800000
Creep (2014),Yes,,1100000,1:18,800000
Cruel Intentions 2,No,,1100000,1:27,800000
Cruel Intentions 3,No,,1100000,1:25,800000
Hilda and the Mountain King,Yes,2021-12-30,1100000,1:25,800000
Love in the Clouds (2025),No,,1100000,1:24,800000
Love in the Countryside // Dragoste la țară,No,,1100000,1:20,800000
Monster,Yes,2024-05-16,1100000,1:25,800000
Moving On (2022),No,,1100000,1:25,800000
Responsible Child,No,,1100000,1:26,800000
The Truth About Jussie Smollett?,Yes,2025-08-22,1100000,1:27,800000
The Waiter // El mesero,No,,1100000,1:27,800000
Puff: Wonders of the Reef,Yes,2021-12-16,800000,0:59,800000
Dancing with the Birds,Yes,2019-10-23,700000,0:52,800000
Trainwreck: The Cult of American Apparel,Yes,2025-07-01,700000,0:54,800000
Mundo Bita - Bita e as Brincadeiras,No,,400000,0:32,800000
Anuja // अनुजा,Yes,2025-02-05,300000,0:23,800000
Mohabbatein // मोहब्बतें,Yes,,2500000,3:35,700000
Kuch Kuch Hota Hai // कुछ कुछ होता है,Yes,,2300000,3:05,700000
Amaran (2024),No,,1900000,2:49,700000
Amores perros,No,,1900000,2:35,700000
Blonde,Yes,2022-09-28,1900000,2:47,700000
Jigra // जिगरा,Yes,,1900000,2:34,700000
Minnal Murali,Yes,2021-12-24,1900000,2:39,700000
Baahubali 2: The Conclusion (Hindi Version) // बाहुबली 2: द कनक्लूज़न (हिंदी),No,,1800000,2:45,700000
Bachna Ae Haseeno // बचना ऐ हसीनो,Yes,,1800000,2:32,700000
A Family // ヤクザと家族 The Family,Yes,2021-05-06,1700000,2:16,700000
Dhoom: 2 // धूम: 2,Yes,,1700000,2:32,700000
Guntur Kaaram,Yes,,1700000,2:36,700000
Maharaja (2024),Yes,,1700000,2:21,700000
War // वॉर,Yes,,1700000,2:32,700000
Anweshippin Kandethum,Yes,,1600000,2:23,700000
Baby Boy,No,,1600000,2:10,700000
Bhool Bhulaiyaa 2,No,,1600000,2:22,700000
Devotion,No,2023-01-20,1600000,2:19,700000
First They Killed My Father,Yes,2017-09-15,1600000,2:17,700000
Girls to Buy // Dziewczyny z Dubaju,No,,1600000,2:24,700000
Haseen Dillruba // हसीन दिलरुबा,Yes,2021-07-02,1600000,2:16,700000
Hook (1991),No,,1600000,2:22,700000
Jack (2025),Yes,,1600000,2:13,700000
Just Mercy,No,,1600000,2:17,700000
Kingdom // キングダム,No,,1600000,2:14,700000
Miracle (2004),No,,1600000,2:16,700000
Oru Durooha Saahacharyathil​,Yes,,1600000,2:14,700000
THE FABLE: The Killer Who Doesn't Kill // ザ・ファブル 殺さない殺し屋,No,,1600000,2:11,700000
The Last Castle,No,,1600000,2:12,700000
Blank Canvas: My So-Called Artist's Journey // かくかくしかじか,No,,1500000,2:07,700000
Bridget Jones: Mad About the Boy,No,,1500000,2:05,700000
Concussion (2015),No,,1500000,2:03,700000
Ek Tha Tiger // एक था टाइगर,Yes,,1500000,2:13,700000
I'm Thinking of Ending Things,Yes,2020-09-04,1500000,2:15,700000
Khel Khel Mein // खेल खेल में,Yes,,1500000,2:12,700000
Latin Blood - The Ballad of Ney Matogrosso // Homem Com H,Yes,2025-06-17,1500000,2:10,700000
Legends of the Fall,No,,1500000,2:13,700000
Monster // 怪物,No,,1500000,2:06,700000
Savages (2012),No,,1500000,2:11,700000
Stealth (2005),No,,1500000,2:01,700000
THE FABLE // ザ・ファブル,No,,1500000,2:04,700000
The Fault in Our Stars,No,,1500000,2:06,700000
The Guernsey Literary and Potato Peel Pie Society,No,2018-08-10,1500000,2:04,700000
The Terminal (2004),No,,1500000,2:10,700000
The Trial of the Chicago 7,Yes,2020-10-16,1500000,2:10,700000
The Wandering Earth // 流浪地球,Yes,2019-04-30,1500000,2:06,700000
All Hail // Granizo,Yes,2022-03-30,1400000,1:59,700000
All Your Faces // Je verrai toujours vos visages,No,,1400000,1:58,700000
An Honest Life // Ett ärligt liv,Yes,2025-07-31,1400000,2:02,700000
Anna Nicole Smith: You Don't Know Me,Yes,2023-05-16,1400000,1:58,700000
Beyond the Game: Samurai 2026 WORLD BASEBALL CLASSIC // 戦いの向こう 侍たちの記録 2026 WORLD BASEBALL CLASSIC,Yes,2026-04-20,1400000,1:59,700000
Comedy Buddy // Suka Duka Tawa,No,,1400000,2:07,700000
Confidential Assignment 2: International // 공조2: 인터내셔날,No,,1400000,2:08,700000
Cut Throat City,No,,1400000,2:04,700000
Elite Squad // Tropa de Elite,No,,1400000,1:55,700000
Gatao: Big Brothers // 角頭: 鬥陣欸 // 角头：斗阵欸,Yes,,1400000,2:04,700000
Ginny Weds Sunny // गिन्नी वेड्स सन्नी,Yes,2020-10-09,1400000,2:06,700000
Gumraah // गुमराह,No,,1400000,2:07,700000
JOY - The Birth of IVF,Yes,2024-11-22,1400000,1:55,700000
K-Pops!,Yes,,1400000,1:58,700000
La ley de Herodes,No,,1400000,2:03,700000
Mona Lisa Smile,No,,1400000,1:59,700000
Moxie,Yes,2021-03-03,1400000,1:52,700000
Platoon,No,,1400000,2:00,700000
Runaway Bride,No,,1400000,1:56,700000
S.W.A.T. (2003),No,,1400000,1:57,700000
Sekawan Limo,No,,1400000,1:52,700000
Sound of Hope: The Story of Possum Trot,No,,1400000,2:07,700000
Tears of Faith // Air Mata Mualaf,No,,1400000,1:53,700000
The Bad Batch,No,2017-09-22,1400000,1:59,700000
The Friend (2024),No,,1400000,2:00,700000
The Infiltrator (2016),No,,1400000,2:07,700000
The Internship,No,,1400000,1:59,700000
The Legacy of the Bones // Legado en los huesos,No,2020-04-17,1400000,2:01,700000
The Spy Who Dumped Me,No,,1400000,1:57,700000
The Whale (2022),No,,1400000,1:57,700000
WILL // WIL,Yes,2024-01-31,1400000,1:54,700000
A Little Bit of Heaven,No,,1300000,1:47,700000
Arrival (2016),No,,1300000,1:57,700000
Baby Assassins: Nice Days // ベイビーわるきゅーれ ナイスデイズ,No,,1300000,1:53,700000
Badla // बदला,No,,1300000,1:57,700000
Chaos Walking,No,,1300000,1:49,700000
Dancing Queens,Yes,2021-06-03,1300000,1:51,700000
Detective Conan the Movie: Dimensional Sniper // 劇場版 名探偵コナン 異次元の狙撃手,No,,1300000,1:50,700000
Detective Conan the Movie: The Fist of Blue Sapphire // 劇場版 名探偵コナン 紺青の拳,No,,1300000,1:49,700000
Dynasty Warriors // 真三國無雙 // 真·三国无双,No,2021-07-01,1300000,1:58,700000
Falling (2020),No,,1300000,1:52,700000
Final Fantasy: The Spirits Within,No,,1300000,1:46,700000
Flatliners (2017),No,,1300000,1:50,700000
Happy Feet,No,,1300000,1:48,700000
His Three Daughters,Yes,2024-09-20,1300000,1:45,700000
I'm No Longer Here // Ya no estoy aquí,Yes,2020-05-27,1300000,1:52,700000
Ip Man // 葉問 // 叶问,No,,1300000,1:47,700000
Jaws 2,No,,1300000,1:56,700000
Jujutsu Kaisen: Hidden Inventory / Premature Death – the Movie // 劇場版総集編 呪術廻戦 懐玉・玉折,No,,1300000,1:50,700000
Men in Black 3,No,,1300000,1:46,700000
Men in Black: International,No,,1300000,1:55,700000
Mr. Car and the Knights Templar // Pan Samochodzik i templariusze,Yes,2023-07-12,1300000,1:51,700000
Pengin Hijrah,No,,1300000,1:54,700000
Sounds Like Love // Fuimos canciones,Yes,2021-09-29,1300000,1:51,700000
The Dilemma,No,,1300000,1:52,700000
The Exorcism of Emily Rose,No,,1300000,2:00,700000
The Good Liar,No,,1300000,1:50,700000
The Last Summer,Yes,2019-05-03,1300000,1:50,700000
The Nannies // Les Femmes Du Square,No,,1300000,1:45,700000
The Vault (2021),No,,1300000,1:58,700000
Traces of Love // Evidências Do Amor,No,,1300000,1:45,700000
A Life Too Short: The Isabella Nardoni Case // Isabella: o Caso Nardoni,Yes,2023-08-17,1200000,1:45,700000
A Week Away,Yes,2021-03-26,1200000,1:38,700000
Autumn and the Black Jaguar,No,,1200000,1:40,700000
Black Island // Schwarze Insel,Yes,2021-08-18,1200000,1:45,700000
Crayon Shin-chan the Movie: Shrouded in Mystery! The Flowers of Tenkasu Academy // 映画クレヨンしんちゃん 謎メキ! 花の天カス学園,No,,1200000,1:45,700000
Cuckoo (2024),No,,1200000,1:43,700000
Dendam Malam Kelam,Yes,,1200000,1:44,700000
Depeche Mode: M,Yes,,1200000,1:39,700000
Detective Conan the Movie: Quarter of Silence // 劇場版 名探偵コナン 沈黙の15分,No,,1200000,1:49,700000
Detective Conan the Movie: The Scarlet Bullet // 劇場版 名探偵コナン 緋色の弾丸,No,,1200000,1:50,700000
Gelin Takımı,No,,1200000,1:49,700000
Larry Crowne,No,,1200000,1:39,700000
Lemony Snicket's A Series of Unfortunate Events,No,,1200000,1:49,700000
Life (2017),No,,1200000,1:44,700000
Lost in Translation,No,,1200000,1:42,700000
Mad Dance Office // 매드 댄스 오피스,No,,1200000,1:46,700000
Mr. Know-It-All // Monsieur Je-sais-tout,No,,1200000,1:38,700000
My Hero Academia: Heroes Rising // 僕のヒーローアカデミア THE MOVIE ヒーローズ : ライジング,No,,1200000,1:44,700000
Ouija: Origin of Evil,No,,1200000,1:39,700000
Paddington 2,No,,1200000,1:43,700000
Plane,No,,1200000,1:47,700000
Rambo: Last Blood,No,,1200000,1:40,700000
Revolver (2005),No,,1200000,1:44,700000
Say Anything,No,,1200000,1:41,700000
Sleepless in Seattle,No,,1200000,1:45,700000
Spy x Family Code: White // 劇場版 SPY×FAMILY CODE: White,No,,1200000,1:50,700000
The (Almost) Legends // Los (casi) ídolos de Bahía Colorada,Yes,2023-07-19,1200000,1:37,700000
The Buckingham Murders // द बकिंघम मर्डर्स,Yes,,1200000,1:47,700000
The Covenant (2006),No,,1200000,1:37,700000
The Craft,No,,1200000,1:41,700000
The Running Man (1987),No,,1200000,1:41,700000
The Smurfs 2,No,,1200000,1:45,700000
Twin Murders: the Silence of the White City // El silencio de la ciudad blanca,No,2020-03-06,1200000,1:50,700000
Wendell & Wild,Yes,2022-10-28,1200000,1:46,700000
When Marnie Was There // 思い出のマーニー,No,,1200000,1:43,700000
Without a Paddle,No,,1200000,1:39,700000
10 Days With Dad // 10 Jours Sans Maman,No,,1100000,1:38,700000
A Bright Lawyer // Uma Advogada Brilhante,Yes,,1100000,1:37,700000
A Sacrifice,No,,1100000,1:34,700000
A Thousand Words,No,,1100000,1:32,700000
After Everything,No,2024-01-11,1100000,1:33,700000
Are We There Yet? (2005),No,,1100000,1:35,700000
Blue Moon (2025),No,,1100000,1:41,700000
Chicuarotes,No,,1100000,1:36,700000
Cuando acecha la maldad,No,,1100000,1:40,700000
Devils Stay // 사흘,No,,1100000,1:35,700000
Die Geschichte der Menschheit – leicht gekürzt,No,,1100000,1:36,700000
Ehrengard: The Art of Seduction // Ehrengard: Forførelsens kunst,Yes,2023-09-14,1100000,1:35,700000
Ejen Ali: The Movie,No,,1100000,1:37,700000
Firestarter (2022),No,,1100000,1:34,700000
Gayong,No,,1100000,1:38,700000
Genie,No,,1100000,1:33,700000
Get the Goat // Cabras da Peste,Yes,2021-03-18,1100000,1:38,700000
Gone in the Night,No,,1100000,1:31,700000
Grenfell: Uncovered,Yes,2025-06-20,1100000,1:41,700000
Happiness Is,Yes,2024-10-18,1100000,1:36,700000
Hard Kill,No,,1100000,1:38,700000
Her Difference // Uma Mulher Diferente,No,,1100000,1:40,700000
Home Fries,No,,1100000,1:34,700000
Homecam // 홈캠,No,,1100000,1:33,700000
Hot Tub Time Machine 2,No,,1100000,1:34,700000
Jalan Pulang,No,,1100000,1:38,700000
Kral Şakir: Dünyalar Karıştı,No,,1100000,1:28,700000
Kuroko's Basketball: Last Game // 劇場版 黒子のバスケ LAST GAME,No,,1100000,1:31,700000
Labyrinth (1986),No,,1100000,1:41,700000
Love Forever // Kärlek fårever,Yes,2025-02-14,1100000,1:36,700000
Mi mejor enemiga,No,,1100000,1:32,700000
Night Catches Us,No,,1100000,1:30,700000
No Way Up,No,,1100000,1:30,700000
Ocho apellidos marroquís,No,,1100000,1:34,700000
Omukade // โอมุคาเดะ,No,,1100000,1:35,700000
Peter Rabbit 2,No,,1100000,1:34,700000
Shark Whisperer,Yes,2025-06-30,1100000,1:30,700000
Slender Man,No,,1100000,1:33,700000
The Forgotten (2004),No,,1100000,1:31,700000
The Killer // O Matador,Yes,2017-11-10,1100000,1:40,700000
Two If by Sea,No,,1100000,1:36,700000
Vantage Point,No,,1100000,1:30,700000
Zathura: A Space Adventure,No,,1100000,1:41,700000
Abducted at an HBCU: A Black Girl Missing Movie,No,,1000000,1:28,700000
Abducted in Plain Sight,Yes,,1000000,1:30,700000
Am I OK?,No,,1000000,1:27,700000
Amber Alert (2024),No,,1000000,1:30,700000
Anaconda: Cursed Jungle // 大蟒蛇: 奪命森林 // 狂蟒之灾,No,,1000000,1:24,700000
Bartkowiak,Yes,2021-07-28,1000000,1:32,700000
Bastille Day,No,,1000000,1:32,700000
Cats & Dogs,No,,1000000,1:27,700000
Centauro,Yes,2022-06-15,1000000,1:31,700000
Christmas Under the Northern Lights,No,,1000000,1:28,700000
Crayon Shin-chan the Movie: The Legend Called: Dance! Amigo! // 映画クレヨンしんちゃん 伝説を呼ぶ 踊れ! アミーゴ!,No,,1000000,1:32,700000
Duas De Mim,No,,1000000,1:23,700000
Fall Into Winter,No,,1000000,1:23,700000
Held Hostage in My House,No,,1000000,1:28,700000
Hell Camp: Teen Nightmare,Yes,2023-12-27,1000000,1:30,700000
"Hello, Goodbye, and Everything in Between",Yes,2022-07-06,1000000,1:24,700000
Identity Theft of a Cheerleader,No,,1000000,1:23,700000
Kampung Jabang Mayit: Ritual Maut,No,,1000000,1:31,700000
Killer Book Club // El club de los lectores criminales,Yes,2023-08-25,1000000,1:29,700000
Marley and Me: The Puppy Years,No,,1000000,1:26,700000
My Little Pony: A New Generation: Sing-Along,Yes,2022-07-18,1000000,1:30,700000
Orgasm Inc: The Story of OneTaste,Yes,2022-11-05,1000000,1:31,700000
Saw V,No,,1000000,1:32,700000
Sister // 시스터,No,,1000000,1:27,700000
Sole a Catinelle,No,,1000000,1:24,700000
Sunday Best: The Untold Story of Ed Sullivan,Yes,2025-07-21,1000000,1:21,700000
Sweet Bobby: My Catfish Nightmare,Yes,2024-10-16,1000000,1:22,700000
The Fakenapping // رهين,Yes,2025-12-11,1000000,1:27,700000
The Price of Goodbye // 고당도,No,,1000000,1:28,700000
Till Death (2021),No,,1000000,1:30,700000
Trainwreck: The Astroworld Tragedy,Yes,2025-06-10,1000000,1:21,700000
Trick 'r Treat,No,,900000,1:22,700000
Anpanman: Baikinman and Lulun in the Picture Book // 映画 それいけ! アンパンマン ばいきんまんとえほんのルルン,No,,800000,1:04,700000
Bread Barbershop: The Bakerytown Baddies // 브레드이발소: 베이커리타운의 악당들,No,,800000,1:11,700000
Crime Diaries: The Celebrity Stylist // Historia de un Crimen: Mauricio Leal,Yes,,800000,1:11,700000
Go Buster,No,,700000,1:01,700000
LOL Surprise! Winter Fashion Show,Yes,,700000,1:01,700000
The Minimalists: Less Is Now,Yes,2021-01-01,600000,0:54,700000
The Elephant Whisperers,Yes,2022-12-08,500000,0:41,700000
Robin Robin,Yes,2021-11-24,400000,0:33,700000
Erax,Yes,2022-02-17,200000,0:16,700000
Canvas,Yes,2020-12-11,100000,0:09,700000
Lawrence of Arabia: Restored Version,No,,2300000,3:47,600000
Kal Ho Naa Ho // कल हो ना हो,Yes,,2000000,3:07,600000
Babylon (2022),No,,1800000,3:09,600000
Om Shanti Om // ओम शांति ओम,No,,1800000,2:49,600000
Schindler's List,No,,1800000,3:15,600000
The Hateful Eight,No,,1800000,2:48,600000
Fanaa // फ़ना,Yes,,1700000,2:48,600000
Thug Life (2025),No,,1700000,2:44,600000
A Fortunate Man // Lykke-Per,Yes,2019-04-19,1600000,2:47,600000
Boxer // Bokser,Yes,2024-09-11,1600000,2:32,600000
Da 5 Bloods,Yes,2020-06-12,1600000,2:36,600000
Dunki // डंकी,No,,1600000,2:40,600000
Harry Potter and the Chamber of Secrets,No,,1600000,2:41,600000
Hi Papa (Hindi),No,,1600000,2:36,600000
Hi Nanna,Yes,,1500000,2:36,600000
Kesari // केसरी,Yes,,1500000,2:33,600000
Leo (Tamil) (2023),No,,1500000,2:41,600000
Metro... In Dino // मेट्रो... इन दिनों,Yes,,1500000,2:40,600000
Prisoners (2013),No,,1500000,2:33,600000
Shehzada // शहज़ादा,No,,1500000,2:22,600000
Spider-Man: No Way Home (Extended Version),No,,1500000,2:37,600000
The Face Reader // 관상,No,,1500000,2:20,600000
A Brother and 7 Siblings // 1 Kakak 7 Ponakan,Yes,,1400000,2:11,600000
Bugsy,No,,1400000,2:16,600000
Devil's Advocate (1997),No,,1400000,2:24,600000
HIT: The First Case // हिट: पहली केस,No,,1400000,2:12,600000
In Youth We Trust // วัยหนุ่ม 2544,Yes,,1400000,2:12,600000
Inception,No,,1400000,2:28,600000
Into the Wild (2007),No,,1400000,2:23,600000
Laila Majnu // लैला मजनू,Yes,,1400000,2:17,600000
Mission: Impossible - Rogue Nation,No,,1400000,2:12,600000
Mrs. Chatterjee vs Norway // मिसेज़ चैटर्जी vs नॉर्वे,No,,1400000,2:13,600000
My Name Is Loh Kiwan // 로기완,Yes,2024-03-01,1400000,2:13,600000
Offering to the Storm // Ofrenda a la tormenta,No,2020-07-24,1400000,2:19,600000
Seoul Vibe // 서울대작전,Yes,2022-08-26,1400000,2:20,600000
Sex and the City 2,No,,1400000,2:26,600000
Sheriff: Narko Integriti,No,,1400000,2:14,600000
Sugar Mill // Pabrik Gula,No,,1400000,2:13,600000
The Battleship Island // 군함도,No,,1400000,2:12,600000
The Da Vinci Code,No,,1400000,2:29,600000
The Wiz,No,,1400000,2:14,600000
Wonder Woman 1984,No,,1400000,2:31,600000
Asakusa Kid // 浅草キッド,Yes,2021-12-09,1300000,2:03,600000
Everest (2015),No,,1300000,2:01,600000
Father Stu,No,,1300000,2:05,600000
Lee Daniels' The Butler,No,,1300000,2:12,600000
Mad Square,Yes,,1300000,2:04,600000
Mimi (2021),No,,1300000,2:12,600000
Nee Forever,Yes,,1300000,2:11,600000
Pacto de Fuga,No,,1300000,2:18,600000
Perfect Days (2023),No,,1300000,2:04,600000
Phir Aayi Hasseen Dillruba // फिर आई हसीन दिलरुबा,Yes,2024-08-09,1300000,2:13,600000
The First Slam Dunk,No,,1300000,2:04,600000
The Green Knight,No,,1300000,2:10,600000
The Tale of The Princess Kaguya // かぐや姫の物語,No,,1300000,2:18,600000
The Town (2010),No,,1300000,2:05,600000
What’s Wrong? // !فيها إيه يعني؟,No,,1300000,2:20,600000
Wind Breaker // WIND BREAKER / ウィンドブレイカー,No,,1300000,2:02,600000
A Wonderful World // Un mundo maravilloso,Yes,,1200000,1:57,600000
Akogare Wo Koeta Samurai // 憧れを超えた侍たち 世界一への記録,No,,1200000,2:10,600000
Conquer: Lahad Datu // Takluk: Lahad Datu,No,,1200000,1:59,600000
Dark Tide (2012),No,,1200000,1:54,600000
Detective Conan the Movie: The Crimson Love Letter // 劇場版 名探偵コナン から紅の恋歌,No,,1200000,1:52,600000
Detective Conan the Movie: The Darkest Nightmare // 劇場版 名探偵コナン 純黒の悪夢,No,,1200000,1:51,600000
Dream Girl 2 // ड्रीम गर्ल 2,Yes,,1200000,2:07,600000
Four Weddings and a Funeral (1994),No,,1200000,1:58,600000
"Girl, Interrupted",No,,1200000,2:08,600000
Gridlocked (2015),No,,1200000,1:54,600000
Homeward Bound // 비밀일 수밖에,No,,1200000,1:53,600000
Indiana Jones and the Kingdom of the Crystal Skull,No,,1200000,2:04,600000
Kingdom 3: The Flame of Destiny // キングダム 運命の炎,Yes,,1200000,2:09,600000
Le Royaume,No,,1200000,1:51,600000
Magic Mike's Last Dance,No,,1200000,1:52,600000
Muroi Shinji: Stay Alive // 室井慎次 生き続ける者,No,,1200000,1:56,600000
Nobody's Fool (2018),No,,1200000,1:51,600000
Passionate Women // Szenvedélyes nök,No,,1200000,1:56,600000
Romeo + Juliet (1996),No,,1200000,2:00,600000
Schumacher,No,2021-09-15,1200000,1:53,600000
Secrets of the Saqqara Tomb,Yes,2020-10-28,1200000,1:54,600000
The Karate Kid Part II,No,,1200000,1:53,600000
The Shipping News,No,,1200000,1:51,600000
The Son of a Thousand Men // O Filho de Mil Homens,Yes,2025-11-19,1200000,2:07,600000
The Time That Remains,Yes,2025-10-16,1200000,1:58,600000
Valkyrie,No,,1200000,2:00,600000
Worth,No,2021-09-03,1200000,1:59,600000
Yadang: The Snitch // 야당,No,,1200000,2:03,600000
28 Days,No,,1100000,1:44,600000
28 Days Later,No,,1100000,1:54,600000
404 // 404 สุขีนิรันดร์..RUN RUN,Yes,,1100000,1:43,600000
Babes (2024),No,,1100000,1:44,600000
Bordertown: Mural Murders // Sorjonen: Muraalimurhat,No,,1100000,1:48,600000
Cheers to Life // Viva a Vida,No,2025-06-11,1100000,1:43,600000
Christmas Inheritance,Yes,2017-12-15,1100000,1:45,600000
Collateral (2004),No,,1100000,2:00,600000
Country Cabaret // Les Folies fermières,No,,1100000,1:49,600000
Days of Thunder,No,,1100000,1:47,600000
DC League of Super-Pets,No,,1100000,1:45,600000
Detective Conan the Movie: Sunflowers of Inferno // 劇場版 名探偵コナン 業火の向日葵,No,,1100000,1:52,600000
Detective Conan the Movie: The Phantom of Baker Street // 劇場版 名探偵コナン ベイカー街の亡霊,No,,1100000,1:47,600000
Die drei ??? und der Karpatenhund,No,,1100000,1:46,600000
Four Letters of Love,No,,1100000,1:50,600000
"From Today, It's My Turn!!: The Movie // 今日から俺は!! 劇場版",No,,1100000,1:54,600000
Frozen Hot Boys // แก๊งหิมะเดือด,Yes,2025-04-10,1100000,1:58,600000
Fuori la verità,No,,1100000,1:52,600000
Hard Days // 最後まで行く,Yes,2023-11-30,1100000,1:58,600000
Headshot (2016),Yes,,1100000,1:59,600000
Heaven in Hell,No,,1100000,2:00,600000
Hitman 2 // 히트맨2,No,,1100000,1:58,600000
Inseparables,No,,1100000,1:50,600000
Inside Man: Most Wanted,No,,1100000,1:46,600000
Invincibles // Neporazitelní,No,,1100000,1:59,600000
Lara Croft Tomb Raider: The Cradle of Life,No,,1100000,1:58,600000
Last Christmas (2019),No,,1100000,1:43,600000
Lost in the Spotlight // Lupa Daratan,Yes,2025-12-11,1100000,1:55,600000
Meninas Não Choram,No,,1100000,1:46,600000
My Hero Academia: World Heroes' Mission // 僕のヒーローアカデミア THE MOVIE ワールド ヒーローズ ミッション,No,,1100000,1:44,600000
Omniscient Reader: The Prophecy // 전지적 독자 시점,No,,1100000,1:57,600000
Os Homens São de Marte… e É pra Lá que Eu Vou! // Homens são de Marte e prá lá que eu vou,No,,1100000,1:47,600000
"Pamela, a love story",Yes,2023-01-31,1100000,1:54,600000
Rogue Agent,No,2022-07-27,1100000,1:56,600000
Salem's Lot (2023),No,,1100000,1:54,600000
Sisters (2015),No,,1100000,1:58,600000
Take Me to Hell // Rego Nyowo,No,,1100000,1:45,600000
The Angel,Yes,2018-09-14,1100000,1:54,600000
The Deep End of the Ocean,No,,1100000,1:49,600000
The Deepest Breath,Yes,2023-07-19,1100000,1:50,600000
The Devil's Own,No,,1100000,1:51,600000
The Forgiven (2021),No,,1100000,1:57,600000
The Nonsense // 넌센스,No,,1100000,1:57,600000
The Taking of Pelham 123 (2009),No,,1100000,1:46,600000
Turkish for Beginners // Türkisch für Anfänger,No,,1100000,1:44,600000
Um Suburbano Sortudo,No,,1100000,1:42,600000
Until She Remembers,No,,1100000,1:44,600000
Zien-Lang The Movie: Best Friends Forever // เซียนหรั่ง เดอะมูฟวี่ ตอน แหล่งเพื่อนรัก,No,,1100000,1:52,600000
After Ever Happy,No,2022-09-29,1000000,1:35,600000
Agnes (2021),No,,1000000,1:33,600000
All Saints (2017),No,,1000000,1:49,600000
Apollo 11 (2019),No,,1000000,1:33,600000
Ashes // Kül,Yes,2024-02-09,1000000,1:41,600000
Audrie & Daisy,Yes,2016-09-23,1000000,1:39,600000
Black Bag,No,,1000000,1:34,600000
Breakdown (1997),No,,1000000,1:33,600000
Casper (1995),No,,1000000,1:40,600000
Detective Conan the Movie: Crossroad in the Ancient Capital // 劇場版 名探偵コナン 迷宮の十字路,No,,1000000,1:48,600000
Detective Conan the Movie: The Lost Ship in the Sky // 劇場版 名探偵コナン 天空の難破船,No,,1000000,1:42,600000
Eileen,No,,1000000,1:38,600000
Flipper (1996),No,,1000000,1:35,600000
Friday the 13th (2009),No,,1000000,1:38,600000
Happy Ending,Yes,2023-09-01,1000000,1:33,600000
Haunting of Mount Gede // Petaka Gunung Gede,No,,1000000,1:38,600000
Heartburn,No,,1000000,1:49,600000
High Plains Drifter,No,,1000000,1:45,600000
I Am the End of the World // Io Sono La Fine Del Mondo,No,,1000000,1:36,600000
I Know What You Did Last Summer (1997),No,,1000000,1:41,600000
Into the Wind // Pod wiatr,Yes,2022-02-10,1000000,1:49,600000
Ito and Her Brothers // うちの弟どもがすみません,No,,1000000,1:45,600000
Karol G: Tomorrow was Beautiful // Karol G: Mañana fue muy bonito,Yes,2025-05-08,1000000,1:49,600000
Kontrabida Academy,Yes,2025-09-11,1000000,1:49,600000
Les Bronzés,No,,1000000,1:36,600000
"Little Algérie // Barbès, Little Algérie",No,,1000000,1:33,600000
Little Evil,Yes,2017-09-01,1000000,1:35,600000
Love Happens,No,,1000000,1:49,600000
Love Wedding Repeat,Yes,2020-04-10,1000000,1:41,600000
Matsumoto Seicho's Glass Castle // 松本清張 ガラスの城,No,,1000000,1:42,600000
Maybe Baby 2 // Bytte bytte barn,Yes,2024-11-21,1000000,1:47,600000
Meet Me Next Christmas,Yes,2024-11-06,1000000,1:46,600000
Mountain Queen: The Summits of Lhakpa Sherpa,Yes,2024-07-31,1000000,1:44,600000
My Father's Dragon,Yes,2022-11-11,1000000,1:43,600000
My Penguin Friend,No,,1000000,1:38,600000
Never Let Go (2024),No,,1000000,1:37,600000
O Filme dos Espíritos,No,,1000000,1:41,600000
One Piece Film Z,No,,1000000,1:48,600000
Role Models (2008),No,,1000000,1:39,600000
Run Rabbit Run,No,2023-06-28,1000000,1:41,600000
Saw IV,No,,1000000,1:33,600000
Scouts Guide to the Zombie Apocalypse,No,,1000000,1:34,600000
Screw Mickiewicz 2 // Piep*zyc Mickiewicza 2,No,,1000000,1:37,600000
Semi-Soeter,Yes,2025-06-20,1000000,1:33,600000
Sliver,No,,1000000,1:47,600000
Smokey and the Bandit II,No,,1000000,1:41,600000
Sniper: Rogue Mission,No,,1000000,1:36,600000
Son of the Soil (2025),No,,1000000,1:46,600000
Step Sisters,Yes,2018-01-19,1000000,1:48,600000
Sweetheart // Gioia mia,No,,1000000,1:33,600000
Taking Lives,No,,1000000,1:43,600000
The American Society of Magical Negroes,No,,1000000,1:45,600000
The Biggest Fan // La más fan,Yes,2025-05-01,1000000,1:33,600000
The Bird Is Calling // 火喰鳥を、喰う,No,,1000000,1:49,600000
The Kitchen,Yes,2024-01-19,1000000,1:49,600000
The Occupant // Hogar,Yes,2020-03-25,1000000,1:44,600000
The Perfumier // Der Parfumeur,Yes,2022-09-21,1000000,1:36,600000
The Redeem Team,Yes,2022-10-07,1000000,1:38,600000
The Wretched,No,,1000000,1:36,600000
"Torrente: The Dumb Arm of the Law // Torrente, el brazo tonto de la ley",No,,1000000,1:38,600000
Tusk (2014),No,,1000000,1:42,600000
Uang Passolo - Amplop Kondangan,No,,1000000,1:35,600000
Upin & Ipin: The Lone Gibbon Kris // Upin & Ipin Keris Siamang Tunggal,No,,1000000,1:39,600000
World Breaker,No,,1000000,1:35,600000
3 Ninjas: Kick Back,No,,900000,1:33,600000
Ahlan Singapore,No,,900000,1:36,600000
Anything for a Pop Star // Tudo por um Pop Star,No,,900000,1:29,600000
Balas Budi,No,,900000,1:28,600000
Be Somebody (2016),No,,900000,1:28,600000
Before I Wake,No,2017-04-10,900000,1:37,600000
Bleeding Tiger: Resolution // Harimau Merah: Resolusi,No,,900000,1:27,600000
Blood Devotion // Pemuja,No,,900000,1:31,600000
Body Cam (2020),No,,900000,1:37,600000
Borderline (2025),No,,900000,1:35,600000
Clean (2022),No,,900000,1:33,600000
"Crack: Cocaine, Corruption & Conspiracy",Yes,2021-01-11,900000,1:30,600000
Crayon Shin-chan the Movie: Fast Asleep! The Great Assault on the Dreaming World // 映画クレヨンしんちゃん 爆睡! ユメミーワールド大突撃,No,,900000,1:37,600000
Crayon Shin-chan the Movie: Serious Battle! Robot Dad Strikes Back // 映画クレヨンしんちゃん ガチンコ! 逆襲のロボとーちゃん,No,,900000,1:37,600000
Crayon Shin-chan the Movie: The Storm Called: The Adult Empire Strikes Back // 映画クレヨンしんちゃん 嵐を呼ぶ モーレツ! オトナ帝国の逆襲,No,,900000,1:30,600000
Dr. Dolittle 3,No,,900000,1:34,600000
Fallen From the Truck // Tombés du camion,No,,900000,1:28,600000
From Up on Poppy Hill // コクリコ坂から,No,,900000,1:31,600000
Gasoline Alley,No,2022-04-26,900000,1:38,600000
Infinite Storm,No,,900000,1:38,600000
La Fine Fleur,No,,900000,1:35,600000
Late Night with the Devil,No,,900000,1:33,600000
"Love, Divided // Pared con pared",Yes,2024-04-12,900000,1:38,600000
Luccas e Gi em: Amor de Mãe,No,,900000,1:35,600000
Lulli,Yes,2021-12-26,900000,1:31,600000
Maria,No,2019-05-17,900000,1:30,600000
Middle School: The Worst Years of My Life,No,2017-02-10,900000,1:32,600000
My Daughter’s Killer // L'assassin de ma fille,Yes,2022-07-12,900000,1:24,600000
Near Death (2025),No,,900000,1:35,600000
Ouija (2014),No,,900000,1:29,600000
Paddington (2014),No,,900000,1:35,600000
Paranormal Activity 4,No,,900000,1:28,600000
Paranormal Activity: Next of Kin,No,,900000,1:38,600000
Pee-wee's Big Holiday,Yes,2016-03-18,900000,1:30,600000
Phenomena // Fenómenas,Yes,2023-04-14,900000,1:35,600000
Pitch Perfect 3,No,,900000,1:33,600000
Porco Rosso // 紅の豚,No,,900000,1:34,600000
Saw VI,No,,900000,1:30,600000
Saw: The Final Chapter,No,,900000,1:30,600000
Secret Window,No,,900000,1:36,600000
Side Effects // Neco Za Neco,No,,900000,1:27,600000
Sniper: G.R.I.T. - Global Response & Intelligence Team,No,,900000,1:31,600000
Teen Titans Go! To the Movies,No,,900000,1:24,600000
Texas Rangers,No,,900000,1:30,600000
The Hungover Games,No,,900000,1:24,600000
The Shallows (2016),No,,900000,1:26,600000
Umjolo: The Gone Girl,Yes,2024-11-08,900000,1:33,600000
Underworld: Blood Wars,No,,900000,1:32,600000
Unlocked,No,2017-12-30,900000,1:38,600000
500 Days of Escobar // Los 500 días de Escobar,Yes,,800000,1:17,600000
A Trip to Infinity,Yes,2022-09-26,800000,1:19,600000
Bad Shabbos,No,,800000,1:24,600000
Behind the Curtain: Stranger Things The First Shadow,Yes,2025-04-15,800000,1:25,600000
Blippi's Wonderful Talent Show,No,,800000,1:20,600000
Canailles,No,,800000,1:27,600000
"For Better, for Worse // En las buenas y en las malas",No,,800000,1:26,600000
The Book Club Murders,No,,800000,1:27,600000
The End of Evangelion // 新世紀エヴァンゲリオン 劇場版 Air/まごころを、君に,Yes,,800000,1:27,600000
Untold: Shooting Guards,Yes,2025-05-06,800000,1:26,600000
Weddings and Wokes: A Family Dilemma // Der Spitzname,No,,800000,1:27,600000
Words Bubble Up Like Soda Pop // サイダーのように言葉が湧き上がる,Yes,2021-07-22,800000,1:27,600000
The Best of the Wiggles,No,,700000,1:06,600000
Anpanman: Nanda and Runda from Star of Toys // 映画 それいけ! アンパンマン おもちゃの星のナンダとルンダ,No,,600000,1:02,600000
Anpanman: Nyani from the Country of Dreamcat // 映画 それいけ! アンパンマン 夢猫の国のニャニイ,No,,500000,0:52,600000
Greater Kalesh // ग्रेटर कलेश,Yes,,500000,0:52,600000
Trainwreck: Balloon Boy,Yes,2025-07-15,500000,0:53,600000
Angela's Christmas,Yes,2018-11-30,300000,0:30,600000
Turminha Paraíso,No,,300000,0:28,600000
You vs. Wild: Out Cold,No,2025-01-23,300000,0:29,600000
Anpanman: Coreen and Blue Tears // 映画 それいけ! アンパンマン コキンちゃんとあおいなみだ,No,,200000,0:21,600000
Anpanman: Handgames: Anpanman And Naughty Ghost // 映画 それいけ! アンパンマン みんなでてあそび アンパンマンといたずらオバケ,No,,200000,0:21,600000
Anpanman: Hiyarico and Baby Baikinman // 映画 それいけ! アンパンマン ヒヤ・ヒヤ・ヒヤリコとばぶ・ばぶ・ばいきんまん,No,,200000,0:21,600000
How I Fell in Love with a Gangster // Jak pokochałam gangstera,Yes,2022-01-05,1700000,3:06,500000
Dil To Pagal Hai // दिल तो पागल है,Yes,,1600000,2:59,500000
Kalki 2898 AD (Hindi),Yes,,1500000,2:56,500000
Aquaman (2018),No,,1300000,2:23,500000
Beast (Tamil) (2022),Yes,,1300000,2:37,500000
Cinderella Man (2005),No,,1300000,2:24,500000
Harry Potter and the Goblet of Fire,No,,1300000,2:37,500000
Harry Potter and the Prisoner of Azkaban,No,,1300000,2:22,500000
Indian 2,Yes,,1300000,2:46,500000
Pretty Guardian Sailor Moon Eternal The Movie: Part 1 / Part 2 // 劇場版美少女戦士セーラームーンEternal: 前編・後編,Yes,2021-06-03,1300000,2:42,500000
Tenet,No,,1300000,2:30,500000
Dear Zindagi // डियर ज़िंदगी,No,,1200000,2:29,500000
Diamonds // Diamanti,No,,1200000,2:15,500000
Emergency // इमरजेंसी,Yes,,1200000,2:25,500000
Guntur Kaaram (Hindi),No,,1200000,2:36,500000
Harry Potter and the Half-Blood Prince,No,,1200000,2:33,500000
House of Gucci,No,,1200000,2:32,500000
It (2017),No,,1200000,2:15,500000
Kingdom2: Far and Away // キングダム2 遥かなる大地へ,No,,1200000,2:14,500000
Odum Kuthira Chadum Kuthira,No,,1200000,2:31,500000
Pandora // 판도라,Yes,2017-03-17,1200000,2:17,500000
Race (2016),No,,1200000,2:14,500000
Ta Ra Rum Pum // ता रा रम पम,Yes,,1200000,2:36,500000
Under the Silver Lake,No,,1200000,2:20,500000
VidaaMuyarchi,Yes,,1200000,2:32,500000
Among Family // Aile Arasında,No,,1100000,2:07,500000
Batman Forever,No,,1100000,2:02,500000
Bones & All,No,,1100000,2:11,500000
Dracula: A Love Tale,No,,1100000,2:09,500000
Dune (1984),No,,1100000,2:16,500000
Enemy at the Gates,No,,1100000,2:06,500000
Escape (2024),No,,1100000,2:09,500000
Everybody Loves Me When I'm Dead // ลักกันวันตาย,Yes,2025-10-14,1100000,2:09,500000
Fullmetal Alchemist The Revenge of Scar // 鋼の錬金術師 完結編 復讐者スカー,Yes,2022-08-20,1100000,2:04,500000
Gowok: Javanese Kamasutra,No,,1100000,2:12,500000
Harry Potter and the Order of the Phoenix,No,,1100000,2:18,500000
"Hello, Love, Again",Yes,,1100000,2:03,500000
Indiana Jones and the Last Crusade,No,,1100000,2:08,500000
K-19: The Widowmaker,No,,1100000,2:18,500000
La La Land (2016),No,,1100000,2:08,500000
Lust Stories 2 // लस्ट स्टोरीज़ 2,Yes,2023-06-29,1100000,2:13,500000
Major (Hindi) (2022),No,,1100000,2:25,500000
Miracle in Cell No. 7 // 7. Koğuştaki Mucize,Yes,,1100000,2:12,500000
Ocean's Twelve,No,,1100000,2:05,500000
Seven (1995),No,,1100000,2:07,500000
Student of the Year // स्टूडेंट ऑफ़ द ईयर,Yes,,1100000,2:25,500000
Svaha: The Sixth Finger // 사바하,Yes,2019-05-30,1100000,2:03,500000
The Judge (2014),No,,1100000,2:21,500000
The Perfect Dictatorship // La dictadura perfecta,Yes,,1100000,2:23,500000
Till We Meet Again on the Lily Hill // あの花が咲く丘で、君とまた出会えたら。,No,,1100000,2:08,500000
Tokyo MER: Mobile Emergency Room - The Movie // 劇場版 TOKYO MER～走る緊急救命室～,No,,1100000,2:08,500000
Touch (2024),No,,1100000,2:01,500000
Twilight of the Warriors: Walled In // 九龍城寨之圍城 // 九龙城寨之围城,No,,1100000,2:05,500000
Wasp Network,No,2020-06-19,1100000,2:07,500000
What Lies Beneath (2000),No,,1100000,2:10,500000
12 Strong,No,,1000000,2:10,500000
Bibi & Tina: Girls Versus Boys // Bibi & Tina: Mädchen gegen Jungs,No,,1000000,1:51,500000
Bunny! // Thỏ ơi!,Yes,,1000000,2:07,500000
Cells At Work! (2024) // はたらく細胞,Yes,,1000000,1:51,500000
Christine (1983),No,,1000000,1:50,500000
Detective Conan the Movie: Eleventh Striker // 劇場版 名探偵コナン 11人目のストライカー,No,,1000000,1:50,500000
Detective Conan the Movie: Raven Chaser // 劇場版 名探偵コナン 漆黒の追跡者,No,,1000000,1:51,500000
Diego Maradona,No,,1000000,2:04,500000
High & Low The Worst X,No,,1000000,1:59,500000
Inferno (2016),No,,1000000,2:02,500000
Intuition // La corazonada,No,2020-05-28,1000000,1:56,500000
Marry My Dead Body // 關於我和鬼變成家人的那件事 // 关于我和鬼变成家人的那件事,Yes,2023-08-10,1000000,2:10,500000
Marshall,No,,1000000,1:59,500000
Martha,Yes,2024-10-30,1000000,1:56,500000
More the Merrier // Donde caben dos,No,2021-11-30,1000000,1:51,500000
My Beloved Stranger // 知らないカノジョ,No,,1000000,2:02,500000
My Happy Marriage // わたしの幸せな結婚,No,,1000000,1:54,500000
Nausicaä of the Valley of the Wind // 風の谷のナウシカ,No,,1000000,1:57,500000
New Normal // 뉴 노멀,No,,1000000,1:53,500000
NYAD,Yes,2023-11-03,1000000,2:01,500000
Oblivion (2013),No,,1000000,2:05,500000
Ocean's Thirteen,No,,1000000,2:02,500000
Operation Pope // Zamach na Papieża,No,,1000000,2:03,500000
Pennum Porattum,Yes,,1000000,1:59,500000
Per Te,No,,1000000,1:54,500000
Planète B,No,,1000000,1:59,500000
Power Rangers (2017),No,,1000000,2:04,500000
Sakura // 朽ちないサクラ,No,,1000000,2:00,500000
Security,No,2021-06-16,1000000,1:58,500000
Shakespeare in Love,No,,1000000,2:04,500000
Shirley,Yes,2024-03-22,1000000,1:59,500000
Siempre es invierno,No,,1000000,1:57,500000
Snack Shack,No,,1000000,1:52,500000
Spotlight (2015),No,,1000000,2:09,500000
Sucker Punch (2011),No,,1000000,1:50,500000
Suzzanna: Kliwon Friday Night // Suzzanna: Malam Jumat Kliwon,Yes,,1000000,2:11,500000
The 6th Day,No,,1000000,2:04,500000
The Hill (2023),No,,1000000,2:07,500000
The Net // 그물,No,,1000000,1:52,500000
The Penguin Lessons,No,,1000000,1:52,500000
The Skin of the Wolf // Bajo la piel de lobo,Yes,2018-07-06,1000000,1:50,500000
The Wind Rises // 風立ちぬ,No,,1000000,2:07,500000
Think Like a Man,No,,1000000,2:02,500000
This City Is a Battlefield // Perang Kota,No,,1000000,1:56,500000
Total Recall (2012),No,,1000000,1:58,500000
Ushijima The Loan Shark // 闇金ウシジマくん,No,,1000000,2:11,500000
Ushijima The Loan Shark Part 2 // 闇金ウシジマくん Part2,No,,1000000,2:13,500000
When the Game Stands Tall,No,,1000000,1:55,500000
White House Down,No,,1000000,2:12,500000
Wild Wild Punjab // वाइल्ड वाइल्ड पंजाब,Yes,2024-07-10,1000000,1:51,500000
Wonderland // 원더랜드,Yes,2024-07-26,1000000,1:55,500000
A Good Child // 好孩子,No,,900000,1:44,500000
Adú,No,2020-06-30,900000,1:59,500000
Along Came a Spider,No,,900000,1:44,500000
Bank Chor // बैंक चोर,Yes,,900000,2:00,500000
Battle: Los Angeles,No,,900000,1:56,500000
Bibi & Tina II // Bibi & Tina: voll verhext,No,,900000,1:45,500000
Bionic // Biônicos,Yes,2024-05-29,900000,1:51,500000
Blue Thunder (1983),No,,900000,1:49,500000
Broad Peak,Yes,2022-09-14,900000,1:42,500000
Bubble // バブル,Yes,2022-04-28,900000,1:41,500000
Cásese quien pueda,No,,900000,1:47,500000
Dance with the Jackals 7 // Çakallarla Dans 7,No,,900000,1:49,500000
Detective Conan : The Private Eyes' Requiem // 劇場版 名探偵コナン 探偵たちの鎮魂歌,No,,900000,1:51,500000
Detective Conan the Movie: Private Eye in the Distant Sea // 劇場版 名探偵コナン 絶海の探偵,No,,900000,1:50,500000
Divine Influencer,No,,900000,1:46,500000
Dolemite Is My Name,Yes,2019-10-25,900000,1:58,500000
Elsa & Fred (2005),No,,900000,1:50,500000
Every Side of the Bed // Todos los lados de la cama,No,,900000,1:48,500000
Exorcist: The Beginning,No,,900000,1:53,500000
Faith in the Impossible // Fé Para o Impossível,Yes,,900000,1:40,500000
Going the Distance (2010),No,,900000,1:43,500000
Groundhog Day,No,,900000,1:41,500000
Gunpowder Milkshake,No,2021-07-14,900000,1:55,500000
Happy Feet Two,No,,900000,1:39,500000
Here Comes the Boom,No,,900000,1:45,500000
Heroic Losers // La odisea de los giles,No,,900000,1:55,500000
Holiday in the Vineyards,Yes,,900000,1:47,500000
Insidious: Chapter 2,No,,900000,1:46,500000
Ittefaq (2017),No,,900000,1:45,500000
Joe Dirt 2: Beautiful Loser,No,,900000,1:50,500000
Killing Faith,No,,900000,1:48,500000
Lisa Frankenstein,No,,900000,1:42,500000
London Boulevard,No,,900000,1:43,500000
Lords of Dogtown,No,,900000,1:47,500000
Luccas Neto em: O Plano dos Vilões,No,,900000,1:41,500000
Léon: The Professional,No,,900000,1:49,500000
Mansfield Park (1999),No,,900000,1:52,500000
Matched // マッチング,No,,900000,1:51,500000
Morning Glory (2010),No,,900000,1:48,500000
Murder Report // 살인자 리포트,No,,900000,1:47,500000
Muroi Shinji: Not Defeated // 室井慎次 敗れざる者,No,,900000,1:55,500000
October Rhapsody // Tak Ingin Usai di Sini,No,,900000,1:48,500000
One Piece Film: Strong World,No,,900000,1:56,500000
Our Girls // Voor de Meisjes,No,,900000,1:43,500000
Pagglait // पगलैट,Yes,2021-03-26,900000,1:54,500000
Penjagal Iblis: Dosa Turunan,No,,900000,1:39,500000
Perdida,Yes,2018-08-09,900000,1:43,500000
Road To Ninja -Naruto The Movie-,No,,900000,1:50,500000
Rose Island // L'incredibile storia dell'Isola delle Rose,Yes,2020-12-09,900000,1:59,500000
Royalteen: Princess Margrethe // Royalteen: Prinsesse Margrethe,Yes,2023-05-11,900000,1:39,500000
Rudy,No,,900000,1:54,500000
Scrooge: A Christmas Carol,Yes,2022-12-02,900000,1:41,500000
Seriously Single,Yes,2020-07-31,900000,1:48,500000
Single White Female,No,,900000,1:48,500000
Stigmata (1999),No,,900000,1:42,500000
The Burning Sea // Nordsjøen,No,,900000,1:46,500000
The Commuter,No,,900000,1:44,500000
The Frozen Ground,No,,900000,1:45,500000
The Herd (2025),No,,900000,1:52,500000
The Hows of Us,No,,900000,2:00,500000
The Match // 승부,Yes,,900000,1:56,500000
The Race // Cursa,No,,900000,1:39,500000
The Retirement Plan,No,,900000,1:43,500000
The Road Within,No,,900000,1:41,500000
The Unlikely Pilgrimage of Harold Fry,No,,900000,1:48,500000
The Way Back (2020),No,,900000,1:49,500000
The Wolf's Call // Le Chant du Loup,No,2019-06-20,900000,1:56,500000
Think Like a Man Too,No,,900000,1:46,500000
Tootsie,No,,900000,1:56,500000
Unwelcome (2023),No,,900000,1:44,500000
48 Hrs.,No,,800000,1:37,500000
Air Force Elite: Thunderbirds,Yes,2025-05-23,800000,1:31,500000
Aladdin 2 // Alad'2,No,,800000,1:38,500000
All Inclusive (2019),No,,800000,1:33,500000
All the Places // A todas partes,Yes,2023-02-14,800000,1:37,500000
Assalamualaikum Baitullah,No,,800000,1:41,500000
Avicii - I'm Tim,Yes,2024-12-31,800000,1:37,500000
Ayakçı,No,,800000,1:38,500000
Bila Esok Ibu Tiada,No,,800000,1:44,500000
Boruto: Naruto the Movie,No,,800000,1:35,500000
Britney Vs Spears,Yes,2021-09-28,800000,1:34,500000
Burn After Reading,No,,800000,1:36,500000
Can You Feel the Beat: The Lisa Lisa Story,No,,800000,1:28,500000
Chloe (2009),No,,800000,1:36,500000
Color Book,Yes,2026-06-19,800000,1:39,500000
Compadres,No,,800000,1:42,500000
Conan the Destroyer,No,,800000,1:41,500000
Crayon Shin-chan the Movie: Burst Serving! Kung Fu Boys ~Ramen Rebellion~ // クレヨンしんちゃん 爆盛!カンフーボーイズ〜拉麺大乱〜,No,,800000,1:43,500000
Crayon Shin-chan the Movie: The Storm Called: Yakiniku Road of Honor // 映画クレヨンしんちゃん 嵐を呼ぶ 栄光のヤキニクロード,No,,800000,1:29,500000
Crazy/Beautiful,No,,800000,1:39,500000
Crocodile Dundee,No,,800000,1:38,500000
Day of Reckoning (2025),No,,800000,1:46,500000
Detective Conan the Movie: Captured in Her Eyes // 劇場版 名探偵コナン 瞳の中の暗殺者,No,,800000,1:40,500000
Detective Conan the Movie: Countdown to Heaven // 劇場版 名探偵コナン 天国へのカウントダウン,No,,800000,1:40,500000
Detective Conan the Movie: Jolly Roger in the Deep Azure // 劇場版 名探偵コナン 紺碧の棺,No,,800000,1:46,500000
Don't Die: The Man Who Wants to Live Forever,Yes,2025-01-01,800000,1:30,500000
Doraemon the Movie: Nobita's Treasure Island // 映画ドラえもん のび太の宝島,No,,800000,1:44,500000
Downfall: The Case Against Boeing,Yes,2022-02-18,800000,1:30,500000
Dragon Quest Your Story // ドラゴンクエスト ユア・ストーリー,Yes,2020-02-13,800000,1:42,500000
Escape Room: Tournament Of Champions,No,,800000,1:28,500000
Family Business // فاميلي بيزنس,No,,800000,1:44,500000
Fargo (1996),No,,800000,1:38,500000
Fearless,Yes,2020-08-14,800000,1:32,500000
Fun with Dick & Jane,No,,800000,1:31,500000
Home Wrecker (2023),No,,800000,1:36,500000
"Honestly, I'm Fine // PAAZ",No,,800000,1:46,500000
How to Rob a Bank,Yes,2024-06-05,800000,1:28,500000
I Wish You Had Told Me // Sana Sinabi Mo,Yes,2025-12-04,800000,1:43,500000
iBOY,Yes,2017-01-27,800000,1:31,500000
Infinite,No,,800000,1:46,500000
It Could Happen to You (1994),No,,800000,1:42,500000
Jiu Jitsu,No,,800000,1:42,500000
Keanu,No,,800000,1:40,500000
Kuyang,Yes,,800000,1:38,500000
Lara Croft: Tomb Raider,No,,800000,1:41,500000
Leo & Lou,No,,800000,1:42,500000
Les Segpa,No,,800000,1:39,500000
Lilly (2024),No,,800000,1:33,500000
Lolo and the Kid,Yes,2024-08-07,800000,1:37,500000
Mary and The Witch's Flower // メアリと魔女の花,No,,800000,1:43,500000
Massacre of the Witches // Pembantaian Dukun Santet,No,,800000,1:32,500000
Mindcage,No,,800000,1:37,500000
Miss Kobayashi's Dragon Maid: A Lonely Dragon Wants to be Loved // 映画『小林さんちのメイドラゴン さみしがりやの竜』,No,,800000,1:44,500000
Money Monster,No,,800000,1:39,500000
Muzzle: City of Wolves,No,,800000,1:34,500000
Obsessions // Takıntılar,No,,800000,1:37,500000
Only We Know,Yes,,800000,1:40,500000
Rich in Love 2 // Ricos de Amor 2,Yes,2023-06-02,800000,1:29,500000
Robinson Crusoe (1997),No,,800000,1:31,500000
Rumah Untuk Alie,Yes,,800000,1:35,500000
S.W.A.T.: Under Siege,No,,800000,1:29,500000
Screw Mickiewicz // Piep*zyć Mickiewicza,No,,800000,1:41,500000
Self Reliance,No,,800000,1:31,500000
"Situationship // Situationship: Combinatii, nu relatii",No,,800000,1:36,500000
Sliding Doors,No,,800000,1:39,500000
Spy Kids 2: The Island of Lost Dreams,No,,800000,1:40,500000
Super Wings: Maximum Speed // 극장판 슈퍼윙스: 맥시멈 스피드,No,,800000,1:29,500000
TAU,Yes,2018-06-29,800000,1:38,500000
Tenung By Risa Saraswati & Dimasta,No,,800000,1:32,500000
The Binding // Il legame,No,2020-10-02,800000,1:33,500000
The Cabin in the Woods,No,,800000,1:35,500000
The Discovery,Yes,2017-03-31,800000,1:42,500000
The Entitled,Yes,2022-07-29,800000,1:39,500000
The Eye (2008),No,,800000,1:37,500000
"The Haunted Apartment ""Miss K"" // Panggonan Wingit 2 ""Miss K""",Yes,,800000,1:43,500000
The In-Laws 2 // Teściowie 2,No,,800000,1:30,500000
The Influence // La influencia,No,2019-10-11,800000,1:42,500000
The Kill Room,No,,800000,1:37,500000
The Knight Before Christmas,Yes,2019-11-21,800000,1:33,500000
The Merry Gentlemen,Yes,2024-11-20,800000,1:28,500000
The Night Before (2015),No,,800000,1:42,500000
The Playroom // Evcilik,No,,800000,1:37,500000
The Price of Family // Natale a tutti i costi,Yes,2022-12-19,800000,1:29,500000
The Spiderwick Chronicles (2008),No,,800000,1:37,500000
The Strangers: Chapter 1,No,,800000,1:31,500000
The Tasting // La Dégustation,No,,800000,1:32,500000
The Witcher: Sirens of the Deep,Yes,2025-02-11,800000,1:32,500000
This Is Where I Leave You,No,,800000,1:43,500000
Tolo Tolo,No,,800000,1:35,500000
Too Old for Fairy Tales 3 // Za Duży Na Bajki 3,No,,800000,1:30,500000
Tyler Perry's A Madea Christmas,No,,800000,1:40,500000
Una Terapia Di Gruppo,No,,800000,1:41,500000
Wicked Little Letters,No,,800000,1:40,500000
You Got Served,No,,800000,1:35,500000
#LadyRancho,No,,700000,1:32,500000
12 Hour Shift,No,,700000,1:28,500000
A Night at the Roxbury,No,,700000,1:22,500000
Abducted on Prom Night,No,,700000,1:27,500000
Beast of War,No,,700000,1:27,500000
Black Jack // ブラック・ジャック,No,,700000,1:33,500000
BLACKPINK: Light Up the Sky,Yes,2020-10-14,700000,1:20,500000
Bunny (2025),No,,700000,1:30,500000
CJ7 // 長江七號 // 长江七号,No,,700000,1:28,500000
Dalej Jazda!,No,,700000,1:33,500000
Diggers (2006),No,,700000,1:30,500000
Dr. Dolittle,No,,700000,1:25,500000
Hansel & Gretel: Witch Hunters,No,,700000,1:28,500000
Holmes & Watson,No,,700000,1:30,500000
Identity (2003),No,,700000,1:30,500000
In His Shadow // Le Roi des ombres,Yes,2023-03-17,700000,1:30,500000
Jack and Jill (2011),No,,700000,1:31,500000
Lucky (2020),No,,700000,1:22,500000
Mark of the Devil // La marca del demonio,No,2020-03-27,700000,1:21,500000
Memories of a Murderer: The Nilsen Tapes,Yes,2021-08-18,700000,1:26,500000
Miss Americana,Yes,2020-01-31,700000,1:25,500000
National Security (2003),No,,700000,1:28,500000
Not Another Teen Movie,No,,700000,1:29,500000
One Careful Owner // El Inconveniente,No,,700000,1:33,500000
Pangolin: Kulu’s Journey,Yes,2025-04-21,700000,1:30,500000
River Wild,No,,700000,1:31,500000
Secret Lives of Orangutans,Yes,2024-08-22,700000,1:20,500000
September 5,No,,700000,1:31,500000
Swing Into Romance,No,,700000,1:25,500000
Tainá 2: A Aventura Continua,No,,700000,1:19,500000
The Brothers Grimsby,No,,700000,1:23,500000
The Butcher’s Daughter // Tendre Et Saignant,No,,700000,1:31,500000
The Christmas Contract,No,,700000,1:27,500000
The Mechanic (2011),No,,700000,1:32,500000
The One (2001),No,,700000,1:27,500000
Top Secret! (1984),No,,700000,1:30,500000
What a Beautiful Day // Che bella giornata,No,,700000,1:32,500000
Windfall,Yes,2022-03-18,700000,1:32,500000
Wrinkles the Clown,No,,700000,1:18,500000
Creep 2,Yes,,600000,1:20,500000
Despite Everything // A pesar de todo,Yes,2019-05-03,600000,1:19,500000
Living with Leopards,Yes,2024-05-10,600000,1:11,500000
Naked Ambition (2023),No,,600000,1:13,500000
Two // Dos,Yes,2021-12-10,600000,1:11,500000
Untold: Caitlyn Jenner,Yes,2021-08-24,600000,1:10,500000
Anpanman: Twinkle! Princess Vanilla of Ice Cream Land // 映画 それいけ! アンパンマン きらめけ! アイスの国のバニラ姫,No,,500000,1:01,500000
Dining With The Kapoors,Yes,2025-11-21,500000,1:02,500000
Host,No,,500000,0:56,500000
"Ordinary Men: The ""Forgotten Holocaust""",No,,500000,0:58,500000
The Ride (2025),Yes,,500000,1:05,500000
Angela's Christmas 2,Yes,2020-12-01,400000,0:48,500000
Rocky’s Cat-astrophe,No,,400000,0:44,500000
The Quiet Yakuza～chapter～Ⅴ～ // 静かなるドン 第5章,No,,400000,0:53,500000
Trainwreck: Mayor of Mayhem,Yes,2025-06-17,400000,0:50,500000
Bita e os Animais 3,No,,200000,0:22,500000
Bad Exorcist: New Year's Eve // Bogdan Boner: Sylwester,No,2025-12-31,100000,0:12,500000
The Ten Commandments (1956),No,,1400000,3:41,400000
Kabhi Alvida Naa Kehna // कभी अलविदा ना कहना,Yes,,1300000,3:12,400000
Saaho // साहो,No,,1200000,2:52,400000
Baahubali: The Beginning (Hindi Version) // बाहुबली: एक शुरुआत,No,,1100000,2:39,400000
Swades // स्वदेस: हम लोग,No,,1100000,3:05,400000
Thammudu (2025),Yes,,1100000,2:31,400000
8 Vasantalu,Yes,,1000000,2:18,400000
Angels & Demons,No,,1000000,2:19,400000
Baragaki Unbroken Samurai // 燃えよ剣,No,,1000000,2:28,400000
Batman v Superman: Dawn of Justice,No,,1000000,2:32,400000
Exhuma // 파묘,No,,1000000,2:14,400000
Kantara (Hindi),No,,1000000,2:28,400000
Meenakshi Sundareshwar // मीनाक्षी सुंदरेश्वर,Yes,2021-11-05,1000000,2:21,400000
Mere Brother Ki Dulhan // मेरे ब्रदर की दुल्हन,Yes,,1000000,2:19,400000
Munich,No,,1000000,2:44,400000
OMG 2,Yes,,1000000,2:35,400000
Rage // 怒り,No,,1000000,2:21,400000
Sir (Hindi) (2023),No,,1000000,2:15,400000
Speed Racer (2008),No,,1000000,2:15,400000
Thandel,Yes,,1000000,2:28,400000
Thugs of Hindostan // ठग्स ऑफ़ हिंदोस्तान,Yes,,1000000,2:44,400000
Wonder Woman (2017),No,,1000000,2:21,400000
2nd Miracle in Cell No. 7,No,,900000,2:27,400000
Anatomy of a Fall // Anatomie d'une chute,No,,900000,2:25,400000
Article 15 // आर्टिकल 15,No,,900000,2:05,400000
Badhaai Do,No,,900000,2:28,400000
Big World // 小小的我,No,,900000,2:11,400000
Black Adam,No,,900000,2:05,400000
Black Mass,No,,900000,2:03,400000
Doctor G // डॉक्टर G,No,,900000,2:01,400000
Freedom Writers,No,,900000,2:04,400000
Harry Potter and the Deathly Hallows: Part 1,No,,900000,2:26,400000
Head Full of Honey (2018),No,,900000,2:08,400000
Hot Fuzz,No,,900000,2:01,400000
How I Became a Gangster // Jak zostalem gangsterem. Historia prawdziwa,No,2020-06-01,900000,2:19,400000
Kadhalikka Neramillai,Yes,,900000,2:20,400000
La Grazia,No,,900000,2:12,400000
Mad (2023),Yes,,900000,2:04,400000
Marie Antoinette (2006),No,,900000,2:03,400000
"Monica, O My Darling // मोनिका, ओ माय डार्लिंग",Yes,2022-11-11,900000,2:10,400000
Murder at Yellowstone City,No,,900000,2:07,400000
Norma: Antara Mertua dan Menantu,No,,900000,2:14,400000
Nosferatu (2024),No,,900000,2:13,400000
"Roman J. Israel, Esq.",No,,900000,2:02,400000
Sherlock Holmes: A Game of Shadows,No,,900000,2:09,400000
Thangalaan,No,,900000,2:29,400000
The Berlin File // 베를린,No,,900000,2:01,400000
The Departed (2006),No,,900000,2:31,400000
The Fugitive (1993),No,,900000,2:10,400000
The Punisher (2004),No,,900000,2:03,400000
The Suicide Squad,No,,900000,2:12,400000
Trainwreck (2015),No,,900000,2:05,400000
Ushijima the Loan Shark Part 3 // 闇金ウシジマくん Part 3,No,,900000,2:11,400000
Ushijima the Loan Shark The Final  // 闇金ウシジマくん ザ・ファイナル,No,,900000,2:10,400000
Vicky Vidya ka Woh Wala Video // विकी विद्या का वो वाला वीडियो,Yes,,900000,2:22,400000
Violet Evergarden the Movie // 劇場版 ヴァイオレット・エヴァーガーデン,Yes,,900000,2:20,400000
War Machine,Yes,2017-05-26,900000,2:03,400000
"10,000 B.C. (2008)",No,,800000,1:49,400000
3 Men's Soulmates // Jodoh 3 Bujang,No,,800000,1:47,400000
Alzarfah: Escape from Hanhounia Hell // الزرفة: الهروب من جحيم هنهونيا,No,,800000,1:51,400000
American Underdog: The Kurt Warner Story,No,,800000,1:52,400000
Azaad // आज़ाद,Yes,,800000,2:16,400000
Believer // 독전,No,,800000,2:03,400000
Birds of Prey (And the Fantabulous Emancipation of One Harley Quinn) (2020),No,,800000,1:49,400000
Blind // 블라인드,No,,800000,1:51,400000
Book Club: The Next Chapter,No,,800000,1:48,400000
Bounce,No,,800000,1:47,400000
Call Me by Your Name,No,,800000,2:12,400000
Champions (2023),No,,800000,2:04,400000
Charlie's Angels (2019),No,,800000,1:59,400000
Cindy la Regia,No,,800000,1:48,400000
Cloud // Cloud クラウド,No,,800000,2:04,400000
Daawat-e-Ishq // दावत-ए-इश्क,Yes,,800000,1:58,400000
Deception - Round D Corner // धोखा - राउंड द कॉर्नर,No,,800000,1:48,400000
Detective Conan : Full Score of Fear // 劇場版 名探偵コナン 戦慄の楽譜,No,,800000,1:56,400000
Detective Conan the Movie: Strategy Above the Depths // 劇場版 名探偵コナン 水平線上の陰謀,No,,800000,1:48,400000
Dunkirk (2017),No,,800000,1:47,400000
Footloose (2011),No,,800000,1:55,400000
Forbidden Fairytale // 동화지만 청불입니다,No,,800000,1:49,400000
Furies // Thanh Sói,Yes,2023-03-23,800000,1:50,400000
Gold Rush Gang // เขาชุมทอง คะนองชุมโจร,Yes,2025-08-21,800000,2:00,400000
Hairspray (2007),No,,800000,1:56,400000
Harry Potter and the Deathly Hallows: Part 2,No,,800000,2:10,400000
High & Low The Worst,No,,800000,2:05,400000
House of the Seasons // 장손,No,,800000,2:01,400000
In Waves and War,Yes,2025-11-03,800000,1:48,400000
Indiana Jones and the Temple of Doom,No,,800000,1:59,400000
Komang,No,,800000,1:47,400000
Licorice Pizza,No,,800000,2:13,400000
Macabre Case of Prom Pi Ram // คืนบาปพรหมพิราม,No,,800000,1:53,400000
Madame Claude,Yes,2021-04-02,800000,1:53,400000
Mai (2024),Yes,,800000,2:10,400000
"Manta, Manta: Legacy // Manta Manta - Zwoter Teil",No,,800000,2:02,400000
Meri Pyaari Bindu // मेरी प्यारी बिंदू,Yes,,800000,1:56,400000
Mission: Impossible - Ghost Protocol,No,,800000,2:14,400000
Oho Enthan Baby,Yes,,800000,2:10,400000
OK Jaanu // ओके जानू,Yes,,800000,2:14,400000
Pleasantville,No,,800000,2:04,400000
Primitive War,No,,800000,2:13,400000
Proof of Innocence // 특별수사: 사형수의 편지,No,,800000,2:00,400000
Qorin,Yes,,800000,1:49,400000
Richard Jewell,No,,800000,2:11,400000
Risky Business // Modal Nekad,No,,800000,1:47,400000
Scream (1996),No,,800000,1:51,400000
Something Borrowed,No,,800000,1:48,400000
Son of a Gun (2014),No,,800000,1:49,400000
Summit Fever,No,,800000,1:56,400000
Taxi Driver (1976),No,,800000,1:54,400000
The Case for Christ,No,,800000,1:53,400000
The Convert (2023),No,,800000,1:59,400000
The Corpse Washer // Pemandi Jenazah,No,,800000,1:47,400000
The Follies // Las locuras,Yes,2025-11-20,800000,2:01,400000
The Last Thing He Wanted,Yes,2020-02-21,800000,1:56,400000
The Net (1995),No,,800000,1:54,400000
The Nice Guys,No,,800000,1:56,400000
The Origin of Evil // L’origine Du Mal,No,,800000,2:03,400000
The Secret in Their Eyes // El secreto de sus ojos,No,,800000,2:04,400000
The Stone // เดอะ สโตน พระแท้ คนเก๊,Yes,,800000,2:05,400000
The Suicide Squad (Dubbed Version),No,,800000,2:12,400000
The Untouchables (1987),No,,800000,2:00,400000
Tune in for Love // 유열의 음악앨범,Yes,2019-11-05,800000,2:03,400000
Two Sons of Francisco // 2 Filhos de Francisco,No,,800000,2:11,400000
Un/Happy For You,Yes,,800000,1:51,400000
Untold: The Girlfriend Who Didn't Exist,Yes,2022-08-16,800000,2:04,400000
War of the Worlds (2005),No,,800000,1:57,400000
White Boy Rick,No,,800000,1:51,400000
Your Name // 君の名は。,No,,800000,1:47,400000
#realityhigh,Yes,2017-09-08,700000,1:39,400000
A Girl Named Ann // あんのこと,No,,700000,1:53,400000
A Part of You // En Del Av Dig,Yes,2024-05-31,700000,1:41,400000
Addams Family Values,No,,700000,1:35,400000
American History X,No,,700000,1:59,400000
American Made,No,,700000,1:55,400000
Anchorman: The Legend of Ron Burgundy,No,,700000,1:35,400000
Até que a Sorte Nos Separe,No,,700000,1:42,400000
Até que a Sorte Nos Separe 2,No,,700000,1:43,400000
Até Que A Sorte Nos Separe 3,No,,700000,1:47,400000
Austin Powers in Goldmember,No,,700000,1:34,400000
"Believe: The Ultimate Battle // Believe - Takdir, Mimpi, Keberanian",No,,700000,1:52,400000
Beowulf (2007),No,,700000,1:54,400000
Bibi & Tina (2014),No,,700000,1:37,400000
Bigbug,Yes,2022-02-11,700000,1:51,400000
Black Money // 블랙머니,No,,700000,1:53,400000
Blumhouse's Fantasy Island,No,,700000,1:49,400000
BoBoiBoy Movie 2,No,,700000,1:56,400000
Bordertown (2006),No,,700000,1:52,400000
Boss Level,No,,700000,1:41,400000
Børning 3: Asphalt Burning // Børning 3,Yes,2020-12-25,700000,1:40,400000
Carosello in love,No,,700000,1:39,400000
Clown (2014),No,,700000,1:40,400000
ConMom,Yes,,700000,1:52,400000
Crayon Shin-chan the Movie: Super-Dimension! The Storm Called My Bride // 映画クレヨンしんちゃん 超時空! 嵐を呼ぶオラの花嫁,No,,700000,1:40,400000
Crayon Shin-chan the Movie: The Storm Called: Operation Golden Spy // 映画 クレヨンしんちゃん 嵐を呼ぶ 黄金のスパイ大作戦,No,,700000,1:47,400000
Crocodile Dundee II,No,,700000,1:52,400000
Daddy's Home (2015),No,,700000,1:37,400000
Daddy's Home 2,No,,700000,1:41,400000
Danger Close (2019),No,,700000,1:58,400000
Danny Collins,No,,700000,1:47,400000
Dead Again (1991),No,,700000,1:48,400000
Demon Slayer -Kimetsu no Yaiba- The Movie: Mugen Train // 劇場版「鬼滅の刃」 無限列車編,No,,700000,1:57,400000
Desperados,Yes,2020-07-03,700000,1:47,400000
Detective Conan the Movie: Magician of the Silver Sky // 劇場版 名探偵コナン 銀翼の奇術師,No,,700000,1:48,400000
Detective Conan the Movie: The Fourteenth Target // 劇場版 名探偵コナン 14番目の標的,No,,700000,1:40,400000
Detective Conan the Movie: The Last Wizard of the Century // 劇場版 名探偵コナン 世紀末の魔術師,No,,700000,1:39,400000
Dongeng Sang Kancil,Yes,,700000,1:39,400000
Doraemon the Movie: Nobita's Chronicle of the Moon Exploration // 映画ドラえもん のび太の月面探査記,No,,700000,1:50,400000
Doraemon the Movie: Nobita's Great Adventure in the Antarctic Kachi Kochi // 映画ドラえもん のび太の南極カチコチ大冒険,No,,700000,1:40,400000
Doraemon the Movie: Nobita's New Dinosaur // 映画ドラえもん のび太の新恐竜,No,,700000,1:50,400000
Due Date,No,,700000,1:35,400000
Elisa & Marcela // Elisa y Marcela,Yes,2019-06-07,700000,1:59,400000
Emily the Criminal,No,,700000,1:37,400000
Emmanuelle (2024),No,,700000,1:45,400000
Eye For An Eye // Quien a hierro mata,No,2020-01-15,700000,1:48,400000
Forces of Nature (1999),No,,700000,1:46,400000
Furie // Hai Phượng,No,2019-05-22,700000,1:37,400000
FYRE: The Greatest Party That Never Happened,Yes,2019-01-18,700000,1:38,400000
G-Men // Gメン,No,,700000,2:00,400000
Ghost Book // ゴーストブック おばけずかん,No,,700000,1:53,400000
Good Grief,Yes,2024-01-05,700000,1:41,400000
Green Zone,No,,700000,1:55,400000
Halftime,Yes,2022-06-14,700000,1:37,400000
House of Ga'a,Yes,2024-07-26,700000,2:00,400000
Hunt for the Wilderpeople,No,,700000,1:41,400000
I.Q. (1994),No,,700000,1:36,400000
In My Dreams,No,,700000,1:34,400000
Insomnia (2002),No,,700000,1:58,400000
Jaws 3,No,,700000,1:38,400000
Jendela Seribu Sungai,No,,700000,1:42,400000
Johnny,Yes,2023-03-23,700000,1:59,400000
Just Another Christmas // Tudo Bem No Natal Que Vem,Yes,2020-12-03,700000,1:41,400000
Kaede: Our Echoing Stars // 楓,No,,700000,2:00,400000
Kahar: Kapla High Council,No,,700000,1:42,400000
Kangaroo (2025),No,,700000,1:47,400000
La familia Benetón,No,,700000,1:34,400000
Lasting Moments,Yes,,700000,1:56,400000
Lion (2016),No,,700000,1:59,400000
Little,No,,700000,1:49,400000
Lost in Starlight // 이 별에 필요한,Yes,2025-05-30,700000,1:38,400000
Mafia Mamma,No,,700000,1:41,400000
Mamonas Assassinas: O Filme,No,,700000,1:35,400000
Mavka.The Forest Song // Мавка. Лісова пісня,No,,700000,1:39,400000
Maximum Risk,No,,700000,1:41,400000
May the Devil Take You // Sebelum Iblis Menjemput,No,2018-11-15,700000,1:50,400000
Mirreyes vs Godinez // Mirreyes contra Godínez,No,,700000,1:49,400000
Mission: Impossible (1996),No,,700000,1:51,400000
Murder to Mercy: The Cyntoia Brown Story,Yes,2020-04-29,700000,1:37,400000
My Love Will Make You Disappear,Yes,,700000,1:45,400000
Nightcrawler,No,,700000,1:58,400000
O Candidato Honesto,No,,700000,1:47,400000
One Life (2023),No,,700000,1:49,400000
One Piece Film: Gold,No,,700000,2:00,400000
One Piece Stampede,No,,700000,1:41,400000
Operation Christmas Drop,Yes,2020-11-05,700000,1:36,400000
Oxygen // Oxygène,Yes,2021-05-12,700000,1:42,400000
Padre no hay más que uno 4,No,,700000,1:39,400000
Partners in Crime (Philippines Movie),Yes,,700000,1:49,400000
Paskal,No,2019-03-15,700000,1:55,400000
Pretty Crazy // 악마가 이사왔다,No,,700000,1:53,400000
Promising Young Woman,No,,700000,1:54,400000
Qodrat 2,No,,700000,1:55,400000
Resident Evil (2002),No,,700000,1:41,400000
Resident Evil: Damnation,No,,700000,1:40,400000
Robin Hood (2018),No,,700000,1:56,400000
Samhain,No,,700000,1:55,400000
Samson (2018),No,,700000,1:49,400000
Saturday Night (2024),No,,700000,1:49,400000
Scarlet // Hateshi naki Sukâretto,No,,700000,1:51,400000
Sierra Burgess Is a Loser,Yes,2018-09-07,700000,1:46,400000
Spoiled Brats // Pourris gâtés,No,2021-11-26,700000,1:36,400000
Squared Love All Over Again // Miłość do kwadratu jeszcze raz,Yes,2023-02-13,700000,1:40,400000
St Trinian's 2 & The Legend of Fritton's Gold,No,,700000,1:41,400000
Tales from Earthsea // ゲド戦記,No,,700000,1:56,400000
Team Siblings // Kardeş Takımı,No,,700000,1:34,400000
The Addams Family (1991),No,,700000,1:40,400000
The Blue Lagoon,No,,700000,1:45,400000
The Catholic School // La Scuola Cattolica,No,2022-09-14,700000,1:46,400000
The Company Men,No,,700000,1:45,400000
The Conjuring: The Devil Made Me Do It,No,,700000,1:52,400000
The Crow (2024),No,,700000,1:51,400000
"The French Dispatch of the Liberty, Kansas Evening Sun",No,,700000,1:49,400000
The Front Room,No,,700000,1:35,400000
The Lady of Silence: The Mataviejitas Murders // La Dama del Silencio: El caso Mataviejitas,Yes,2023-07-27,700000,1:51,400000
The Lego Batman Movie,No,,700000,1:45,400000
The LEGO Ninjago Movie,No,,700000,1:41,400000
The Lesson (2023),No,,700000,1:43,400000
The Man from U.N.C.L.E. (2015),No,,700000,1:56,400000
The Monkey,No,,700000,1:38,400000
The Next Karate Kid,No,,700000,1:47,400000
The Rhythm Section,No,,700000,1:51,400000
The Room Next Door (2024),No,,700000,1:46,400000
The Taming of the Shrewd 2 // Poskromienie złośnicy 2,Yes,2023-12-20,700000,1:40,400000
The Time Machine (2002),No,,700000,1:36,400000
The Whole Truth (2016),No,,700000,1:34,400000
The World of Love // 세계의 주인,No,,700000,1:59,400000
Thinline,No,,700000,2:00,400000
Torrente 2: Mission in Marbella // Torrente 2: Misión en Marbella,No,,700000,1:38,400000
Total Recall (1990),No,,700000,1:54,400000
Trainwreck: Storm Area 51: Season 1,Yes,2025-07-29,700000,1:37,400000
Tyson's Run,No,,700000,1:43,400000
Us and Them // 後來的我們 // 后来的我们,Yes,2018-06-21,700000,1:59,400000
Vinci 2,No,,700000,1:59,400000
Volevo un figlio maschio,No,,700000,1:37,400000
Wakefield (2016),No,,700000,1:49,400000
Who Wants To Marry an Astronaut? // ¿Quién Quiere Casarse Con Un Astronauta?,No,,700000,1:35,400000
Wish // 바람,No,,700000,1:48,400000
Wounds,No,2019-10-18,700000,1:36,400000
Yakuza Princess,No,2022-04-20,700000,1:52,400000
Your Letter // 연의 편지,No,,700000,1:36,400000
괴기열차,No,,700000,1:35,400000
A Deadly Invitation // Invitación a un asesinato,Yes,2023-10-06,600000,1:33,400000
A Paris Christmas Waltz,No,,600000,1:25,400000
A Very Merry Beauty Salon,No,,600000,1:28,400000
After Hours (1985),No,,600000,1:37,400000
Annabelle,No,,600000,1:39,400000
Area 51,No,,600000,1:31,400000
Babo: The Haftbefehl Story // Babo - Die Haftbefehl-Story,Yes,2025-10-28,600000,1:33,400000
Between Two Ferns: The Movie,Yes,2019-09-20,600000,1:23,400000
Blue Lagoon: The Awakening,No,,600000,1:30,400000
Buddies from the Neighborhood // Mahalleden Arkadaslar,No,,600000,1:34,400000
Cadaver // Kadaver,Yes,2020-10-22,600000,1:27,400000
Carnaval,Yes,2021-06-02,600000,1:35,400000
Carrie (1976),No,,600000,1:38,400000
Charming,No,2019-12-11,600000,1:25,400000
Chick Fight,No,,600000,1:37,400000
Christmas at the Chalet,No,,600000,1:29,400000
Collision,Yes,2022-06-16,600000,1:40,400000
Crayon Shinchan the Movie: The Tornado Legend of Ninja Mononoke // 映画クレヨンしんちゃん もののけニンジャ珍風伝,No,,600000,1:40,400000
Curry & Cyanide - The Jolly Joseph Case,Yes,2023-12-22,600000,1:38,400000
Daddio (2023),No,,600000,1:40,400000
Dasim,No,,600000,1:39,400000
Detective Conan the Movie: The Time-Bombed Skyscraper // 劇場版 名探偵コナン 時計じかけの摩天楼,No,,600000,1:34,400000
Devil on Campus: The Larry Ray Story,No,,600000,1:26,400000
Dirty Kids // Sales gosses,No,,600000,1:24,400000
Don’t Blame Karma! // ¿Qué culpa tiene el karma?,Yes,2022-08-03,600000,1:26,400000
Double Threat (2022),No,,600000,1:32,400000
Duplex,No,,600000,1:30,400000
Ein Fest fürs Leben,No,,600000,1:41,400000
El Jeremías,No,,600000,1:37,400000
Errementari: The Blacksmith and the Devil // Errementari,No,2018-10-12,600000,1:39,400000
Flightplan,No,,600000,1:39,400000
Go (1999),No,,600000,1:42,400000
Happy Together // Mutluyuz,No,,600000,1:36,400000
Hostel (2005),No,,600000,1:33,400000
Hostile Takeover (2025),No,,600000,1:30,400000
Hot Frosty,Yes,2024-11-13,600000,1:32,400000
Hudson Hawk,No,,600000,1:40,400000
I Give It a Year,No,,600000,1:38,400000
I Love Lizzy,Yes,,600000,1:42,400000
In Family I Trust // Gente que viene y bah,Yes,2019-05-10,600000,1:37,400000
Into the Deep: The Submarine Murder Case,Yes,2022-09-30,600000,1:27,400000
"It’s Okay! // 괜찮아? 괜찮아, 괜찮아!​​",No,,600000,1:42,400000
Jonah Hex (2010),No,,600000,1:21,400000
Just Say Yes,Yes,2021-04-02,600000,1:38,400000
Khan Kluay // ก้านกล้วย,No,,600000,1:35,400000
Killer Whale (2026),No,,600000,1:29,400000
Knock at the Cabin,No,,600000,1:40,400000
Kubo and the Two Strings,No,,600000,1:42,400000
La vida inmoral de la pareja ideal,No,,600000,1:31,400000
Lavoreremo da Grandi,No,,600000,1:32,400000
Luccas Neto em: Duas Babás Muito Esquisitas,No,,600000,1:23,400000
Luccas Neto in: The Magical Hotel 2 // Luccas Neto em: O Hotel Mágico 2,No,,600000,1:39,400000
Mayday (2021),No,,600000,1:40,400000
Men at Work 3 // Onze Jongens 3,No,,600000,1:32,400000
Misha and the Wolves,Yes,2021-08-11,600000,1:30,400000
Money Shot: The Pornhub Story,Yes,2023-03-15,600000,1:35,400000
My Hero Academia: Two Heroes // 僕のヒーローアカデミア THE MOVIE ~二人の英雄~,No,,600000,1:36,400000
Ninja Assassin,No,,600000,1:39,400000
Nocturnal // 브로큰,No,,600000,1:39,400000
Operation Mistletoe,No,,600000,1:26,400000
Os Parças (2017),No,,600000,1:40,400000
Pixie. The New Beginning // Skrzat. Nowy początek.,No,,600000,1:39,400000
Prime Minister,No,,600000,1:42,400000
Quarantine (2008),No,,600000,1:29,400000
Queen of Coal // Miss Carbón,No,2025-12-19,600000,1:33,400000
Race to the Summit // Duell am Abgrund,Yes,2023-10-04,600000,1:30,400000
Rafadan Tayfa: Kapadokya,No,,600000,1:24,400000
Rambo: First Blood,No,,600000,1:33,400000
Renfield,No,,600000,1:34,400000
Renovation Romance,No,,600000,1:28,400000
Richie Rich (1994),No,,600000,1:34,400000
Robbing Mussolini // Rapiniamo il Duce,Yes,2022-10-26,600000,1:40,400000
Romance on the Menu,No,2020-09-23,600000,1:36,400000
Rosa Peral's Tapes // Las cintas de Rosa Peral,Yes,2023-09-08,600000,1:21,400000
Rough Night,No,,600000,1:41,400000
S.O.S.: Women to the Sea // S.O.S.: Mulheres ao Mar,No,,600000,1:35,400000
Schoolmates! // Un petit miracle,No,,600000,1:32,400000
Scotty James: Pipe Dream,Yes,,600000,1:33,400000
Shell (2024),No,,600000,1:42,400000
Siblings of the Cape // 岬の兄妹,No,,600000,1:30,400000
Sin instrucciones,No,,600000,1:39,400000
Skywalkers: A Love Story,Yes,2024-07-19,600000,1:41,400000
Slow West,No,,600000,1:23,400000
Smartie and Me // Psoty,No,,600000,1:38,400000
Spaceballs,No,,600000,1:36,400000
Spycies,No,,600000,1:39,400000
Starsky & Hutch (2004),No,,600000,1:41,400000
Start-Up // 시동,No,,600000,1:42,400000
Stolen Vacation // Viaje todo robado,Yes,,600000,1:32,400000
Sweet Little Things // Les petites victoires,No,,600000,1:30,400000
Tell Me Who I Am,Yes,2019-10-18,600000,1:26,400000
The Client List (2010),No,,600000,1:28,400000
The Crimes That Bind // Crímenes de familia,Yes,2020-08-20,600000,1:40,400000
The Delivery Rider,No,,600000,1:31,400000
The Football Factory,No,,600000,1:31,400000
The New Yorker at 100,Yes,2025-12-05,600000,1:37,400000
The Night My Dad Saved Christmas 2 // La Navidad en sus manos 2,Yes,2025-12-05,600000,1:34,400000
The Returning Dead // Selepas Tahlil,No,,600000,1:36,400000
The Seventh Sign,No,,600000,1:37,400000
The Wasteland // El páramo,Yes,2022-01-06,600000,1:33,400000
Torrente 4: Lethal Crisis,No,,600000,1:33,400000
Torrente 5: Operacion Eurovegas,No,,600000,1:42,400000
Trailer Park Boys: The Movie,No,,600000,1:35,400000
Trees of Peace,Yes,2022-06-10,600000,1:38,400000
Trespass (2011),No,,600000,1:27,400000
Troubleshooter // 해결사,No,,600000,1:40,400000
Um Tio Quase Perfeito,No,,600000,1:36,400000
Vampires vs. the Bronx,Yes,2020-10-02,600000,1:26,400000
Why Did You Kill Me?,Yes,2021-04-14,600000,1:24,400000
Wish Upon,No,,600000,1:30,400000
شباب البومب 2,No,,600000,1:41,400000
A Brush with Christmas,No,,500000,1:24,400000
Best. Christmas. Ever!,Yes,2023-11-16,500000,1:22,400000
Hot Girls Wanted,Yes,2015-05-29,500000,1:23,400000
Håkan Bråkan (2022),No,,500000,1:25,400000
Luccas Neto em: O Meu Aniversário,No,,500000,1:18,400000
Luccas Neto em: Uma Aventura no Zoológico,No,,500000,1:24,400000
Monster Island (2024),No,,500000,1:23,400000
Open Season: Scared Silly,No,,500000,1:25,400000
Spy Kids 3: Game Over,No,,500000,1:23,400000
The In-Laws // Teściowie,No,,500000,1:18,400000
"The Wiggles, Nursery Rhymes",No,,500000,1:09,400000
The Witcher: Nightmare of the Wolf,Yes,2021-08-23,500000,1:24,400000
Tom and Jerry: The Movie,No,,500000,1:20,400000
Untold: Johnny Football,Yes,2023-08-08,500000,1:12,400000
Untold: Malice at the Palace,Yes,2021-08-10,500000,1:10,400000
Anpanman: Fluffy Flurry and the Land of Clouds // 映画 それいけ! アンパンマン  ふわふわフワリーと雲の国,No,,400000,1:03,400000
Anpanman: Shine! Kulun and the Stars of Life // 映画 それいけ! アンパンマン かがやけ! クルンといのちの星,No,,400000,1:01,400000
Me Contro Te – Il Film: Operazione Spie,No,,400000,1:01,400000
Monster Hunter: Legends of the Guild,Yes,2021-08-12,400000,0:59,400000
The Quiet Yakuza～chapter～Ⅷ～ // 静かなるドン 第8章,No,,400000,0:55,400000
Alien Xmas,Yes,2020-11-20,300000,0:42,400000
Anpanman: Apple Boy And Everyone's Hope // 映画 それいけ! アンパンマン りんごぼうやとみんなの願い,No,,300000,0:46,400000
Anpanman: Star-Spirited Dollie // 映画 それいけ! アンパンマン いのちの星のドーリィ,No,,300000,0:51,400000
Lead Me Home,Yes,2021-11-30,300000,0:40,400000
Lilla spöket Laban spökar igen,No,,300000,0:44,400000
Paw Patrol: Jet to the Rescue,No,,300000,0:44,400000
Spookley the Square Pumpkin,No,,300000,0:47,400000
State of Alabama vs. Brittany Smith,Yes,2022-11-10,300000,0:40,400000
The Speed Cubers,Yes,2020-07-29,300000,0:41,400000
Trainwreck: The Real Project X,Yes,2025-07-08,300000,0:48,400000
Anpanman: Baikinman and Triple Baikin Punch // 映画 それいけ! アンパンマン ばいきんまんと3ばいパンチ,No,,200000,0:30,400000
Anpanman: Let’s Gather in Anpanman World! // 映画 それいけ! アンパンマン みんな集まれ! アンパンマンワールド,No,,200000,0:30,400000
Bad Exorcist: Seminary // Bogdan Boner: Seminarium,No,2026-05-27,200000,0:30,400000
Turminha Paraíso 2,No,,200000,0:33,400000
Two Distant Strangers,Yes,2021-04-09,200000,0:32,400000
Forgive Us Our Trespasses,Yes,2022-02-17,100000,0:14,400000
The Blue Drum,Yes,,100000,0:16,400000
Mobile Suit Gundam The Origin: Season 1 // 機動戦士ガンダムTHE ORIGIN: シーズン1,No,,1800000,7:06,300000
Adipurush // आदिपुरुष,Yes,,900000,2:58,300000
Ae Dil Hai Mushkil // ऐ दिल है मुश्किल,Yes,,900000,2:35,300000
Boyhood,No,,900000,2:46,300000
Chainsaw Man – The Compilation // チェンソーマン 総集篇,No,,900000,3:35,300000
Cold Mountain,No,,900000,2:35,300000
Horizon: An American Saga: Chapter 1,No,,900000,3:01,300000
Laal Singh Chaddha // लाल सिंह चड्ढा,Yes,,900000,2:38,300000
Sanju // संजू,Yes,,900000,2:39,300000
Along with the Gods: The Two Worlds // 신과함께-죄와 벌,No,,800000,2:20,300000
American Honey,No,,800000,2:43,300000
Badrinath Ki Dulhania // बद्रीनाथ की दुल्हनिया,Yes,,800000,2:19,300000
Bagheera (2024),Yes,,800000,2:36,300000
Detective Byomkesh Bakshy! // डिटेक्टिव ब्योमकेश बक्शी!,Yes,,800000,2:18,300000
Doctor Sleep,No,,800000,2:32,300000
Don (2022),No,,800000,2:43,300000
Face/Off (1997),No,,800000,2:19,300000
Fantastic Beasts: The Secrets of Dumbledore,No,,800000,2:23,300000
Goodbye // गुडबाय,No,,800000,2:21,300000
Hulk,No,,800000,2:18,300000
Jagame Thandhiram,Yes,2021-06-18,800000,2:39,300000
Jersey // जर्सी,No,,800000,2:49,300000
Letters from Iwo Jima // 硫黄島からの手紙,No,,800000,2:21,300000
Pretty Guardian Sailor Moon Cosmos The Movie: Part 1 / Part 2 // 劇場版美少女戦士セーラームーン Cosmos: 前編・後編,Yes,2024-08-22,800000,2:42,300000
"Shake, Rattle & Roll Extreme",Yes,,800000,2:27,300000
Silsila // सिलसिला,Yes,,800000,3:00,300000
TEST,Yes,2025-04-04,800000,2:26,300000
Waltair Veerayya,Yes,,800000,2:37,300000
52-Hertz Whales // 52ヘルツのクジラたち,No,,700000,2:16,300000
A Knight's Tale,No,,700000,2:12,300000
Aaina // आईना,Yes,,700000,2:29,300000
Aaja Nachle // आजा नचले,Yes,,700000,2:23,300000
Ah Boys to Men 3: Frogmen,No,,700000,2:28,300000
Ajeeb Daastaans // अजीब दास्तान,Yes,2021-04-16,700000,2:22,300000
Anemone,No,,700000,2:06,300000
Atonement (2007),No,,700000,2:03,300000
Bacurau,No,,700000,2:11,300000
Beast (Telugu) (2022),No,,700000,2:37,300000
Black Rain (1989),No,,700000,2:05,300000
Blade of the Immortal // 無限の住人,No,2017-12-29,700000,2:22,300000
Dark Waters (2019),No,,700000,2:07,300000
Dhoom // धूम,Yes,,700000,2:09,300000
Doctor (Tamil) (2021),No,,700000,2:30,300000
Double XL // डबल XL,No,,700000,2:06,300000
Even If This Love Disappears from the World Tonight // 今夜、世界からこの恋が消えても,No,,700000,2:01,300000
Eyes Wide Shut,No,,700000,2:39,300000
Four Sisters and a Wedding,No,,700000,2:05,300000
Fullmetal Alchemist The Final Alchemy // 鋼の錬金術師 完結編 最後の錬成,Yes,2022-09-24,700000,2:22,300000
Glamour Girls,Yes,2022-06-24,700000,2:06,300000
Gone Girl,No,,700000,2:29,300000
Hellboy (2019),No,,700000,2:01,300000
Hitler - A Career // Hitler – Eine Karriere,Yes,,700000,2:30,300000
HOMECOMING: A film by Beyoncé,Yes,2019-04-17,700000,2:18,300000
Kushi (Hindi) (2023),No,,700000,2:42,300000
Last of the Wolves // 孤狼の血 LEVEL2,No,,700000,2:20,300000
Love Like the Falling Petals // 桜のような僕の恋人,Yes,2022-03-24,700000,2:09,300000
Lust Stories // लस्ट स्टोरीज़,Yes,2018-06-14,700000,2:01,300000
Maestro,Yes,2023-12-20,700000,2:11,300000
Malang // मलंग,No,,700000,2:11,300000
Midway (2019),No,,700000,2:18,300000
Mission: Impossible III,No,,700000,2:06,300000
Moulin Rouge!,No,,700000,2:08,300000
Murder Mubarak // मर्डर मुबारक,Yes,2024-03-15,700000,2:22,300000
My Boo // อนงค์,Yes,,700000,2:05,300000
Pedro Páramo,Yes,2024-11-06,700000,2:12,300000
Poor Things,No,,700000,2:22,300000
Raees // रईस,No,,700000,2:23,300000
Random Hearts,No,,700000,2:13,300000
Roohi // रूही,No,,700000,2:16,300000
Runaway Jury,No,,700000,2:08,300000
Sandy Wexler,Yes,2017-04-14,700000,2:11,300000
Shuddh Desi Romance // शुद्ध देसी रोमांस,Yes,,700000,2:07,300000
Southern All Stars Chigasaki Live 2023 // サザンオールスターズ 茅ヶ崎ライブ2023,No,,700000,2:27,300000
Telaga Suriram,No,,700000,2:08,300000
The Blind Side,No,,700000,2:08,300000
The Eternal Zero // 永遠の0,No,,700000,2:23,300000
The Good Shepherd,No,,700000,2:19,300000
The Remains of the Day,No,,700000,2:14,300000
The Score (2001),No,,700000,2:04,300000
The Social Network,No,,700000,2:01,300000
The Yin-Yang Master: Dream Of Eternity // 陰陽師: 晴雅集 // 阴阳师: 晴雅集,Yes,2021-02-04,700000,2:13,300000
"tick, tick...BOOM!",Yes,2021-11-19,700000,2:02,300000
Ulajh // उलझ,Yes,,700000,2:09,300000
Veteran // 베테랑,No,,700000,2:04,300000
12.12: The Day // 서울의 봄,No,,600000,2:22,300000
13 Bombs // 13 Bom Di Jakarta,Yes,,600000,2:24,300000
3 idiotas,No,,600000,1:46,300000
30 Notti con il mio ex,No,,600000,1:43,300000
A Business Proposal,Yes,,600000,1:58,300000
A Samurai in Time // 侍タイムスリッパー,No,,600000,2:11,300000
After the Quake // アフター・ザ・クエイク,Yes,,600000,2:13,300000
Akira (1988),No,,600000,2:04,300000
American Assassin,No,,600000,1:52,300000
Amina,Yes,2021-11-04,600000,1:45,300000
Amsterdam (2022),No,,600000,2:14,300000
Amy (2015),No,,600000,2:08,300000
An Officer and a Gentleman,No,,600000,2:05,300000
Annabelle: Creation,No,,600000,1:50,300000
Assalamualaikum Beijing 2: Lost in Ningxia,No,,600000,1:49,300000
Asterix & Obelix at the Olympics // Asterix aux jeux olympiques,No,,600000,1:53,300000
Babygirl (2024),No,,600000,1:50,300000
Befikre // बेफ़िक्रे,Yes,,600000,2:10,300000
Begin Again (2013),No,,600000,1:44,300000
Belleville Cop,No,,600000,1:51,300000
Below (2002),No,,600000,1:45,300000
Better with Age // Más sabe el diablo por viejo,No,,600000,1:54,300000
Bewakoofiyaan // बेवकूफ़ियां,Yes,,600000,1:57,300000
Bibi & Tina: Perfect Pandemonium // Bibi & Tina: Tohuwabohu Total,No,,600000,1:46,300000
Bibi & Tina: Simply Different // Bibi & Tina: Einfach Anders,No,,600000,1:45,300000
Blasted // Blasted: Gutta vs aliens,Yes,2022-06-28,600000,1:56,300000
Blood Vessel,Yes,2023-12-08,600000,1:59,300000
Blue Boy Trial // ブルーボーイ事件,No,,600000,1:46,300000
Bombshell (2019),No,,600000,1:49,300000
Bridget Jones's Baby,No,,600000,2:03,300000
Bridget Jones: The Edge of Reason,No,,600000,1:48,300000
Budapest,No,2019-03-01,600000,1:43,300000
Camp X-Ray,No,,600000,1:57,300000
Casa Grande (2014),No,,600000,1:54,300000
Champions // Campeones,No,,600000,2:04,300000
Chantal im Märchenland,No,,600000,1:58,300000
Clear and Present Danger,No,,600000,2:22,300000
Codename: Tiranga // कोडनेम: तिरंगा,No,,600000,2:14,300000
Confessions of a Shopaholic,No,,600000,1:44,300000
Congo (1995),No,,600000,1:48,300000
Cop Land,No,,600000,1:45,300000
Crayon Shin-chan the Movie: Crash! Rakuga-Kingdom and Almost Four Heroes // 映画クレヨンしんちゃん 激突! ラクガキングダムとほぼ四人の勇者,No,,600000,1:43,300000
Dad Wanted // Se busca papá,Yes,2020-09-11,600000,1:43,300000
Daddy Full Time // Tati Full-Time,No,,600000,1:45,300000
Das perfekte Geheimnis,No,,600000,2:00,300000
Dead to Rights // 南京照相馆,No,,600000,2:17,300000
Didi & Friends The Movie,No,,600000,1:45,300000
Don't Tell (2017),No,,600000,1:48,300000
Donnie Brasco,No,,600000,2:07,300000
Doraemon the Movie: Nobita and the Birth of Japan 2016 // 映画ドラえもん 新・のび太の日本誕生,No,,600000,1:43,300000
Doraemon the Movie: Nobita in the New Haunts of Evil- Peko and the Five Explorers - // 映画ドラえもん 新・のび太の大魔境～ペコと5人の探検隊～,No,,600000,1:49,300000
Doraemon the Movie: Nobita in the Secret Gadget Museum // 映画ドラえもん のび太のひみつ道具博物館,No,,600000,1:44,300000
Double World // 征途,Yes,,600000,1:50,300000
Downsizing,No,,600000,2:17,300000
Drive // ड्राइव,Yes,2019-11-01,600000,1:59,300000
Eraser,No,,600000,1:54,300000
Everything Everywhere All at Once,No,,600000,2:19,300000
Evil Unbound // 731,No,,600000,2:06,300000
Extreme Job // 극한직업,No,,600000,1:51,300000
Falling for Mala // A la mala,No,,600000,1:46,300000
Fast Racing Jazz // หลวงพี่แจ๊สโคตรซิ่ง,No,,600000,1:58,300000
Ferry,Yes,2021-05-14,600000,1:47,300000
Friday Night Lights (2004),No,,600000,1:57,300000
From Siberia with Love // ラーゲリより愛を込めて,No,,600000,2:14,300000
G.O.R.A (2004),No,,600000,2:03,300000
Godzilla: Resurgence // シン・ゴジラ,No,,600000,2:00,300000
Graduation Heist // 100 Dni Do Matury,No,,600000,1:50,300000
Hall Pass,No,,600000,1:45,300000
Haunted Universities 3 // เทอม 3,No,,600000,1:59,300000
Hear Me : Our Summer // 청설,No,,600000,1:49,300000
High Society // 상류사회,Yes,2019-01-29,600000,2:17,300000
How to Be a Good Wife // La bonne épouse,No,,600000,1:49,300000
How to Be a Latin Lover,No,,600000,1:56,300000
"I, the Executioner // 베테랑2",No,,600000,1:58,300000
In Love and Deep Water // クレイジークルーズ,Yes,2023-11-16,600000,2:07,300000
iNumber Number: Jozi Gold,Yes,2023-06-23,600000,1:54,300000
Invictus,No,,600000,2:14,300000
Ip Man 3 // 葉問 3 // 叶问 3,No,,600000,1:45,300000
Ipar Adalah Maut,No,,600000,2:11,300000
Kick // किक,Yes,,600000,2:20,300000
Lee (2023),No,,600000,1:57,300000
Let Them All Talk,No,,600000,1:53,300000
Live by Night,No,,600000,2:09,300000
Lohusa,No,,600000,1:58,300000
Love in the Big City // 대도시의 사랑법,No,,600000,1:58,300000
Lovesick // 有病才會喜歡你 // 有病才会喜欢你,Yes,,600000,1:51,300000
maboroshi // アリスとテレスのまぼろし工場,Yes,2024-01-15,600000,1:51,300000
Malasartes E O Duelo Com a Morte,No,,600000,1:47,300000
Man in Love // 當男人戀愛時 // 当男人恋爱时,No,2021-08-20,600000,1:55,300000
Mass (2021),No,,600000,1:51,300000
Mat Kilau,Yes,,600000,1:57,300000
Match Point (2006),No,,600000,2:04,300000
Mechamato Movie,No,,600000,1:56,300000
Missing Home // Ngeri-Ngeri Sedap,Yes,,600000,1:54,300000
Mission: Impossible II,No,,600000,2:04,300000
Mrs. Serial Killer // मिसेज़ सीरियल किलर,Yes,2020-05-01,600000,1:47,300000
My Wife's Ex // مراتي X,No,,600000,1:53,300000
Nepela,No,,600000,1:55,300000
On the Line (2022),No,,600000,1:44,300000
On the Waterfront,No,,600000,1:48,300000
One More Shot (2024),No,,600000,1:43,300000
One Piece Heart of Gold // ワンピース ハート オブ ゴールド,No,,600000,1:44,300000
Parker (2013),No,,600000,1:59,300000
Plan A Plan B // प्लान ए प्लान बी,Yes,2022-09-30,600000,1:46,300000
Polis Evo 3,No,,600000,1:50,300000
Radhe Shyam (Hindi) // राधे श्याम,No,,600000,2:19,300000
Raging Bull,No,,600000,2:09,300000
Reagan (2024),No,,600000,2:21,300000
RED (2010),No,,600000,1:51,300000
Red Rocket,No,,600000,2:11,300000
Replicas,No,,600000,1:48,300000
Rest In Peace // Descansar en paz,Yes,2024-03-27,600000,1:47,300000
Return to Space,Yes,2022-04-07,600000,2:08,300000
Rewind (2023),Yes,,600000,1:53,300000
Riphagen - The Untouchable // Riphagen,Yes,,600000,2:11,300000
Room to Move,Yes,2026-05-27,600000,1:53,300000
Rude to Love // 愛に乱暴,No,,600000,1:45,300000
Sabrina (1995),No,,600000,2:07,300000
Sabrina,No,2018-11-19,600000,1:54,300000
Sahara (2005),No,,600000,2:04,300000
"Same Time, Next Year",No,,600000,1:59,300000
Scream 2,No,,600000,2:01,300000
Siko Siko // سيكو سيكو,No,,600000,2:01,300000
Six Singing Women // 唄う六人の女,No,,600000,1:53,300000
Smugglers // 밀수,No,,600000,2:04,300000
Special Delivery // 특송,No,,600000,1:49,300000
Srikanth // श्रीकांत,Yes,,600000,2:14,300000
Thailand Only // ไทยแลนด์โอนลี่ #เมืองไทยอะไรก็ได้,No,,600000,1:49,300000
Thank You for Your Service (2017),No,,600000,1:49,300000
That Time I Got Reincarnated as a Slime the Movie: Scarlet Bond // 劇場版 転生したらスライムだった件 紅蓮の絆編,No,,600000,1:49,300000
The 4 Rascals // Bộ Tứ Báo Thủ,Yes,,600000,2:12,300000
The American (2010),No,,600000,1:45,300000
The Art of War (2000),No,,600000,1:57,300000
The Bikeriders,No,,600000,1:56,300000
The Blood of Wolves // 孤狼の血,No,,600000,2:06,300000
The Bubble,Yes,2022-04-01,600000,2:06,300000
The Choral,No,,600000,1:53,300000
The Darkness within La Luz del Mundo // La oscuridad de La Luz del Mundo,Yes,2023-09-28,600000,1:54,300000
The F**k-It List,No,,600000,1:43,300000
The Five-Year Engagement,No,,600000,2:05,300000
The Ghost (Hindi) (2022),No,,600000,2:08,300000
The Great Gatsby (2013),No,,600000,2:22,300000
The Host (2013),No,,600000,2:05,300000
The Juror,No,,600000,1:58,300000
The Karate Kid Part III,No,,600000,1:52,300000
The Manchurian Candidate (2004),No,,600000,2:10,300000
The Meyerowitz Stories (New and Selected),Yes,2017-10-13,600000,1:53,300000
The Point Men // 교섭,No,,600000,1:48,300000
The Queenstown Kings,Yes,2023-11-17,600000,2:17,300000
The Quintessential Quintuplets Movie // 映画 五等分の花嫁,No,,600000,2:16,300000
The Real You // 本心,No,,600000,2:03,300000
The Red Envelope // ซองแดงแต่งผี,No,,600000,2:08,300000
The Ruthless // Lo spietato,No,2019-04-19,600000,1:51,300000
The Silent Twins,No,,600000,1:53,300000
The Snowman (2017),No,,600000,1:59,300000
The Specialist (1994),No,,600000,1:50,300000
The Tasters // Die Vorkosterinnen,No,,600000,2:03,300000
The Warlords // 投名状,No,,600000,2:06,300000
Tour Guide // Tur Rehberi,No,,600000,1:49,300000
Tropic Thunder,No,,600000,1:47,300000
U-571,No,,600000,1:56,300000
U.S. Marshals,No,,600000,2:11,300000
Unfaithful (2002),No,,600000,2:04,300000
Valentina's Wedding // La boda de Valentina,No,,600000,1:48,300000
Veere Di Wedding // वीरे दी वेडिंग,Yes,,600000,2:01,300000
Wicked: For Good,No,,600000,2:18,300000
Wildlife (2018),No,,600000,1:45,300000
Worlds Apart // 違国日記,No,,600000,2:20,300000
Your Monster,No,,600000,1:44,300000
Zwei zu eins,No,,600000,1:56,300000
10 Lives,No,,500000,1:28,300000
99.9 Criminal Lawyer: The Movie // 99.9-刑事専門弁護士-THE MOVIE,No,,500000,2:00,300000
A Breath of Fresh Air // Una boccata d'aria,No,,500000,1:36,300000
A Day and a Half // En dag och en halv,Yes,2023-09-01,500000,1:36,300000
A Dog's Journey,No,,500000,1:49,300000
A Lagos Love Story,No,,500000,1:45,300000
A Merry Christmas Wish,No,,500000,1:26,300000
A Mighty Wind,No,,500000,1:32,300000
A Perfect Fit,Yes,2021-07-15,500000,1:53,300000
A Perfect Murder,No,,500000,1:47,300000
A Soweto Love Story,Yes,2024-02-14,500000,1:42,300000
A Toxic Marriage // جوازة توكسيك,No,,500000,1:43,300000
After Earth,No,,500000,1:40,300000
Alex and Emma,No,,500000,1:36,300000
All About Suomi // スオミの話をしよう,No,,500000,1:54,300000
All Good Things (2010),No,,500000,1:41,300000
All Inclusive (2023),No,,500000,1:55,300000
All the Freckles in the World // Todas las pecas del mundo,No,2020-01-03,500000,1:30,300000
All Together Now,Yes,2020-08-28,500000,1:34,300000
Amanda Knox,Yes,2016-09-30,500000,1:32,300000
Americana (2023),No,,500000,1:48,300000
Anchorman 2: The Legend Continues,No,,500000,1:54,300000
Ancika // Ancika: Dia Yang Bersamaku 1995,No,,500000,1:40,300000
André Is an Idiot,No,,500000,1:29,300000
Anelka: Misunderstood // Anelka : l'incompris,Yes,2020-08-05,500000,1:35,300000
"Angus, Thongs and Perfect Snogging",No,,500000,1:41,300000
Annabelle Comes Home,No,,500000,1:46,300000
Anne+: The Film // Anne+: De film,Yes,2022-02-11,500000,1:34,300000
Anon,No,2018-05-04,500000,1:40,300000
Babe,No,,500000,1:32,300000
Baby Assassins 2 Babies // ベイビ―わるきゅーれ 2ベイビー,No,,500000,1:41,300000
Babywalkure // ベイビーわるきゅーれ,No,,500000,1:35,300000
Beasts Clawing at Straws // 지푸라기라도 잡고 싶은 짐승들,No,,500000,1:49,300000
Belzebuth,No,,500000,1:54,300000
Bend It Like Beckham,No,,500000,1:52,300000
Beverly Hills Cop III,No,,500000,1:45,300000
Beyond the Mask,No,,500000,1:45,300000
Bharathanatyam (2024),Yes,,500000,1:59,300000
Biggest Heist Ever,Yes,2024-12-06,500000,1:27,300000
Bingo: The King of the Mornings // Bingo: O Rei Das Manhãs,No,,500000,1:54,300000
Blade II,No,,500000,1:57,300000
Bodies Bodies Bodies,No,,500000,1:34,300000
Boys on the Side,No,,500000,1:57,300000
Bridge to Terabithia (2007),No,,500000,1:31,300000
Case 39,No,,500000,1:51,300000
Child of Kamiari Month // 神在月のこども,Yes,2022-02-08,500000,1:40,300000
Christmas with You,Yes,2022-11-17,500000,1:30,300000
Class of '83 // क्लास ऑफ़ '83,Yes,2020-08-21,500000,1:38,300000
Clinical,Yes,2017-01-13,500000,1:44,300000
Close (2022),No,,500000,1:44,300000
Close Ur Kopitiam // 关你茶室,No,,500000,1:46,300000
Crayon Shin-chan the Movie: Adventure in Henderland // 映画クレヨンしんちゃん ヘンダーランドの大冒険,No,,500000,1:37,300000
Crayon Shin-chan the Movie: Explosion! The Hot Spring's Feel Good Final Battle // 映画クレヨンしんちゃん 爆発! 温泉わくわく大決戦,No,,500000,1:50,300000
Crayon Shin-chan the Movie: Honeymoon Hurricane ~The Lost Hiroshi~ // クレヨンしんちゃん 新婚旅行ハリケーン 〜失われたひろし〜,No,,500000,1:40,300000
Crayon Shin-chan the Movie: Roar! Kasukabe Animal Kingdom // 映画クレヨンしんちゃん オタケベ! カスカベ野生王国,No,,500000,1:38,300000
Crayon Shin-chan the Movie: The Legend Called Buri Buri 3 Minutes Charge // 映画クレヨンしんちゃん 伝説を呼ぶ ブリブリ3分ポッキリ大進撃,No,,500000,1:33,300000
Crayon Shin-chan the Movie: The Storm Called The Jungle // 映画クレヨンしんちゃん 嵐を呼ぶジャングル,No,,500000,1:28,300000
Crayon Shin-chan the Movie: The Storm Called!: Me and the Space Princess // 映画クレヨンしんちゃん 嵐を呼ぶ! オラと宇宙のプリンセス,No,,500000,1:50,300000
Crayon Shin-chan the Movie: The Storm Called: The Hero of Kinpoko // 映画 クレヨンしんちゃん ちょー嵐を呼ぶ 金矛の勇者,No,,500000,1:33,300000
Crocodiles // Vorstadt Krokodile,No,,500000,1:32,300000
Dampyr,No,,500000,1:50,300000
Dance of the Forty One // El baile de los 41,No,2021-05-12,500000,1:39,300000
Danur 2: Maddah,No,,500000,1:29,300000
Deadlock (2021),No,,500000,1:36,300000
Deeper (2025),No,,500000,1:28,300000
Dilan 1983,Yes,,500000,1:56,300000
Disturbia,No,,500000,1:45,300000
Dogwashers // Lavaperros,No,2021-03-04,500000,1:48,300000
Doing Hard Time,No,,500000,1:41,300000
Don't Kill Me // Non mi uccidere,No,2022-02-21,500000,1:30,300000
Don't Let Go (2019),No,,500000,1:44,300000
Doraemon The Movie: Nobita's Sky Utopia // 映画ドラえもん のび太と空の理想郷(ユートピア),No,,500000,1:48,300000
Dragon Ball Super: Broly // ドラゴンボール超 ブロリー,No,,500000,1:40,300000
Dude,Yes,2018-04-20,500000,1:37,300000
Dumb and Dumber (1994),No,,500000,1:47,300000
Enough Said,No,,500000,1:33,300000
Enter the Dragon,No,,500000,1:43,300000
Erdal İle Ece 2,No,,500000,1:42,300000
Esabet El Maahx // عصابة المكس,No,,500000,1:46,300000
Fletch,No,,500000,1:38,300000
Four Sisters Before the Wedding,No,,500000,1:56,300000
From the Ashes // جرس إنذار,Yes,2024-01-18,500000,1:32,300000
Fujii Kaze Stadium Live “Feelin' Good”,No,,500000,1:57,300000
Get Carter (2000),No,,500000,1:42,300000
Gigi & Nate,No,,500000,1:55,300000
Gizemli Ada: Mençuna,No,,500000,1:41,300000
"Good Night, and Good Luck: Live from Broadway",Yes,,500000,1:35,300000
Grave Torture // Siksa Kubur,Yes,,500000,1:57,300000
Here (2024),No,,500000,1:44,300000
Hit Man File // ซุ้มมือปืน,No,,500000,1:31,300000
HOMUNCULUS // ホムンクルス,Yes,2021-04-22,500000,1:56,300000
Honest Candidate 2 // 정직한 후보2,No,,500000,1:47,300000
Honeymoon with My Mother // Amor de madre,Yes,2022-04-29,500000,1:51,300000
Honk for Jesus. Save Your Soul.,No,,500000,1:44,300000
Hope Springs (2012),No,,500000,1:40,300000
I Know When You’re Going To Die // Aku Tahu Kapan Kamu Mati,No,,500000,1:33,300000
I Now Pronounce You Chuck and Larry,No,,500000,1:55,300000
"Ice Cold: Murder, Coffee and Jessica Wongso",Yes,2023-09-28,500000,1:26,300000
Il migliore dei mondi,No,,500000,1:41,300000
Initial D // 頭文字 D // 头文字 D,No,,500000,1:49,300000
Internal Affairs,No,,500000,1:55,300000
Iron Man: Rise of Technovore,No,,500000,1:28,300000
Irreplaceable You,Yes,2018-02-16,500000,1:36,300000
Just Cause (1995),No,,500000,1:42,300000
K-Pax,No,,500000,2:00,300000
Kemah Terlarang: Kesurupan Massal,No,,500000,1:50,300000
Khan Kluay 2 // ก้านกล้วย 2,No,,500000,1:37,300000
"Kill Me If You Dare // Zabij mnie, kochanie",Yes,2024-02-13,500000,1:34,300000
Killer Elite,No,,500000,1:56,300000
Kisaragi // キサラギ,No,,500000,1:48,300000
Kiss the Girls,No,,500000,1:56,300000
"Kiss, Kiss! // Gorzko, gorzko!",Yes,2023-04-26,500000,1:48,300000
La Famille Hennedricks,No,,500000,1:38,300000
Laggies,No,,500000,1:41,300000
Lies We Tell (2023),No,,500000,1:27,300000
Little Siberia // Pikku Siperia,Yes,2025-03-21,500000,1:47,300000
"Live Twice, Love Once // Vivir dos veces",No,2020-01-07,500000,1:41,300000
Lobola Man,Yes,2024-07-12,500000,1:49,300000
Long Distance (2024),No,,500000,1:27,300000
"Love, Forgotten // Beléd estem",No,,500000,1:34,300000
Low Season // สุขสันต์วันโสด,No,,500000,2:00,300000
Luccas Neto em: Acampamento de Férias 3,No,,500000,1:52,300000
Ma Rainey's Black Bottom,Yes,2020-12-18,500000,1:34,300000
Matsumoto Seicho's Kao // 松本清張 顔,No,,500000,1:42,300000
Mean Girls 2,No,,500000,1:38,300000
Memori,No,,500000,1:39,300000
Mile 22,No,,500000,1:34,300000
Mojave,No,,500000,1:33,300000
Montage // 몽타주,No,,500000,2:00,300000
Moonrise Kingdom,No,,500000,1:34,300000
Mortal World 2 // Ölümlü Dünya 2,No,,500000,1:55,300000
Murder by the Coast // El caso Wanninkhof - Carabantes,Yes,2021-06-23,500000,1:29,300000
My Father's Violin // Babamın Kemanı,Yes,2022-01-21,500000,1:52,300000
My Future You,Yes,,500000,1:50,300000
My Oni Girl // 好きでも嫌いなあまのじゃく,Yes,2024-05-24,500000,1:44,300000
Narik Sukmo,No,,500000,1:35,300000
National Lampoon's Animal House,No,,500000,1:49,300000
Nativity!,No,,500000,1:46,300000
No Strings Attached (2011),No,,500000,1:49,300000
Noise,Yes,2023-03-17,500000,1:31,300000
Nukkad Naatak // नुक्कड़ नाटक,Yes,,500000,1:47,300000
Nuovo Olimpo,Yes,2023-11-01,500000,1:53,300000
O Candidato Honesto 2,No,,500000,1:47,300000
On Swift Horses,No,,500000,1:59,300000
On the Wandering Paths // Sur les chemins noirs,No,,500000,1:33,300000
One for All // Uno para todos,No,,500000,1:31,300000
Only Yesterday // おもひでぽろぽろ,No,,500000,1:59,300000
Overlord (2018),No,,500000,1:51,300000
Pamali: The Corpse Village // Pamali: Dusun Pocong,No,,500000,1:40,300000
Paranormal Activity 2,No,,500000,1:32,300000
Pee Mak // พี่มาก...พระโขนง,No,,500000,1:52,300000
Pee Nak 4 // พี่นาค 4,No,,500000,1:52,300000
Perfect Strangers (2018) // Perfectos desconocidos,No,,500000,1:44,300000
Pigs // Psy,No,,500000,1:46,300000
Point Break (2015),No,,500000,1:54,300000
Psychokinesis // 염력,Yes,2018-04-25,500000,1:41,300000
Rafadan Crew: Hayrimator // Rafadan Tayfa Hayrimatör,No,,500000,1:31,300000
RED 2,No,,500000,1:56,300000
Reminiscence // 追憶,No,,500000,1:39,300000
Resident Evil: Degeneration // バイオハザード　ディジェネレーション,No,,500000,1:36,300000
Resident Evil: Retribution,No,,500000,1:36,300000
Retribution (2023),No,,500000,1:30,300000
Revenge // Wraak,No,,500000,1:32,300000
Roxanne Roxanne,Yes,2018-03-23,500000,1:40,300000
Running with the Devil: The Wild World of John McAfee,Yes,2022-08-24,500000,1:46,300000
Sana: Let Me Hear // あのコはだぁれ?,No,,500000,1:47,300000
Scoob!,No,,500000,1:34,300000
Scream 3,No,,500000,1:57,300000
Seasons,Yes,2023-07-07,500000,1:49,300000
Seven Billiard Tables // Siete mesas de billar francés,No,,500000,1:52,300000
Shotgun Wedding (2022),No,,500000,1:40,300000
Single All The Way,Yes,2021-12-02,500000,1:42,300000
Sisters in Law // Eltilerin Savaşı,No,,500000,1:53,300000
Skincare,No,,500000,1:36,300000
Solo,Yes,2019-01-11,500000,1:30,300000
Squared Love Everlasting // Miłość do kwadratu bez granic,Yes,2023-08-23,500000,1:42,300000
Step Up 2: The Streets,No,,500000,1:38,300000
Strange Frequencies: Taiwan Killer Hospital,Yes,,500000,1:32,300000
Summer Wars // サマーウォーズ,No,,500000,1:54,300000
Super Me // 超級的我 // 超级的我,No,2021-05-08,500000,1:44,300000
Susuk // Susuk: Kutukan Kecantikan,Yes,,500000,1:43,300000
Swept Away (2002),No,,500000,1:29,300000
Synchronic,No,,500000,1:42,300000
Talk to Me (2022),No,,500000,1:35,300000
Tear This Heart Out // Arráncame la vida,No,,500000,1:50,300000
"Thank You, I'm Sorry // Tack och förlåt",Yes,2023-12-26,500000,1:31,300000
Thar // थार,Yes,2022-05-06,500000,1:49,300000
The (In)Famous Youssef Salem // Youssef Salem a Du Succès,No,,500000,1:34,300000
The After Party,Yes,2018-08-24,500000,1:30,300000
The Art of Understanding Lover // Seni Memahami Kekasih,No,,500000,1:31,300000
The Assailant // Besouro,No,,500000,1:34,300000
The Blind,No,,500000,1:50,300000
"The Boss, Anatomy of a Crime // El patrón, radiografía de un crimen",No,,500000,1:40,300000
The Champion // El campeón,Yes,2024-07-12,500000,1:47,300000
The Climb // L'ascension,No,2017-12-29,500000,1:44,300000
The Curse of the Necklace,No,,500000,1:40,300000
The Cursed of Satan Temptation // Godaan Setan Yang Terkutuk,No,,500000,1:28,300000
The D Train,No,,500000,1:41,300000
The Duchess (2008),No,,500000,1:46,300000
The Girl on the Train // द गर्ल ऑन द ट्रेन,Yes,2021-02-26,500000,2:00,300000
The Imaginary // 屋根裏のラジャー,Yes,2024-07-05,500000,1:48,300000
The Invisible Woman // A Mulher Invisível,No,,500000,1:46,300000
The Lake House,No,,500000,1:38,300000
The Last Laugh,Yes,2019-01-11,500000,1:39,300000
The Last Runway // Leal: Solo hay una forma de vivir,Yes,,500000,1:47,300000
The Lovebirds,Yes,2020-05-22,500000,1:27,300000
The Man Without Gravity // L'uomo senza gravità,No,2019-11-01,500000,1:47,300000
The Meddler (2015),No,,500000,1:44,300000
The New Adventures of Aladdin // Les Nouvelles Aventures d'Aladin,No,,500000,1:46,300000
The Night Shift // 괴기맨숀,No,,500000,1:46,300000
The Open House,Yes,2018-01-19,500000,1:35,300000
The Perfection,Yes,2019-05-24,500000,1:31,300000
The Plagues of Breslau // Plagi Breslau,Yes,2020-01-30,500000,1:33,300000
The Queen of Crime // 범죄의 여왕,No,,500000,1:41,300000
The Rose of Versailles // ベルサイユのばら,Yes,2025-04-30,500000,1:54,300000
The Rundown,No,,500000,1:44,300000
The Sandlot 2,No,,500000,1:38,300000
The Secret of Doctor Grinberg // El secreto del doctor Grinberg,No,,500000,1:31,300000
The Shaolin Warrior of Brazil // O Shaolin do Sertão,No,,500000,1:41,300000
The Storied Life of A.J. Fikry,No,,500000,1:45,300000
The Train of Death // Kereta Berdarah,No,,500000,1:43,300000
The Unjust // 부당거래,No,,500000,2:00,300000
The Vets // Les Vétos,No,,500000,1:31,300000
The Warning // El aviso,No,2018-07-24,500000,1:32,300000
The Wedding Unplanner // Hasta que la boda nos separe,No,,500000,1:46,300000
The Whole Nine Yards,No,,500000,1:39,300000
The Yin Yang Master // 侍神令,Yes,2021-03-19,500000,2:00,300000
They Call Me Trinity // Lo chiamavano Trinità...,No,,500000,1:46,300000
Three Perfect Daughters // È per il tuo bene,No,,500000,1:32,300000
Togo,Yes,2022-10-05,500000,1:36,300000
Tomb Watcher // สุสานคนเป็น,Yes,,500000,1:32,300000
Torrente 3: El protector,No,,500000,1:37,300000
Trailer Park Boys: Countdown to Liquor Day,No,,500000,1:42,300000
Trauzeugen,No,,500000,1:40,300000
Treasure (2024),No,,500000,1:51,300000
Triggered // Topakk,No,,500000,1:51,300000
Triumph: Jesse Owens and the Berlin Olympics: Season 1,No,,500000,1:26,300000
Turbulence (1997),No,,500000,1:41,300000
Tyler Perry's Madea's Witness Protection,No,,500000,1:55,300000
Un-ex You,No,,500000,1:37,300000
Untold (2025),Yes,,500000,1:48,300000
Untold: Crime & Penalties,Yes,2021-08-31,500000,1:26,300000
Upon Open Sky // A cielo abierto,No,,500000,1:50,300000
Violet Evergarden: Eternity and the Auto Memory Doll // ヴァイオレット・エヴァーガーデン 外伝 - 永遠と自動手記人形 -,Yes,,500000,1:31,300000
We're the Millers,No,,500000,1:50,300000
Weathering with You // 天気の子,No,,500000,1:52,300000
Welcome to the South // Benvenuti al sud,No,,500000,1:41,300000
Wendy Williams: The Movie,No,,500000,1:28,300000
WHAM!,Yes,2023-07-05,500000,1:32,300000
Who Killed the Montreal Expos? // Qui a tué les Expos de Montréal?,Yes,2025-10-21,500000,1:32,300000
Who's a Good Boy? // El Guau,Yes,2022-11-23,500000,1:36,300000
Wild Little Love,No,,500000,1:33,300000
Xico's Journey // El camino de Xico,Yes,2021-02-12,500000,1:26,300000
Yesterday (2019),No,,500000,1:56,300000
Your Son // Tu hijo,Yes,2019-03-01,500000,1:43,300000
Şımarık,No,,500000,1:51,300000
30 Days Left // 30 Jours Max,No,,400000,1:30,300000
40 Years Young // Cuarentones,Yes,2022-05-04,400000,1:22,300000
A Royal in Paradise,No,,400000,1:30,300000
A Sunday Affair,Yes,2023-02-14,400000,1:36,300000
Agent Game,No,,400000,1:30,300000
All I Need for Christmas,No,,400000,1:25,300000
Are We Done Yet? (2007),No,,400000,1:32,300000
Arlo the Alligator Boy,Yes,2021-04-16,400000,1:33,300000
ARQ,Yes,2016-09-16,400000,1:29,300000
Asterix and Cleopatra // Astérix et Cléopâtre,No,,400000,1:12,300000
B&B Merry,No,,400000,1:22,300000
Back to Square One // Case Départ,No,,400000,1:35,300000
Belli ciao,No,,400000,1:27,300000
Better Watch Out,No,,400000,1:25,300000
Big Daddy (1999),No,,400000,1:33,300000
Blue Jay (2016),Yes,,400000,1:21,300000
Bottoms (2023),No,,400000,1:31,300000
Boys and Girls (2000),No,,400000,1:34,300000
Brahms: The Boy II,No,2020-07-17,400000,1:27,300000
Bringing Christmas Home,No,,400000,1:28,300000
Christmas on Windmill Way,No,,400000,1:25,300000
Christopher – A Beautiful Real Life,Yes,2025-08-27,400000,1:31,300000
Cocaine Bear,No,,400000,1:35,300000
Cold Meat,No,,400000,1:29,300000
Curse of the Seven Seas // Santet Segoro Pitu,Yes,,400000,1:34,300000
Detective Conan: The Scarlet Alibi // 名探偵コナン 緋色の不在証明,No,,400000,1:33,300000
Detective Conan: The Story of Ai Haibara: Black Iron Mystery Train // TVシリーズ特別編集版 名探偵コナン 灰原哀物語～黒鉄のミステリートレイン～,No,,400000,1:29,300000
Divorce // Rozwodnicy,Yes,2024-09-25,400000,1:33,300000
Dominion of Darkness // Kuasa Gelap,No,,400000,1:36,300000
Doti - Tumbal Ilmu Hitam,No,,400000,1:22,300000
Down to You,No,,400000,1:32,300000
Dr. Dolittle 2,No,,400000,1:28,300000
Drop (2025),No,,400000,1:36,300000
Ducobu 3,No,,400000,1:34,300000
Empire Records,No,,400000,1:30,300000
Escape // 탈주,No,,400000,1:34,300000
GODZILLA Planet of the Monsters: Part 1 // GODZILLA 怪獣惑星: パート1,Yes,2018-01-16,400000,1:28,300000
Green Room,No,,400000,1:35,300000
Harley & Katya,Yes,,400000,1:26,300000
High Infidelity,No,,400000,1:23,300000
I Am the Pretty Thing That Lives in the House,Yes,2016-10-28,400000,1:29,300000
I Am Vanessa Guillen,Yes,2022-11-17,400000,1:36,300000
I Swear It Wasn't Me // Te juro que yo no fui,No,,400000,1:25,300000
In Her Place // El lugar de la otra,Yes,2024-10-11,400000,1:36,300000
It's for Your Own Good // Es ist zu deinem Besten,No,,400000,1:31,300000
"Jeff, Who Lives at Home",No,,400000,1:23,300000
Jexi,No,,400000,1:24,300000
Juanita,Yes,2019-03-08,400000,1:30,300000
Jumping from High Places // Per lanciarsi dalle stelle,Yes,2022-10-05,400000,1:29,300000
King Shakir: Rise of the Giants // Kral Şakir: Devler Uyandı,No,,400000,1:22,300000
Les vacances de Ducobu,No,,400000,1:33,300000
Let It Snow,Yes,2019-11-08,400000,1:33,300000
Life After Beth,No,,400000,1:29,300000
Lost Paradise // Paraíso perdido,No,,400000,1:27,300000
Love in Bloom (2022),No,,400000,1:28,300000
Luccas Neto em: A Gincana na Netoland,No,,400000,1:31,300000
Luccas Neto em: O Mapa do Tesouro 2,No,,400000,1:20,300000
Luccas Neto in: A Babá Operação Game Over,No,,400000,1:30,300000
Manta Manta,No,,400000,1:27,300000
Maximum Ride,No,,400000,1:29,300000
Mercy,Yes,2016-11-22,400000,1:28,300000
Mutiny of the Worker Bees // Rebelión de los Godínez,No,2020-05-20,400000,1:34,300000
My Favorite Christmas Tree,No,,400000,1:30,300000
Mädchen Mädchen 2,No,,400000,1:25,300000
Naruto Shippuden the Movie: Blood Prison // 劇場版 NARUTO-ナルト- ブラッド・プリズン,No,,400000,1:34,300000
Naruto Shippuden: The Movie // 劇場版 NARUTO -ナルト- 疾風伝,No,,400000,1:35,300000
Next (2007),No,,400000,1:36,300000
Notes for My Son // El cuaderno de Tomy,Yes,2020-11-24,400000,1:24,300000
Old School (2003),No,,400000,1:31,300000
One More Time,Yes,2023-04-21,400000,1:25,300000
One Piece: Episode of Alabasta // ワンピース エピソード・オブ・アラバスタ 砂漠の王女と海賊たち,No,,400000,1:30,300000
One Small Problem // Sin hijos,No,2021-03-19,400000,1:35,300000
Oyunda Kal Eğlence Arenası,No,,400000,1:32,300000
Para X Normal,No,,400000,1:26,300000
Penguin Bloom,No,2021-01-27,400000,1:35,300000
Piece by Piece (2024),No,,400000,1:34,300000
Prom Night (2008),No,,400000,1:28,300000
Really Love,Yes,,400000,1:35,300000
Rehragout-Rendezvous,No,,400000,1:33,300000
Rising High // Betonrausch,Yes,2020-04-17,400000,1:35,300000
Sadali,No,,400000,1:29,300000
Scarecrow // Espantaho,Yes,,400000,1:30,300000
"Shinbi’s Haunted House: One More Summon // 신비아파트 10주년 극장판: 한 번 더, 소환",No,,400000,1:26,300000
Sleepless (2017),No,,400000,1:35,300000
Small Crimes,Yes,2017-04-28,400000,1:35,300000
Stutz,Yes,2022-11-14,400000,1:36,300000
Super Miss Saves the Jungle // Superjuffie in De Jungle,No,,400000,1:23,300000
Surf's Up,No,,400000,1:26,300000
Tainá 3,No,,400000,1:24,300000
Tainá: Uma Aventura na Amazônia,No,,400000,1:27,300000
Tell Me When // Dime cuando tú,Yes,2021-04-21,400000,1:36,300000
"The Dog Who Travelled by Train 2 // O psie, który jeździł​ koleją​ 2",No,,400000,1:33,300000
The Fanatic,No,,400000,1:29,300000
The Forest (2016),No,,400000,1:33,300000
The Monk and the Mafia // เท่ง โหน่ง จีวรบิน,No,,400000,1:32,300000
The Nature of Invisible Things // A Natureza das Coisas Invisíveis,No,,400000,1:31,300000
The Nobodies 2 // Les Déguns 2,No,,400000,1:28,300000
The Pout-Pout Fish,No,,400000,1:32,300000
The Rebound (2009),No,,400000,1:35,300000
The Remaining,No,,400000,1:28,300000
The Son // El hijo,No,2019-07-26,400000,1:32,300000
The Tax Collector,No,,400000,1:36,300000
The Unhealer,No,,400000,1:33,300000
Things That Make Life Worth Living // Cosas que hacen que la vida valga la pena,No,,400000,1:24,300000
Time Trap,No,,400000,1:28,300000
Turn of the Tide: The Surreal Story of Rabo de Peixe // Maré Branca: A Surreal História de Rabo de Peixe,Yes,2025-10-17,400000,1:30,300000
"Twenty-Something, Divorced and Fabulous // Veinteañera, divorciada y fantástica",No,,400000,1:35,300000
Umjolo: Day Ones,Yes,2024-12-20,400000,1:27,300000
Undisputed,No,,400000,1:34,300000
Untold: Deal With the Devil,Yes,2021-08-17,400000,1:18,300000
Untold: Sign Stealer,Yes,2024-08-27,400000,1:28,300000
Vorstadtkrokodile 2,No,,400000,1:28,300000
Waiting for Guffman,No,,400000,1:24,300000
Wallace & Gromit: The Curse of the Were-Rabbit,No,,400000,1:25,300000
Watcher (2022),No,,400000,1:36,300000
We Bury the Dead,No,,400000,1:35,300000
We Grown Now,No,,400000,1:33,300000
When a Stranger Calls (2006),No,,400000,1:27,300000
Woody Woodpecker (2017),No,,400000,1:31,300000
Ya veremos,No,,400000,1:25,300000
Zoolander,No,,400000,1:30,300000
Æon Flux (2005),No,,400000,1:33,300000
Anpanman: Buruburu’s Treasure Hunting // 映画 それいけ! アンパンマン ブルブルの宝探し大冒険!,No,,300000,1:02,300000
Anpanman: Roboly And The Warming Present // 映画 それいけ! アンパンマン ロボリィとぽかぽかプレゼント,No,,300000,1:04,300000
Mobile Suit Gundam Thunderbolt: December Sky // 機動戦士ガンダム サンダーボルト DECEMBER SKY,No,,300000,1:10,300000
The Quiet Yakuza～chapter～I～ // 静かなるドン 第1章,No,,300000,0:59,300000
The Quiet Yakuza～chapter～Ⅵ～ // 静かなるドン 第6章,No,,300000,0:53,300000
The Quiet Yakuza～chapter～Ⅶ～ // 静かなるドン 第7章,No,,300000,0:56,300000
The Seven Deadly Sins: Grudge of Edinburgh Part 1 // 七つの大罪 怨嗟のエジンバラ 前編,Yes,2022-12-20,300000,0:53,300000
The Seven Deadly Sins: Grudge of Edinburgh Part 2 // 七つの大罪 怨嗟のエジンバラ 後編,Yes,2023-08-08,300000,0:54,300000
Unknown: Killer Robots,Yes,2023-07-10,300000,1:10,300000
Untold: The Rise and Fall of AND1,Yes,2022-08-23,300000,1:09,300000
Anpanman: Fly! Handkerchief of Hope // 映画 それいけ! アンパンマン とばせ! 希望のハンカチ,No,,200000,0:46,300000
Anpanman: Mija and the Magic Lamp // 映画 それいけ! アンパンマン ミージャと魔法のランプ,No,,200000,0:46,300000
Anpanman: Revive Banana Island! // 映画 それいけ! アンパンマン よみがえれ バナナ島,No,,200000,0:46,300000
Body in the Bin: The Murder of Louise Kam,No,,200000,0:44,300000
LEGO Friends The Next Chapter – New Beginnings,No,,200000,0:45,300000
Paw Patrol: Valiente – A Tracker Story,No,,200000,0:44,300000
The Harlem Hellfighters,No,,200000,0:43,300000
Trainwreck: P.I. Moms,Yes,2025-07-22,200000,0:46,300000
(MSFF) Mixedup Shaman // (미쟝센) 월남보살,No,,100000,0:24,300000
Anpanman: Anpanman Exciting Grand Prix // 映画 それいけ! アンパンマン はしれ! わくわくアンパンマングランプリ,No,,100000,0:21,300000
Anpanman: Baikinman vs Another Baikinman!? // 映画 それいけ! アンパンマン ばいきんまんVSバイキンマン!?,No,,100000,0:21,300000
"Anpanman: Handgames with Songs, Anpanman and a Treasure in the Forest // 映画 それいけ! アンパンマン うたっててあそび アンパンマンともりのたから",No,,100000,0:21,300000
Anpanman: Horror and Little Horror // 映画 それいけ! アンパンマン ホラーマンとホラ・ホラコ,No,,100000,0:21,300000
Anpanman: Love Love Dancing // 映画 それいけ! アンパンマン つきことしらたま～ときめきダンシング～,No,,100000,0:21,300000
Anpanman: Princess Black Snow and Well-liked Baikinman // 映画 それいけ! アンパンマン くろゆき姫とモテモテばいきんまん,No,,100000,0:21,300000
Anpanman: Super Neggi Man and Princess DoReMi // 映画 それいけ! アンパンマン 怪傑ナガネギマンとドレミ姫,No,,100000,0:21,300000
Heart Shot,Yes,2022-02-17,100000,0:19,300000
Hora do Blec - Planeta Blec,No,,100000,0:20,300000
My Heroes Were Cowboys,Yes,2021-09-16,100000,0:23,300000
Poison,Yes,2023-09-30,100000,0:18,300000
"Sammi, Who Can Detach His Body Parts",No,,100000,0:19,300000
The After,Yes,2023-10-25,100000,0:19,300000
The Rat Catcher,Yes,2023-09-29,100000,0:18,300000
The Swan,Yes,2023-09-28,100000,0:18,300000
Three Songs for Benazir,Yes,2022-01-24,100000,0:24,300000
CONNECT -Road to Conquest-: Season 1 // CONNECT -覇者への道-: 映画シリーズ,No,,4100000,17:36,200000
Agneepath (2012) // अग्निपथ,Yes,,700000,2:53,200000
12th Fail // 12th फ़ेल,No,,600000,2:26,200000
Ante Sundaraniki,No,,600000,2:54,200000
Bunty Aur Babli // बंटी और बबली,Yes,,600000,2:50,200000
Creation of the Gods I: Kingdom of Storms // 封神第一部：朝歌風雲 // 封神第一部: 朝歌风云,No,,600000,2:28,200000
Darr // डर,Yes,,600000,2:57,200000
Dil Bole Hadippa! // दिल बोले हड़िप्पा!,Yes,,600000,2:26,200000
Ghost Stories // घोस्ट स्टोरीज़,Yes,2019-12-31,600000,2:25,200000
Gunday // गुंडे,Yes,,600000,2:32,200000
Guru // गुरु,No,,600000,2:35,200000
Ludo // लूडो,Yes,2020-11-12,600000,2:30,200000
Mere Yaar Ki Shaadi Hai // मेरे यार की शादी है,Yes,,600000,2:39,200000
Merrily We Roll Along (2025),No,,600000,2:25,200000
Paava Kadhaigal,Yes,2020-12-18,600000,2:27,200000
Panipat - The Great Betrayal // पानीपत,No,,600000,2:51,200000
RADWIMPS 20th Anniversary Live Tour,No,,600000,2:40,200000
Shabaash Mithu (Hindi) // शाबाश मिठू,No,,600000,2:35,200000
Shyam Singha Roy,No,,600000,2:35,200000
The Brutalist,No,,600000,3:21,200000
The Yellow Tie // Cravata Galbenă,No,,600000,2:25,200000
11 Rebels // 十一人の賊軍,No,,500000,2:35,200000
18×2 Beyond Youthful Days // 青春18×2 通往有你的旅程 // 错过你的那些年,No,,500000,2:04,200000
4 Kings 2,No,,500000,2:13,200000
A Man // ある男,No,,500000,2:02,200000
A Prophet // Un Prophète,No,,500000,2:35,200000
Ad Astra,No,,500000,2:04,200000
Anjaam (1994) // अंजाम,Yes,,500000,2:23,200000
As Vidas de Chico Xavier,No,,500000,2:03,200000
Awakenings,No,,500000,2:01,200000
Becoming Jane,No,,500000,2:01,200000
Billu // बिल्लू बार्बर,No,,500000,2:12,200000
Body of Lies,No,,500000,2:08,200000
Bushido // 碁盤斬り,No,,500000,2:09,200000
Cabrini,No,,500000,2:22,200000
Carandiru,No,,500000,2:25,200000
Chalte Chalte // चलते चलते,No,,500000,2:46,200000
Cirkus // सर्कस,Yes,,500000,2:14,200000
Dancing Village : The Curse Begins // Badarawuhi Di Desa Penari,No,,500000,2:03,200000
Devil Is a Liar,No,,500000,2:18,200000
Feels Like Home // Itt érzem magam otthon,No,,500000,2:04,200000
Funny People (2009),No,,500000,2:26,200000
Gatao 2: Rise of the King // 角頭 2：王者再起 // 角头2：王者再起,Yes,,500000,2:06,200000
Gatta Kusthi,No,,500000,2:23,200000
GodFather (2022),Yes,,500000,2:36,200000
GodFather (Hindi) (2022),No,,500000,2:36,200000
Hasee Toh Phasee // हंसी तो फंसी,Yes,,500000,2:15,200000
Hi Nanna (Tamil),No,,500000,2:36,200000
High & Low The Movie,No,,500000,2:09,200000
Home for Rent // บ้านเช่า บูชายัญ,Yes,,500000,2:04,200000
Humpty Sharma Ki Dulhania // हम्प्टी शर्मा की दुलहनिया,Yes,,500000,2:11,200000
Ishaqzaade // इशकज़ादे,Yes,,500000,2:12,200000
Jab Harry Met Sejal // जब हैरी मेट सेजल,No,,500000,2:22,200000
Jerry Maguire,No,,500000,2:19,200000
Kubi // 首,No,,500000,2:11,200000
Kylie: Tension Tour Live,No,,500000,2:03,200000
La Città Proibita,No,,500000,2:18,200000
La venue de l'avenir,No,,500000,2:06,200000
Lamhe // लम्हे,Yes,,500000,3:07,200000
LIM YOUNG WOONG [RE:CITAL] // 임영웅 리사이틀,No,,500000,3:10,200000
Love Actually (2003),No,,500000,2:15,200000
Love Today (2022),No,,500000,2:33,200000
L’ultima notte di Amore,No,,500000,2:05,200000
"Masquerade // 광해, 왕이 된 남자",No,,500000,2:11,200000
Mili // मिलि,No,,500000,2:06,200000
Miracle in Cell No.7 // 7번방의 선물,No,,500000,2:07,200000
Miss Fortune // 화사한 그녀,No,,500000,2:01,200000
Miss Shetty Mr. Polishetty,No,,500000,2:28,200000
Missing // さがす,No,,500000,2:03,200000
Mission Raniganj: The Great Bharat Rescue // मिशन रानीगंज: द ग्रेट भारत रेस्क्यू,Yes,,500000,2:15,200000
Mobile Suit Gundam SEED FREEDOM // 機動戦士ガンダムSEED FREEDOM,No,,500000,2:05,200000
Money Trap // Organize İşler: Sazan Sarmalı,No,2019-02-15,500000,2:01,200000
MOTHER // MOTHER マザー,Yes,2020-11-03,500000,2:07,200000
Ne Zha 2 // 哪吒之魔童闹海,No,,500000,2:24,200000
Need for Speed,No,,500000,2:11,200000
New World // 신세계,No,,500000,2:15,200000
Northern Limit Line // 연평해전,No,,500000,2:10,200000
Nosso Sonho,No,,500000,2:01,200000
Out of Africa (1985),No,,500000,2:41,200000
Outlaws // Las leyes de la frontera,No,2021-11-22,500000,2:10,200000
Pitbull Public Orders // Pitbull Nowe Porządki,No,,500000,2:12,200000
Queer,No,,500000,2:17,200000
Race 3 // रेस 3,Yes,,500000,2:39,200000
Ride or Die // 彼女,Yes,2021-04-15,500000,2:23,200000
Rookies the Movie: Graduation // ROOKIES -卒業-,No,,500000,2:19,200000
Salaar (Tamil),No,,500000,2:54,200000
Savi // सावी,Yes,,500000,2:03,200000
Sekigahara // 関ヶ原,No,,500000,2:29,200000
Seven Sundays (2017),No,,500000,2:08,200000
Silenced // 도가니,No,,500000,2:05,200000
Soulmate // 소울메이트,No,,500000,2:04,200000
Steel Rain // 강철비,Yes,2018-03-14,500000,2:20,200000
Stuck Together // 8 Rue de l’Humanité,Yes,2021-10-20,500000,2:06,200000
Tazza: The High Rollers // 타짜,No,,500000,2:20,200000
Terminator: Dark Fate,No,,500000,2:09,200000
The Chaser // 추격자,No,,500000,2:05,200000
The Fortress // 남한산성,No,,500000,2:19,200000
The Ghazi Attack // द गाज़ी अटैक,No,,500000,2:02,200000
The Mauritanian,No,,500000,2:09,200000
The Moon // 月,No,,500000,2:25,200000
The Nightingale of Bursa // Bursa Bülbülü,No,,500000,2:01,200000
The Pelican Brief,No,,500000,2:21,200000
The Piano Lesson,Yes,2024-11-22,500000,2:07,200000
THE VILLAGE // ヴィレッジ VILLAGE,Yes,2023-06-16,500000,2:01,200000
Thunivu (Hindi),No,,500000,2:23,200000
Trial by Fire (2018),No,,500000,2:07,200000
Ullozhukku,Yes,,500000,2:01,200000
Undercover // Enquête sur un scandale d'État,No,,500000,2:03,200000
White Noise,Yes,2022-12-30,500000,2:17,200000
Woodlawn,No,,500000,2:04,200000
World Trade Center,No,,500000,2:10,200000
Wunderschön (2022),No,,500000,2:12,200000
Yeh Dillagi // ये दिल्लगी,Yes,,500000,2:34,200000
비상선언,No,,500000,2:02,200000
13 Roses // Las 13 rosas,No,,400000,2:04,200000
137 Shots,Yes,2021-12-15,400000,1:45,200000
172 Days,No,,400000,1:43,200000
4bia // สี่แพร่ง,No,,400000,1:56,200000
5CM,No,,400000,2:06,200000
61 Days // Iftarlik Gazoz,No,,400000,1:51,200000
99 Homes,No,,400000,1:51,200000
A Beautiful Mind,No,,400000,2:17,200000
A California Christmas: City Lights,Yes,2021-12-16,400000,1:46,200000
A Hundred Flowers // 百花,No,,400000,1:44,200000
A Taxi Driver // 택시운전사,No,,400000,2:17,200000
Agape: The Unconditional Love,Yes,,400000,1:47,200000
Airport (1970),No,,400000,2:17,200000
All Is Silence // Todo Es Silencio,No,,400000,1:53,200000
All We Had,No,,400000,1:45,200000
Along with the Gods: The Last 49 Days // 신과함께-인과 연,No,,400000,2:21,200000
Amandla,Yes,2022-01-21,400000,1:47,200000
Amar Singh Chamkila // अमर सिंह चमकीला,Yes,2024-04-12,400000,2:26,200000
Amistad,No,,400000,2:35,200000
Ang Pangarap Kong Holdap,No,,400000,1:47,200000
Aníkúlápó,Yes,2022-09-30,400000,2:23,200000
April Come She Will // 四月になれば彼女は,No,,400000,1:48,200000
Arahan // 아라한 장풍대작전,No,,400000,1:53,200000
"ariana grande: excuse me, i love you",Yes,2020-12-21,400000,1:38,200000
Assalto Ao Banco Central,No,,400000,1:41,200000
Athlete A,Yes,2020-06-24,400000,1:44,200000
Aurangzeb // औरंगज़ेब,Yes,,400000,2:17,200000
Bank of Dave,No,2023-01-16,400000,1:47,200000
Bank Robbers: The Last Great Heist // Los Ladrones: La verdadera historia del robo del siglo,Yes,2022-08-10,400000,1:50,200000
Barbarian,No,,400000,1:44,200000
Battlefield Earth,No,,400000,1:58,200000
Beauty and the Bestie,No,,400000,1:59,200000
Beirut,No,2018-06-15,400000,1:49,200000
Ben & Jody,No,,400000,1:54,200000
Benedetta,No,,400000,2:11,200000
Benvenuti al nord,No,,400000,1:46,200000
Bhola Shankar,Yes,,400000,2:37,200000
Biggie: I Got a Story to Tell,Yes,2021-03-01,400000,1:38,200000
Birdman or (The Unexpected Virtue of Ignorance),No,,400000,2:00,200000
Black Holes | The Edge of All We Know,Yes,,400000,1:39,200000
BLAME!,Yes,2017-05-19,400000,1:46,200000
Blue Velvet,No,,400000,2:01,200000
Bolehkah Sekali Saja Kumenangis,Yes,,400000,1:41,200000
Borg vs. McEnroe,No,,400000,1:48,200000
Breaking (2022),No,,400000,1:43,200000
Brother in Love 2 // Aykut Enişte 2,No,,400000,1:59,200000
Brothers // ब्रदर्स,Yes,,400000,2:35,200000
Call Boy // 娼年,No,,400000,1:59,200000
Can't Help Falling in Love,No,,400000,2:00,200000
Captive (2015),No,,400000,1:38,200000
Chandramukhi 2,Yes,,400000,2:36,200000
Chandramukhi 2 (Hindi),No,,400000,2:35,200000
Choked: Paisa Bolta Hai // चोक्ड: पैसा बोलता है,Yes,2020-06-05,400000,1:54,200000
Chop Shop (2014),No,,400000,1:38,200000
Christmas Full of Grace // Um Natal Cheio de Graça,Yes,2022-11-30,400000,1:45,200000
CODE BLUE the Movie // 劇場版 コード・ブルー -ドクターヘリ緊急救命-,No,,400000,2:08,200000
Crayon Shin-chan the Movie: Pursuit of the Balls of Darkness // 映画 クレヨンしんちゃん 暗黒タマタマ大追跡,No,,400000,1:39,200000
Crayon Shin-chan the Movie: The Storm Called: The Kasukabe Boys of the Evening Sun // 映画 クレヨンしんちゃん 嵐を呼ぶ! 夕陽のカスカベボーイズ,No,,400000,1:37,200000
Crayon Shin-chan the Movie: The Storm Called: The Singing Buttocks Bomb // 映画クレヨンしんちゃん 嵐を呼ぶ 歌うケツだけ爆弾!,No,,400000,1:43,200000
Crazy About Her // Loco por ella,Yes,2021-02-26,400000,1:47,200000
Crazy Little Thing Called Love // สิ่งเล็กเล็กที่เรียกว่า...รัก,No,,400000,1:58,200000
Crime Busters // I due superpiedi quasi piatti,No,,400000,1:50,200000
Crows: Episode Zero // クローズZERO,No,,400000,2:10,200000
Crows: Episode Zero II // クローズZERO II,No,,400000,2:13,200000
CTRL,Yes,2024-10-04,400000,1:39,200000
Dabangg 3 // दबंग 3,Yes,,400000,2:28,200000
Dasvi,No,,400000,2:05,200000
Dazed and Confused,No,,400000,1:42,200000
DeAr (2024),Yes,,400000,2:12,200000
Death Note (2006 Live Action) // DEATH NOTE デスノート,No,,400000,2:06,200000
Deep // โปรเจกต์ลับ หลับ เป็น ตาย,Yes,2021-07-16,400000,1:41,200000
Detective Ujjwalan,Yes,,400000,2:03,200000
Dobaaraa // दोबारा,No,,400000,2:13,200000
Dog 51 // Chien 51,No,,400000,1:45,200000
Don't Call it Mystery: The Movie // ミステリと言う勿れ,No,,400000,2:09,200000
Doom of Love // Aşkın Kıyameti,Yes,2022-06-20,400000,1:40,200000
Dostana // दोस्ताना,Yes,,400000,2:22,200000
Dove osano le cicogne,No,,400000,1:46,200000
E poi si vede,No,,400000,1:38,200000
Ek Villain Returns // एक विलेन रिटर्न्स,No,,400000,2:07,200000
El Penalti Mas Largo Del Mundo // El penalti más largo del mundo,No,,400000,1:43,200000
Erdal ile Ece,No,,400000,1:47,200000
Family Camp,No,,400000,1:51,200000
Fantastic Beasts and Where To Find Them,No,,400000,2:13,200000
Farmer’s Bride,No,,400000,1:39,200000
Fear and Loathing in Las Vegas,No,,400000,1:58,200000
Felon,No,,400000,1:44,200000
Fictitious Girl's Diary The Movie // 映画 架空OL日記,No,,400000,1:40,200000
Final Destination,No,,400000,1:38,200000
Five Nights at Freddy's 2,No,,400000,1:44,200000
Flat Girls // แฟลตเกิร์ล ชั้นห่างระหว่าง เ ร า,Yes,,400000,2:09,200000
Force 2 // फ़ोर्स 2,No,,400000,2:03,200000
Free Willy (1993),No,,400000,1:52,200000
Friendship (2024),No,,400000,1:41,200000
Gatao // 角頭 // 角头,Yes,,400000,1:45,200000
GATAO: Like Father Like Son // 角頭: 大橋頭 // 角头：大桥头,Yes,,400000,2:11,200000
Gevi,Yes,,400000,2:10,200000
Godzilla Minus One/Minus Color // ゴジラ-1.0/C,Yes,,400000,2:07,200000
Golda (2023),No,,400000,1:40,200000
"Good Luck to You, Leo Grande",No,,400000,1:37,200000
Goyo,Yes,2024-07-05,400000,1:48,200000
Grandma's Wedding // La boda de la abuela,No,2020-02-05,400000,1:37,200000
Grudge // Kin,Yes,2021-10-08,400000,1:47,200000
"Half Car, Half Boat, Full Trouble // Žlutou Žábou Do Země Modrého Nebe",No,,400000,2:04,200000
Hansan: Rising Dragon - REDUX // 한산 리덕스,No,,400000,2:31,200000
Hantu Kak Limah,No,,400000,1:50,200000
"Harlot's Prayer // Tuhan, Izinkan Aku Berdosa",No,,400000,1:54,200000
Hey Handsome!! The Movie // 映画『おいハンサム!!』,No,,400000,1:59,200000
Hey Sinamika (Hindi),No,,400000,2:28,200000
High & Low The Movie 2 / End of Sky,No,,400000,2:04,200000
High & Low The Movie 3 / Final Mission,No,,400000,1:58,200000
High Rollers (2025),No,,400000,1:41,200000
Home Sweet Loan,Yes,,400000,1:52,200000
Honeko Akabane’s Bodyguards // 赤羽骨子のボディガード,No,,400000,1:57,200000
Hour of the Star // A Hora da Estrela,No,,400000,1:38,200000
How to Survive a Marriage? // Catatan Harian Menantu Sinting,No,,400000,2:01,200000
Human Resource // พนักงานใหม่ (โปรดรับไว้พิจารณา),No,,400000,2:02,200000
Hunter x Hunter: The Last Mission // 劇場版 Hunter × Hunter: The Last Mission,No,,400000,1:37,200000
Hurricane Season // Temporada de huracanes,Yes,2023-11-01,400000,1:39,200000
I Am Not an Easy Man // Je ne suis pas un homme facile,Yes,2018-04-13,400000,1:39,200000
I Am the Secret in Your Heart // 夏日的檸檬草 // 夏日的柠檬草,Yes,,400000,1:52,200000
I Am Woman,No,,400000,1:56,200000
I Can Only Imagine 2,No,,400000,1:51,200000
I Can't Live Without You // No puedo vivir sin ti,No,2024-08-16,400000,1:38,200000
"I, Tonya",No,,400000,2:00,200000
In Dog's Words // Mundo Cão,No,,400000,1:41,200000
Indigo (2023),Yes,,400000,1:57,200000
Io e te dobbiamo parlare,No,,400000,1:40,200000
Iratta,No,,400000,1:50,200000
Irugapatru,Yes,,400000,2:33,200000
It Takes More Than a Pretty Face To Fall in Love // 顔だけじゃ好きになりません,No,,400000,1:44,200000
Jakarta vs Everybody,Yes,,400000,1:42,200000
Jingle Jangle: A Christmas Journey,Yes,2020-11-13,400000,2:04,200000
Jogi // जोगी,Yes,2022-09-16,400000,1:57,200000
John Q,No,,400000,1:56,200000
Kate & Leopold,No,,400000,1:58,200000
Knight and Day,No,,400000,1:49,200000
Kondal,Yes,,400000,2:25,200000
L'élève Ducobu,No,,400000,1:37,200000
La Huella del Mal,No,,400000,1:46,200000
Laura (2024),No,,400000,1:44,200000
Leave No Trace (2018),No,,400000,1:49,200000
Leon's Heart // Mi pequeño gran hombre,No,,400000,1:39,200000
Life After Fighting,No,,400000,2:00,200000
Like a Cat on a Highway 2 // Come un gatto in tangenziale - Ritorno a Coccia di Morto,No,,400000,1:49,200000
Love at Second Sight // Mon Inconnue,No,,400000,1:58,200000
Love Me Instead // Beni Çok Sev,Yes,2021-11-19,400000,2:05,200000
"Love, Rosie",No,,400000,1:43,200000
Luccas Neto: Príncipe Lu e a Lenda do Dragão,No,,400000,1:49,200000
Luka Chuppi // लुका छुपी,No,,400000,2:05,200000
Luv Ka The End // लव का द एंड,Yes,,400000,1:47,200000
Lyora: Penantian Buah Hati,No,,400000,1:37,200000
Magic Mike,No,,400000,1:50,200000
Magic Mike XXL,No,,400000,1:55,200000
Maktub (2011),No,,400000,1:56,200000
Man of God,Yes,2022-04-16,400000,1:51,200000
Maria,No,2024-12-11,400000,2:03,200000
Martabat: Misi Berdarah,Yes,,400000,2:00,200000
Masthishka Maranam: A Frankenbiting of Simon's Memories,Yes,,400000,2:25,200000
Matter of Time,Yes,2026-02-09,400000,1:47,200000
May December,No,2023-12-01,400000,1:57,200000
Midway (1976),No,,400000,2:11,200000
Miss Conspirator // 미쓰 GO,No,,400000,1:56,200000
Mixtape,Yes,2021-12-03,400000,1:37,200000
Monk Comes Down the Mountain // 道士下山,No,,400000,1:54,200000
Monster,Yes,2021-05-07,400000,1:39,200000
Monster Trucks,No,,400000,1:46,200000
Moonfall,No,,400000,2:11,200000
Mr. Bachchan,Yes,,400000,2:30,200000
Muriel's Wedding,No,,400000,1:41,200000
MVP (2022),No,,400000,1:53,200000
My Annoying Brother (2024),No,,400000,1:54,200000
"My Brother, My Sister // Mio fratello, mia sorella",Yes,2021-10-08,400000,1:54,200000
My Friend Dahmer,No,,400000,1:47,200000
My Sweet Fifteen // Meus 15 Anos,No,,400000,1:45,200000
Müstakbel Damat,No,,400000,1:44,200000
Necromancer 2020 // จอมขมังเวทย์ 2020,No,,400000,1:54,200000
No More Bets // 孤注一擲 // 孤注一掷,No,,400000,2:10,200000
North Country,No,,400000,2:06,200000
Nothing to Lose // Nada a Perder – Parte 1,Yes,,400000,2:13,200000
Notting Hill,No,,400000,2:04,200000
Now and Then (1995),No,,400000,1:42,200000
O Amor Dá Trabalho,No,,400000,1:41,200000
Obsessed // 인간중독,No,,400000,2:13,200000
Odio l'estate,No,,400000,1:46,200000
Oh Belinda // Aaahh Belinda,Yes,2023-04-07,400000,1:37,200000
Okja,Yes,2017-06-28,400000,2:01,200000
Olivia Rodrigo: GUTS World Tour,No,2024-10-29,400000,1:45,200000
Paheli // पहेली,No,,400000,2:14,200000
Panda Plan // 熊貓計劃 // 熊猫计划,No,,400000,1:39,200000
Pelé,Yes,2021-02-23,400000,1:49,200000
Perayaan Mati Rasa,No,,400000,2:05,200000
Perdida (2019),No,,400000,1:46,200000
Perfect Stranger,No,,400000,1:49,200000
Perusu,Yes,,400000,2:00,200000
Pitbull Last Dog // Pitbull Ostatni Pies,No,,400000,1:59,200000
Playing with children // اللعب مع العيال,No,,400000,2:09,200000
Pom Poko // 平成狸合戦ぽんぽこ,No,,400000,1:59,200000
Porn in the Hood // Les Kaïra,No,,400000,1:38,200000
Qaidi Band // कैदी बैंड,Yes,,400000,1:59,200000
Ready to Mingle // Solteras,No,2019-10-02,400000,1:37,200000
Recep Ivedik,No,,400000,1:42,200000
Red Joan,No,,400000,1:41,200000
Resident Evil: The Final Chapter,No,,400000,1:47,200000
Return to the Blue Lagoon,No,,400000,1:42,200000
Road to Boston // 1947 보스톤,No,,400000,1:48,200000
ROMA,Yes,2018-12-14,400000,2:15,200000
Romeo Must Die,No,,400000,1:55,200000
Same Day with Someone // ซ้ำวัน กับ Someone,Yes,2025-09-18,400000,1:59,200000
Sampung Utos Kay Josh,No,,400000,1:47,200000
Satan's Slaves // Pengabdi Setan,No,,400000,1:42,200000
Sensei’s Pious Lie // 先生の白い嘘,No,,400000,1:56,200000
Shadowhunter (1993),No,,400000,1:38,200000
Shaolin Soccer // 少林足球,No,,400000,1:52,200000
She's Dating the Gangster,No,,400000,1:53,200000
Shiny_Flakes: The Teenage Drug Lord,Yes,2021-08-03,400000,1:37,200000
Shot Caller,No,,400000,2:00,200000
Sisterakas,No,,400000,1:45,200000
Sixteen Blocks,No,,400000,1:37,200000
Skyscraper (2018),No,,400000,1:42,200000
Slap Shot,No,,400000,2:03,200000
Snake Eyes,No,,400000,1:38,200000
Snow White & the Huntsman,No,,400000,2:07,200000
"Soltera, casada, viuda, divorciada 2",No,,400000,1:44,200000
Sons of Rizk 3 // ولاد رزق ٣,No,,400000,2:05,200000
Sorga Vaasal,Yes,,400000,2:15,200000
Sosok Ketiga,No,,400000,1:39,200000
South from Granada // Al sur de Granada,No,,400000,1:47,200000
Stardust (2007),No,,400000,2:09,200000
Starting Over Again (2014),No,,400000,2:08,200000
Stepmom (1998),No,,400000,2:05,200000
Student of the Year 2 // स्टूडेंट ऑफ़ द ईयर 2,No,,400000,2:25,200000
Superchondriac // Supercondriaque,No,,400000,1:47,200000
Suzzanna: Buried Alive // Suzzanna: Bernapas dalam Kubur,No,2019-04-03,400000,2:06,200000
Sweet Family // Dulce Familia,No,,400000,1:41,200000
Swelter,No,,400000,1:40,200000
Tashan // टशन,Yes,,400000,2:27,200000
Tazza: One Eyed Jack // 타짜: 원 아이드 잭,No,,400000,2:20,200000
Tazza: The Hidden Card // 타짜-신의손,No,,400000,2:27,200000
Technoboys,Yes,2024-09-11,400000,1:50,200000
Tell Them You Love Me,No,,400000,1:43,200000
Tenor // Ténor,No,,400000,1:41,200000
Thalaivii,No,,400000,2:29,200000
The Abandoned // 查無此心 // 查无此心,Yes,2023-12-31,400000,1:45,200000
The Accidental Spy (2001),No,,400000,1:48,200000
The Book of Eli,No,,400000,1:58,200000
The Con-Heartist // อ้าย..คนหล่อลวง,No,,400000,2:07,200000
The Confidence Man JP - Episode of the Hero - // コンフィデンスマンJP 英雄編,No,,400000,2:07,200000
THE CONFIDENCE MAN JP－The Movie- // コンフィデンスマンJP ロマンス編,No,,400000,1:56,200000
The Connection // La French,No,,400000,2:15,200000
The Demon's Bride // Pengantin Iblis,No,,400000,1:42,200000
"The Dog Who Travelled by Train // O Psie, Który Jeździł Koleją",No,,400000,1:38,200000
The Drug King // 마약왕,Yes,2019-02-21,400000,2:19,200000
The Endless Trench // La trinchera infinita,No,2020-02-28,400000,2:27,200000
The Figo Affair: The Transfer that Changed Football // El caso Figo: El fichaje del siglo,Yes,2022-08-25,400000,1:46,200000
The Files of Young Kindaichi: Legend of the Shanghai Mermaid // 金田一少年の事件簿 上海魚人伝説,No,,400000,1:56,200000
The Fog (2005),No,,400000,1:40,200000
The Four Seasons (1981),No,,400000,1:48,200000
The Gambler (2014),No,,400000,1:52,200000
The Ghost and the Darkness,No,,400000,1:50,200000
The Glass Castle,No,,400000,2:07,200000
The Goldfinch,No,,400000,2:30,200000
The Great War of Archimedes // アルキメデスの大戦,No,,400000,2:10,200000
The Hand of God // È stata la mano di Dio,Yes,2021-12-15,400000,2:11,200000
The Healer (2017),No,,400000,1:48,200000
The House,Yes,2022-01-14,400000,1:37,200000
The International,No,,400000,1:58,200000
The Lady in the Van,No,,400000,1:44,200000
The Land of Morning Calm // 아침바다 갈매기는,No,,400000,1:53,200000
The Land of Steady Habits,Yes,2018-09-14,400000,1:38,200000
The Last 7 Days // Sebelum 7 Hari,No,,400000,1:47,200000
The Last Goodbye (2025),Yes,,400000,1:47,200000
The Lucky One (2012),No,,400000,1:41,200000
The Machine (2023),No,,400000,1:52,200000
The Magic of the Derby // Kouzlo derby,No,,400000,1:48,200000
The Marriage App // Matrimillas,Yes,2022-12-07,400000,1:42,200000
The Mask of Zorro,No,,400000,2:18,200000
The Matrix Reloaded,No,,400000,2:18,200000
The Matrix Resurrections,No,,400000,2:28,200000
The Medium // ร่างทรง,No,,400000,2:11,200000
The Misadventures of Hedi and Cokeman // En passant pécho,Yes,2021-02-10,400000,1:39,200000
The Moon // 더 문,No,,400000,2:09,200000
The Night of the Sunflowers // La Noche De Los Girasoles,No,,400000,1:58,200000
The Notebook (2004),No,,400000,2:04,200000
The Obscure Spring // Las oscuras primaveras,No,,400000,1:41,200000
The Polar Express,No,,400000,1:40,200000
The Remarkable Life of Ibelin,Yes,2024-10-25,400000,1:44,200000
The Resistance Banker // Bankier Van Het Verzet,Yes,2018-09-10,400000,2:03,200000
The Secret Diary of an Exchange Student // Diários de Intercâmbio,Yes,2021-08-18,400000,1:37,200000
The Secret Recipe // Rahasia Rasa,No,,400000,2:01,200000
The Sentinel (2006),No,,400000,1:48,200000
The Sisterhood of the Traveling Pants,No,,400000,1:59,200000
The Sky Is Pink // द स्काय इज़ पिंक,No,,400000,2:23,200000
The Sons of Katie Elder,No,,400000,2:02,200000
The Super Parental Guardians,No,,400000,1:55,200000
The Throne // 사도,No,,400000,2:06,200000
The Unholy (2021),No,,400000,1:39,200000
The Usual Suspects (1995),No,,400000,1:46,200000
The Voice of Sin // 罪の声,No,,400000,2:21,200000
The Waiter (2024),No,,400000,1:44,200000
The Zookeeper's Wife,No,,400000,2:07,200000
"Thirty Something, Single and Fabulous // Treintona, soltera y fantástica",No,,400000,1:37,200000
Three Men and a Leg // Tre uomini e una gamba,No,,400000,1:38,200000
Tillu Square,Yes,,400000,2:01,200000
Titli // तितली,No,,400000,1:52,200000
To Kill a Tiger // टू किल ए टाइगर,Yes,2024-03-10,400000,2:08,200000
Todos queremos a alguien,No,,400000,1:42,200000
Toolsidas Junior // तुलसीदास जूनियर,No,,400000,2:11,200000
Tres metros sobre el cielo,No,,400000,1:58,200000
Trip Ubusan: The Lolas vs Zombies,No,,400000,1:52,200000
Tulip Fever,No,,400000,1:45,200000
Twisted Justice // 日本で一番悪い奴ら,No,,400000,2:15,200000
Udta Punjab // उड़ता पंजाब,Yes,,400000,2:26,200000
Unexpectedly Yours,No,,400000,2:01,200000
Unknown (2011),No,,400000,1:53,200000
Untamed Royals // Príncipes salvajes,Yes,2024-08-28,400000,1:40,200000
Vengeance (2022),No,,400000,1:48,200000
Violent Night,No,,400000,1:52,200000
When the Bough Breaks (2016),No,,400000,1:47,200000
Wild Card (2015),No,,400000,1:43,200000
Women of Mafia // Kobiety Mafii,No,,400000,2:13,200000
You Keep the Kids // Mamá o papá,No,,400000,1:43,200000
Your Name Engraved Herein // 刻在你心底的名字,Yes,2020-12-23,400000,1:54,200000
İllegal Hayatlar,No,,400000,1:45,200000
'76,Yes,2021-08-04,300000,1:58,200000
10 giorni senza mamma,No,,300000,1:35,200000
100 Meters // 100 Metros,No,,300000,1:49,200000
100 Yen Love // 百円の恋,No,,300000,1:54,200000
24 Hours with Gaspar // 24 Jam Bersama Gaspar,Yes,2024-03-14,300000,1:38,200000
50 to 1,No,,300000,1:51,200000
57 Seconds,No,,300000,1:36,200000
6/45 // 육사오,No,,300000,1:53,200000
A boyfriend for my wife // Um Namorado para Minha Mulher,No,,300000,1:46,200000
A Dog's Purpose,No,,300000,1:40,200000
A History of Violence,No,,300000,1:36,200000
A Man Called Ove // En man som heter Ove,No,,300000,1:51,200000
A Remarkable Tale // Lo nunca visto,No,,300000,1:34,200000
A Sprinkle of Christmas,No,,300000,1:29,200000
A Stasi Comedy // Leander Haußmanns Stasikomödie,No,,300000,1:51,200000
Abduction (2011),No,,300000,1:46,200000
Acampamento Intergaláctico,No,,300000,1:26,200000
Accident Man,No,,300000,1:46,200000
Air Mata di Ujung Sajadah,Yes,,300000,1:45,200000
Airport '77,No,,300000,1:53,200000
Airport 1975,No,,300000,1:46,200000
Ajin: Demi-Human // 亜人,No,,300000,1:48,200000
Alchemist Academy // Zrození alchymistky,No,,300000,1:51,200000
Alex Strangelove,Yes,2018-06-08,300000,1:40,200000
Ali & Ratu Ratu Queens,Yes,2021-06-17,300000,1:41,200000
All I See Is You,No,,300000,1:49,200000
All My Friends Are Dead // Wszyscy moi przyjaciele nie żyją,Yes,2020-12-28,300000,1:37,200000
Alone // แฝด,No,,300000,1:33,200000
Altrimenti ci arrabbiamo!,No,,300000,1:38,200000
America's Sweethearts,No,,300000,1:43,200000
American Graffiti,No,,300000,1:52,200000
American Son,Yes,2019-11-01,300000,1:30,200000
An Unfinished Life,No,,300000,1:48,200000
Another Round // Pod parou,No,,300000,1:59,200000
Ask Me If I'm Happy // Chiedimi se sono felice,No,,300000,1:37,200000
Astral City: A Spiritual Journey // Nosso Lar,No,,300000,1:49,200000
Asu Mare 3,No,,300000,1:41,200000
Babysitting,No,,300000,1:24,200000
Babysitting 2,No,,300000,1:32,200000
Bad Seeds // Mauvaises herbes,No,2018-12-21,300000,1:45,200000
Baggio: The Divine Ponytail // Il Divin Codino,No,2021-05-26,300000,1:32,200000
Bajo un volcán,No,,300000,1:27,200000
Ballot // Balota,Yes,,300000,1:46,200000
"Be My Guest, Be My Baby // フィリピンパブ嬢の社会学",No,,300000,1:54,200000
Beautiful Rebel // Sei nell'anima,Yes,2024-05-02,300000,1:54,200000
Becky & Badette,Yes,,300000,1:54,200000
Bed Rest,No,,300000,1:30,200000
Before the Fall // Napola – Elite für den Führer,No,,300000,1:50,200000
Best Wishes to All // みなに幸あれ,No,,300000,1:29,200000
"Bikram: Yogi, Guru, Predator",Yes,2019-11-20,300000,1:26,200000
Birthday // 생일,No,,300000,2:00,200000
Bitconned,Yes,2024-01-01,300000,1:34,200000
Bizan // 眉山,No,,300000,2:00,200000
Black Beach,No,2021-02-03,300000,1:55,200000
Blade (1998),No,,300000,2:00,200000
Blind Sunflowers // Los girasoles ciegos,No,,300000,1:35,200000
Blowback (2022),No,,300000,1:30,200000
BoBoiBoy: The Movie,No,,300000,1:42,200000
Breaking the Silence: The Maria Soledad Case // María Soledad: El fin del silencio,Yes,2024-10-10,300000,1:36,200000
Broken Voices // Sbormistr,No,,300000,1:48,200000
Brüno,No,,300000,1:21,200000
BTS - Bring the Soul: The Movie // 브링 더 소울: 더 무비,No,,300000,1:36,200000
Buba,Yes,2022-08-03,300000,1:35,200000
Buddy Games (2019),No,,300000,1:37,200000
Bölük,No,,300000,1:35,200000
Can You See Us?,No,,300000,1:49,200000
Caught by a Wave // Sulla stessa onda,Yes,2021-03-25,300000,1:40,200000
Chacun chez soi,No,,300000,1:23,200000
Check the Store Next Door 2 // Cek Toko Sebelah 2,No,,300000,1:52,200000
CHIPS (2017),No,,300000,1:41,200000
Christmas as Usual,Yes,2023-12-06,300000,1:29,200000
Christmas on the Alpaca Farm,No,,300000,1:28,200000
Clean Hands // Schone Handen,No,,300000,1:44,200000
Closer (2004),No,,300000,1:44,200000
Clueless // โป๊ะแตก,No,,300000,1:29,200000
Come Sunday,Yes,2018-04-13,300000,1:46,200000
Come un gatto in tangenziale,No,,300000,1:40,200000
Coming Soon // โปรแกรมหน้า วิญญาณอาฆาต,No,,300000,1:24,200000
Confessions of a Brazilian Call Girl // Bruna Surfistinha,No,,300000,1:48,200000
Cool Kids Don’t Cry // Achtste-groepers huilen niet,No,,300000,1:40,200000
Crayon Shin-chan the Movie: Action Kamen vs. Leotard Devil // 映画クレヨンしんちゃん アクション仮面 VS ハイグレ魔王,No,,300000,1:33,200000
Crayon Shin-chan the Movie: Blitzkrieg! Pig's Hoof's Secret Mission // 映画クレヨンしんちゃん 電撃! ブタのヒヅメ大作戦,No,,300000,1:40,200000
Crayon Shin-chan the Movie: Invasion!! Alien Shiriri // 映画 クレヨンしんちゃん 襲来!! 宇宙人シリリ,No,,300000,1:43,200000
Crayon Shin-chan the Movie: The Storm Called: The Battle of the Warring States // 映画 クレヨンしんちゃん 嵐を呼ぶ アッパレ! 戦国大合戦,No,,300000,1:35,200000
Crazy Awesome Teachers // Guru-Guru Gokil,Yes,2020-08-17,300000,1:42,200000
Crazy Beautiful You,No,,300000,1:54,200000
Crazy Romance // 가장 보통의 연애,No,,300000,1:50,200000
Crescent City,No,,300000,1:42,200000
Cruel Intentions (1999),No,,300000,1:37,200000
Cry Macho,No,,300000,1:44,200000
Crypto Boy,Yes,2023-10-19,300000,1:43,200000
Cujo,No,,300000,1:33,200000
Daddy Daughter Trip,No,,300000,1:36,200000
Daddy Day Camp,No,,300000,1:29,200000
Dances With the Jackals 6 // Çakallarla Dans 6,No,,300000,2:00,200000
Danur: I Can See Ghosts // Danur,No,,300000,1:15,200000
Deadstream,No,,300000,1:28,200000
Dearest // あなたへ,No,,300000,1:50,200000
Death on Holiday // Moartea în vacanță,No,,300000,1:29,200000
Demolition Man,No,,300000,1:55,200000
Derailed (2002),No,,300000,1:25,200000
Detective Conan: Compilation Film “Detective Conan vs. Kid the Phantom Thief” // TVシリーズ特別編集版 名探偵コナン vs. 怪盗キッド,No,,300000,1:20,200000
Deuce Bigalow: European Gigolo,No,,300000,1:23,200000
Die Hochzeit,No,,300000,1:59,200000
Disappear Completely // Desaparecer por completo,No,,300000,1:41,200000
Doraemon the Movie: Nobita and the Castle of the Undersea Devil // 映画ドラえもん のび太の海底鬼岩城,No,,300000,1:35,200000
Doraemon the Movie: Nobita and the Space Heroes // 映画ドラえもん のび太の宇宙英雄記 (スペースヒーローズ),No,,300000,1:40,200000
Doraemon the Movie: Nobita and the Steel Troops: The New Age // 映画ドラえもん 新・のび太と鉄人兵団 はばたけ 天使たち,No,,300000,1:48,200000
Doraemon the Movie: Nobita’s Mermaid Legend // 映画ドラえもん のび太の人魚大海戦,No,,300000,1:39,200000
Doraemon the Movie: The New Nobita's Great Adventure into the Underworld // 映画ドラえもん のび太の新魔界大冒険～7人の魔法使い～,No,,300000,1:52,200000
Doraemon: Nobita's Little Star Wars 2021 // 映画ドラえもん のび太の宇宙小戦争 2021,No,,300000,1:49,200000
Dosen Ghaib: Sudah Malam Atau Sudah Tahu,No,,300000,1:35,200000
Double Team,No,,300000,1:33,200000
Double Trouble // Non c'è due senza quattro,No,,300000,1:39,200000
Down the Rabbit Hole // Fiesta en la madriguera,Yes,2024-05-01,300000,1:43,200000
Dragon Ball Super: Super Hero // ドラゴンボール超 スーパーヒーロー,No,,300000,1:40,200000
Drive-Away Dolls,No,,300000,1:24,200000
Dumb Money,No,,300000,1:45,200000
Eerie,No,,300000,1:40,200000
El Conde,Yes,2023-09-15,300000,1:51,200000
El Dashash // الدشاش,No,,300000,1:54,200000
El paseo 5,No,,300000,1:26,200000
El paseo 6 // El paseo 6 - La excursión de 11,No,,300000,1:38,200000
El paseo 7,No,,300000,1:28,200000
Employee of the Month (2006),No,,300000,1:48,200000
Eraserheads: Combo on the Run,Yes,,300000,1:41,200000
Everything About My Wife,Yes,,300000,1:50,200000
Ex Ex Lovers,Yes,,300000,1:44,200000
Eye in the Sky (2015),No,,300000,1:42,200000
Eye of the Storm // 疫起,Yes,,300000,1:59,200000
Eyyvah Eyvah,No,,300000,1:39,200000
Eyyvah Eyyvah 2 // Eyyvah Eyvah 2,No,,300000,1:46,200000
Eyyvah Eyyvah 3 // Eyyvah Eyvah 3,No,,300000,1:43,200000
Falling Down,No,,300000,1:53,200000
Familia,Yes,2023-12-15,300000,1:46,200000
Family of Two (A Mother and Son Story),Yes,,300000,1:41,200000
Fat Choi Spirit // 嚦咕嚦咕新年財 // 呖咕呖咕新年财,No,,300000,1:37,200000
Father's Haunted House // Rumah Dinas Bapak,No,,300000,1:33,200000
First Match,Yes,2018-03-30,300000,1:43,200000
Float (2023),No,,300000,1:40,200000
For Your Consideration,No,,300000,1:26,200000
Forever Rich,Yes,2021-10-01,300000,1:31,200000
Four to Dinner // 4 Metà,Yes,2022-01-05,300000,1:45,200000
Freestyle,Yes,2023-09-13,300000,1:28,200000
Friend Zone // ระวัง..สิ้นสุดทางเพื่อน,No,,300000,1:59,200000
Friends with Money,No,,300000,1:28,200000
Gaga: Five Foot Two,Yes,2017-09-22,300000,1:41,200000
Galaksi,No,,300000,1:58,200000
Gaston Lagaffe (2018),No,,300000,1:22,200000
Gatao - The Last Stray // 角頭外傳浪流連 // 角头 外传浪流连,Yes,,300000,2:00,200000
Gen Hoshino presents MAD HOPE MAD MUSIC,No,,300000,1:49,200000
Get Smart With Money,Yes,2022-09-06,300000,1:33,200000
Ghost Cat Anzu // 化け猫あんずちゃん,No,,300000,1:34,200000
Ghost Sweepers // 점쟁이들,No,,300000,1:59,200000
Gigantes,No,,300000,1:28,200000
Girl Haunts Boy,No,,300000,1:41,200000
Glorious Days // Bebas,No,,300000,1:59,200000
Go For It // Nati con la camicia,No,,300000,1:44,200000
God Is Brazilian // Deus é Brasileiro,No,,300000,1:53,200000
Godzilla 2000: Millennium // ゴジラ2000 ミレニアム,No,,300000,1:47,200000
GODZILLA City on the Edge of Battle // GODZILLA 決戦機動増殖都市,Yes,2018-07-17,300000,1:41,200000
Gonjiam: Haunted Asylum // 곤지암,No,,300000,1:34,200000
Goodbye Berlin // Tschick,No,,300000,1:33,200000
Grandma (2015),No,,300000,1:19,200000
Grandma's Birthday // El cumple de la abuela,No,,300000,1:38,200000
Grandma's Last Wishes // El testamento de la abuela,No,2020-12-25,300000,1:37,200000
Grazie Ragazzi,No,,300000,1:57,200000
Grease,No,,300000,1:51,200000
Green Bones,Yes,,300000,1:40,200000
Guna Guna Istri Muda,Yes,,300000,1:38,200000
Gundik,No,,300000,1:53,200000
Ha Gom: The Darkness of the Soul // ห่าก้อม,No,,300000,1:25,200000
Haikyu!! Movie 4: Battle of Concepts // 劇場版総集編 白鳥沢学園高校戦『ハイキュー!! コンセプトの戦い』,No,,300000,1:29,200000
Half Past Dead,No,,300000,1:39,200000
Halloween 6: The Curse of Michael Myers,No,,300000,1:28,200000
Happiness Ever After,Yes,2021-11-10,300000,1:39,200000
Harlem Nights,No,,300000,1:56,200000
Hatching // Pahanhautoja,No,,300000,1:31,200000
Hate to Love: Nickelback,No,,300000,1:32,200000
Have a nice day! // ¿Encontró lo que buscaba?,No,2023-03-10,300000,1:34,200000
Heart of Champions,No,,300000,1:59,200000
Heartsping: Teenieping of Love // 사랑의 하츄핑,No,,300000,1:26,200000
Heaven (2002),No,,300000,1:37,200000
Hell of a Summer,No,,300000,1:29,200000
Hello Ghost // 헬로우 고스트,No,,300000,1:51,200000
Hello Ghost (2023),Yes,,300000,1:54,200000
Heretic (2024),No,,300000,1:51,200000
Herself,No,,300000,1:37,200000
Holiday in Santa Fe,No,,300000,1:28,200000
Holy Punch // 목스박,No,,300000,1:38,200000
Home Sweet Hell,No,,300000,1:38,200000
Home Sweet Home – Wo Das Böse Wohnt,No,,300000,1:23,200000
Hoping for Good News // Müjdemi İsterim,No,,300000,1:43,200000
Horrible Bosses 2,No,,300000,1:48,200000
Hot Blooded // 뜨거운 피,No,,300000,2:00,200000
Hotch- Potch // Kogel-Mogel,No,,300000,1:41,200000
Hotel Artemis,No,,300000,1:34,200000
House of Wax,No,,300000,1:53,200000
How to Be Really Bad // Meine teuflisch gute Freundin,No,,300000,1:40,200000
How to Get Over a Breakup // Soltera codiciada,Yes,2018-10-19,300000,1:45,200000
Humanist Vampire Seeking Consenting Suicidal Person // Vampire humaniste cherche suicidaire consentant,No,,300000,1:31,200000
Hunter x Hunter: Phantom Rouge // 劇場版 Hunter × Hunter 緋色の幻影,No,,300000,1:37,200000
I Don't Feel at Home in This World Anymore,Yes,2017-02-24,300000,1:37,200000
"I love you, stupid // Te quiero, imbécil",Yes,2020-05-15,300000,1:27,200000
I Still Believe,No,,300000,1:57,200000
I Still Know What You Did Last Summer,No,,300000,1:41,200000
I'll Always Know What You Did Last Summer,No,,300000,1:32,200000
I'm Glad It's Christmas,No,,300000,1:27,200000
Ibiza,Yes,2018-05-25,300000,1:34,200000
Ichikei's Crow: The Movie // 映画 イチケイのカラス,No,,300000,1:59,200000
If I Were You // Se Eu Fosse Você,No,,300000,1:43,200000
"Imperfect // Imperfect: Karier, Cinta, & Timbangan",No,,300000,1:53,200000
Impetigore // Perempuan Tanah Jahanam,No,,300000,1:47,200000
In a Relationship,No,,300000,1:32,200000
In the Lost Lands,No,,300000,1:41,200000
Inheritance (2020),No,,300000,1:51,200000
Inseparable Bros // 나의 특별한 형제,No,,300000,1:54,200000
Isolated (2025),No,,300000,1:41,200000
Jade (2024),No,,300000,1:29,200000
Jersey Girl (2004),No,,300000,1:42,200000
John Rambo (2008),No,,300000,1:31,200000
Journey to the West: The Demons Strike Back // 西遊：伏妖篇 // 西游伏妖篇,No,,300000,1:49,200000
June & Kopi,Yes,2021-01-28,300000,1:30,200000
Juniper (2021),No,,300000,1:35,200000
Jurnal Risa by Risa Saraswati,Yes,,300000,1:32,200000
Juwanna Mann,No,,300000,1:31,200000
Kaali Khuhi // काली खुही,Yes,2020-10-30,300000,1:31,200000
Kafir: A Deal with the Devil // Kafir: Bersekutu dengan Setan,No,,300000,1:38,200000
Kaka Boss,Yes,,300000,2:00,200000
Kangaroo Valley,Yes,2022-12-14,300000,1:17,200000
Kessoku Sonosakihe // 結束、その先へ～侍たちの苦悩と希望～,No,,300000,2:00,200000
Keys To The Heart // 그것만이 내 세상,No,,300000,2:00,200000
Kin (2018),No,,300000,1:43,200000
King of Beggars // 武狀元蘇乞兒 // 武状元苏乞儿,No,,300000,1:40,200000
KL Gangster 2,No,,300000,1:55,200000
KM 31: Kilómetro 31,No,,300000,1:45,200000
Koshien: Japan’s Field of Dreams // 甲子園: フィールド・オブ・ドリームス,Yes,,300000,1:34,200000
Kutsal Damacana 4,No,,300000,1:36,200000
Labyu With An Accent,Yes,,300000,2:00,200000
Laddaland // ลัดดาแลนด์,No,,300000,1:52,200000
Lamb (2021) // Dýrið,No,,300000,1:46,200000
Le Brio,No,,300000,1:35,200000
Leberkäsjunkie,No,,300000,1:33,200000
Legasi: Bomba the Movie,No,,300000,1:38,200000
Let Me Eat Your Pancreas // 君の膵臓をたべたい,No,,300000,1:55,200000
Liar Liar (1997),No,,300000,1:27,200000
Liar × Liar // ライアー×ライアー,No,,300000,1:57,200000
Life Is Beautiful // La vita è bella,No,,300000,1:59,200000
Lilim,No,,300000,1:49,200000
Little Forest // 리틀 포레스트,No,,300000,1:44,200000
Little Man (2006),No,,300000,1:38,200000
Live Action movie『KOWLOON Generic Romance』 // 実写映画『九龍ジェネリックロマンス』,No,,300000,1:58,200000
Living (2022),No,,300000,1:42,200000
Living in Two Worlds // ぼくが生きてる、ふたつの世界,No,,300000,1:45,200000
Lords of Scam // Les Rois de l’arnaque,Yes,2021-11-03,300000,1:46,200000
Lost // Sesat: Yang Sudah Pergi Jangan Dipanggil Lagi,No,,300000,1:30,200000
Loucas pra Casar,No,,300000,1:46,200000
Love of My Loves // Amor de mis amores,No,,300000,1:35,200000
Love or Money (2021),Yes,,300000,1:56,200000
"Love, Sex and 30 Candles",Yes,2023-08-18,300000,1:46,200000
Luccas e Gi em: Dinossauros,No,,300000,1:28,200000
Lumberjack the Monster // 怪物の木こり,Yes,,300000,1:59,200000
"L’amore, in Teoria",No,,300000,1:42,200000
M3GAN,No,,300000,1:42,200000
Maide'nin Altın Günü,No,,300000,1:45,200000
Mamasapano: Now It Can Be Told,No,,300000,1:43,200000
Marni: The Story of Wewe Gombel,No,,300000,2:00,200000
Matando Cabos,No,,300000,1:39,200000
Maybe Baby // Bytte bytte baby,Yes,,300000,1:45,200000
McQueen (2018),No,,300000,1:51,200000
Meet the Barbarians // Les Barbares,No,,300000,1:43,200000
Meet the Blacks,No,,300000,1:34,200000
Merry Liddle Christmas,No,,300000,1:27,200000
Meu Passado Me Condena: O Filme (2013),No,,300000,1:42,200000
Mia (2023),No,,300000,1:49,200000
Military Wives,No,,300000,1:53,200000
Mimic,No,,300000,1:46,200000
Miracle: Letters to the President // 기적,No,,300000,1:57,200000
Missing // ミッシング,Yes,,300000,1:59,200000
Mobile Suit Gundam Thunderbolt: Bandit Flower // 機動戦士ガンダム サンダーボルト BANDIT FLOWER,No,,300000,1:30,200000
Mobile Suit Gundam: Char's Counterattack // 機動戦士ガンダム 逆襲のシャア,No,,300000,2:00,200000
Mononoke The Movie: The Phantom in the Rain // 劇場版 モノノ怪 唐傘,Yes,2024-11-28,300000,1:30,200000
Monty Python's The Meaning of Life,No,,300000,1:47,200000
Mortal World // Ölümlü Dünya,No,,300000,1:47,200000
Mother Cutie // Ang Cute Ng Ina Mo!,No,,300000,1:43,200000
Mothering Sunday,No,,300000,1:44,200000
Mumbai Mafia: Police vs The Underworld,Yes,2023-01-06,300000,1:28,200000
Murders at the House of Death // 屍人荘の殺人,No,,300000,2:00,200000
Must Be... Love,No,,300000,1:46,200000
My Girl (Remastered in 4K) // แฟนฉัน (Remastered in 4K),No,,300000,1:55,200000
My Girl 2,No,,300000,1:39,200000
"My Tomorrow, Your Yesterday // ぼくは明日、昨日のきみとデートする",No,,300000,1:50,200000
Mädchen Mädchen! (2001),No,,300000,1:26,200000
Naruto Shippuden: The Movie: The Lost Tower // 劇場版 NARUTO-ナルト-疾風伝 ザ・ロストタワー,No,,300000,1:25,200000
Naruto Shippûden the Movie: Bonds // 劇場版 NARUTO -ナルト- 疾風伝 絆,No,,300000,1:33,200000
Naruto Shippûden the Movie: The Will of Fire // 劇場版 NARUTO -ナルト- 疾風伝 火の意志を継ぐ者,No,,300000,1:36,200000
Naruto the Movie: Ninja Clash in the Land of Snow // 劇場版 NARUTO -ナルト- 大活劇! 雪姫忍法帖だってばよ!!,No,,300000,1:23,200000
Nemesis // 映画 ネメシス 黄金螺旋の謎,No,,300000,1:39,200000
Night Creatures // Nachtvlinders,No,,300000,1:42,200000
Night of the Undead // 죽지않는 인간들의 밤,No,,300000,1:47,200000
Nights in Rodanthe,No,,300000,1:37,200000
Nine Queens // Nueve Reinas,No,,300000,1:56,200000
No Ritmo da Fé,No,,300000,1:32,200000
Nothing is Impossible (2022),No,,300000,1:46,200000
Oasis // オアシス,No,,300000,1:33,200000
Official Secrets,No,,300000,1:52,200000
Oflu Hoca 4,No,,300000,1:34,200000
Oh Mom! // НУ МАМ!,No,,300000,1:30,200000
On the Basis of Sex,No,,300000,2:00,200000
One Ranger,No,,300000,1:36,200000
One Week Friends // 一週間フレンズ。,No,,300000,2:00,200000
Operation Varsity Blues: The College Admissions Scandal,Yes,2021-03-17,300000,1:40,200000
Our Holiday Story,No,,300000,1:25,200000
Out of my league // Sul più bello,No,2021-08-18,300000,1:32,200000
Pacific Heights,No,,300000,1:42,200000
Pagpag: Nine Lives // Pagpag: Siyam na buhay,No,,300000,1:46,200000
Pale Rider,No,,300000,1:56,200000
Pamali,No,,300000,1:39,200000
Panji Tengkorak,Yes,,300000,1:34,200000
Pantaskah Aku Berhijab,No,,300000,1:54,200000
Paranormal Activity 3,No,,300000,1:25,200000
Paranormal Activity: The Ghost Dimension,No,,300000,1:29,200000
Paranormal Activity: The Marked Ones,No,,300000,1:25,200000
Partiu América,No,,300000,1:41,200000
Passing,Yes,2021-11-10,300000,1:40,200000
Pasutri Gaje,Yes,,300000,1:49,200000
Patch Adams,No,,300000,1:55,200000
Payback (1999),No,,300000,1:41,200000
Pearl (2022),No,,300000,1:43,200000
Pee Nak // พี่นาค,No,,300000,1:49,200000
Pee Nak 2 // พี่นาค 2,No,,300000,1:54,200000
Pee Nak 3 // พี่นาค 3,No,,300000,1:51,200000
Perfect Strangers // Perfetti sconosciuti,No,,300000,1:36,200000
Perfect World // パーフェクトワールド 君といる奇跡,No,,300000,1:43,200000
Pig (2021),No,,300000,1:31,200000
Poison Sangga: The Homewrecker's Curse // Racun Sangga: Santet Pemisah Rumah Tangga,No,,300000,1:58,200000
Posthouse,No,,300000,1:34,200000
Predestination,No,,300000,1:38,200000
Pride and Prejudice and Zombies,No,,300000,1:48,200000
Primbon,Yes,,300000,1:28,200000
Pure Love // Cinta Dalam Ikhlas,No,,300000,1:49,200000
Que horas ela volta?,No,,300000,1:52,200000
Radin !,No,,300000,1:30,200000
Rebel Royals: An Unlikely Love Story,Yes,2025-09-16,300000,1:41,200000
Recep Ivedik 3,No,,300000,1:33,200000
Recep İvedik 2,No,,300000,1:50,200000
Remembering Gene Wilder,No,,300000,1:33,200000
Resident Evil: Apocalypse,No,,300000,1:34,200000
Resident Evil: Extinction,No,,300000,1:34,200000
Ride Along (2014),No,,300000,1:39,200000
Ride Along 2,No,,300000,1:42,200000
Rifle Club,Yes,,300000,1:52,200000
Righteous Kill,No,,300000,1:41,200000
Romantiche,No,,300000,1:48,200000
Rumspringa - An Amish in Berlin // Rumspringa - Ein Amish in Berlin,Yes,2022-04-29,300000,1:42,200000
Sajini Shinde Ka Viral Video // सजनी शिंदे का वायरल वीडियो,Yes,,300000,1:54,200000
Saturday Night Fever,No,,300000,1:59,200000
Save the Last Dance 2,No,,300000,1:32,200000
Sayap-Sayap Patah 2: Olivia,No,,300000,1:54,200000
Sea of Love (1989),No,,300000,1:53,200000
See You Yesterday,Yes,2019-05-17,300000,1:27,200000
Selfless (2015),No,,300000,1:57,200000
Seventeen // Diecisiete,Yes,2019-10-18,300000,1:40,200000
"Sex, Party & Lies // Mentiras y gordas",No,,300000,1:44,200000
Shabab Albomb // شباب البُومْب,No,,300000,1:43,200000
Shimmer Lake,Yes,2017-06-09,300000,1:27,200000
Shin Jigen! Crayon Shin-chan the Movie // しん次元! クレヨンしんちゃんTHE MOVIE 超能力大決戦 ～とべとべ手巻き寿司～,No,,300000,1:34,200000
Shooting Stars (2023),No,,300000,1:56,200000
Shutter // ชัตเตอร์ กดติดวิญญาณ,No,,300000,1:36,200000
Siksa Neraka,Yes,,300000,1:37,200000
Silent House,No,,300000,1:26,200000
Sin and Evil // 罪と悪,No,,300000,1:56,200000
Sissi // Sissi: Part 1,No,,300000,1:41,200000
Skins // Pieles,No,,300000,1:18,200000
Skiptrace,No,2016-11-16,300000,1:47,200000
Small Engine Repair (2021),No,,300000,1:42,200000
Small Time Crooks,No,,300000,1:34,200000
So Much Love to Give // Corazón loco,No,2020-09-09,300000,1:48,200000
Some Other Woman (2023),No,,300000,1:26,200000
"Sonora, The Devil’s Highway // Sonora",No,,300000,1:34,200000
Sosyal Climbers,Yes,2025-02-27,300000,1:44,200000
SPEC: Heaven // 劇場版 SPEC〜天〜,No,,300000,2:00,200000
Starship Troopers 3: Marauder,No,,300000,1:45,200000
Stigmatized Properties // 事故物件 恐い間取り,No,,300000,1:52,200000
Sugar // 슈가,No,,300000,1:46,200000
Sugar Daddy // شوجر دادي,No,,300000,1:43,200000
Superfly (2018),No,,300000,1:56,200000
Switched Up // Caras Vemos,No,,300000,1:43,200000
System Crasher // Systemsprenger,No,2020-02-19,300000,2:00,200000
T2 Trainspotting,No,,300000,1:57,200000
Tabayyun,No,,300000,1:52,200000
"Tad, The Lost Explorer and the Emerald Tablet // Tadeo Jones 3. La tabla esmeralda",No,,300000,1:30,200000
Tainted Soul // Kalian Pantas Mati,No,,300000,1:46,200000
Take It Easy // Sami Swoi. Nie Ma Mocnych,No,,300000,1:31,200000
Take Me Home Tonight,No,,300000,1:38,200000
Take Your Pills: Xanax,Yes,2022-11-30,300000,1:19,200000
Taken (2008),No,,300000,1:30,200000
Tallulah,Yes,2016-07-29,300000,1:52,200000
Tammy (2014),No,,300000,1:36,200000
The 3rd Eye // Mata Batin,No,2018-09-27,300000,1:48,200000
The 3rd Eye 2 // Mata Batin 2,No,2019-06-13,300000,1:56,200000
The Adventures of Tintin (2011),No,,300000,1:47,200000
The Anderssons in Greece // Sune i Grekland,No,,300000,1:31,200000
The Ant Bully,No,,300000,1:29,200000
The Anthrax Attacks,Yes,2022-09-08,300000,1:35,200000
The Autopsy of Jane Doe,No,,300000,1:26,200000
The Best Summer of My Life // El mejor verano de mi vida,No,,300000,1:31,200000
The BFG,No,,300000,1:57,200000
The Bob & Bobby Movie: On the Trail of the Carrot Eater // Bob a Bobek ve filmu: Na stopě Mrkvojeda,No,,300000,1:21,200000
The Bridge Curse // 女鬼橋 // 女鬼桥,No,,300000,1:28,200000
The Bridge Curse: Ritual // 女鬼橋2: 怨鬼樓 // 女鬼桥 2：怨鬼楼,Yes,,300000,1:41,200000
The Brothers (2001),No,,300000,1:42,200000
The Cable Guy,No,,300000,1:36,200000
The Chase // 반드시 잡는다,No,,300000,1:50,200000
The Circle,No,2017-06-30,300000,1:49,200000
The Contractor (2022),No,,300000,1:43,200000
The Craft: Legacy,No,,300000,1:34,200000
The Critic (2024),No,,300000,1:41,200000
The Crooked Man (2016),No,,300000,1:28,200000
The Crow (1994),No,,300000,1:42,200000
The Day of the Lord // Menéndez: El día del Señor,Yes,2020-10-30,300000,1:33,200000
The Deceased // Almarhum,No,,300000,1:43,200000
The Devil's Bride // Pengantin Setan,No,,300000,1:31,200000
The Doomsday Cult of Antares de la Luz // Antares de la Luz: La secta del fin del mundo,Yes,2024-04-25,300000,1:41,200000
The Dressmaker (2015),No,,300000,1:58,200000
The Final: Attack on Wembley,Yes,2024-05-08,300000,1:22,200000
The Four of Us // Du Sie Er & Wir,Yes,2021-10-15,300000,1:29,200000
The Goya Murders // El asesino de los caprichos,No,,300000,1:40,200000
The Grace Card,No,,300000,1:42,200000
The Great Vazquez // El Gran Vázquez,No,,300000,1:40,200000
The Haunted Hotel // Panggonan Wingit,Yes,,300000,1:50,200000
The Heartbreak Agency // Die Liebeskümmerer,Yes,2024-02-14,300000,1:36,200000
The Holiday Calendar,Yes,2018-11-02,300000,1:35,200000
The Ides of March,No,,300000,1:41,200000
The Kingdom (2007),No,,300000,1:50,200000
The Last Boy Scout,No,,300000,1:45,200000
The Last Days (1998),Yes,,300000,1:27,200000
The Last Paradiso // L'ultimo Paradiso,Yes,2021-02-05,300000,1:47,200000
The Last Whale Singer,No,,300000,1:31,200000
The Lighthouse of the Orcas // El faro de las orcas,No,2017-04-06,300000,1:50,200000
The Long Kiss Goodnight,No,,300000,2:00,200000
The Long Road to War,No,,300000,1:57,200000
The Love Guru,No,,300000,1:27,200000
The Marsh King's Daughter,No,,300000,1:44,200000
The Mermaid // 美人魚 // 美人鱼,No,,300000,1:34,200000
The Most Hated Woman in America,Yes,2017-03-24,300000,1:33,200000
The New Boy,No,,300000,1:56,200000
The New Guy (2002),No,,300000,1:29,200000
The Others (2001) // Los otros,No,,300000,1:45,200000
The Outrun,No,,300000,1:58,200000
The Paperboy (2012),No,,300000,1:47,200000
The Perfect Crime // Crimen ferpecto,No,,300000,1:38,200000
The Perfect Weapon (1991),No,,300000,1:25,200000
The Photographer: Murder in Pinamar // El fotógrafo y el cartero: El crimen de Cabezas,Yes,2022-05-19,300000,1:46,200000
The Players // Gli Infedeli,No,2020-07-15,300000,1:29,200000
The Prince & Me,No,,300000,1:51,200000
The Purge: Election Year,No,,300000,1:49,200000
The Roundup: No Way Out // 범죄도시3,No,,300000,1:45,200000
The Roundup: Punishment // 범죄도시4,No,,300000,1:49,200000
The Rover (2014),No,,300000,1:43,200000
The Shallows // 鯊灘 // 鲨滩,No,,300000,1:14,200000
The Sisterhood of the Traveling Pants 2,No,,300000,2:00,200000
The Snow Sister // Snøsøsteren,Yes,2024-11-29,300000,1:38,200000
The Solitary Gourmet // 劇映画 孤独のグルメ,No,,300000,1:50,200000
The Stand-In,No,2020-12-16,300000,1:42,200000
The Stringer: The Man Who Took The Photo,No,2025-11-28,300000,1:44,200000
The Teacher Who Promised the Sea // El maestro que prometió el mar,No,,300000,1:45,200000
The Three Deaths of Marisela Escobedo // Las tres muertes de Marisela Escobedo,Yes,2020-10-14,300000,1:50,200000
The Three Exclamation Marks // Die drei !!!,No,,300000,1:38,200000
The Trapped 13: How We Survived The Thai Cave // 13 หมูป่า: เรื่องเล่าจากในถ้ำ,Yes,2022-10-05,300000,1:43,200000
The Trip 4 - The Family goes to Miami // El paseo 4 - La familia va a Miami,No,,300000,1:35,200000
The Unbreakable Boy,No,,300000,1:49,200000
The Violence Action // バイオレンスアクション,Yes,2022-11-18,300000,1:51,200000
The Wave // Die Welle,No,,300000,1:42,200000
The Women and the Murderer // Les femmes et l'assassin ,Yes,2021-09-09,300000,1:32,200000
The Wonder Weeks // Oei Ik Groei,Yes,2023-06-09,300000,1:31,200000
The Wonderful Story of Henry Sugar and Three More,Yes,2024-03-15,300000,1:28,200000
The Wrecking Crew (2008),No,,300000,1:42,200000
The Wrong Track // På villspor,Yes,2025-02-27,300000,1:34,200000
Thi Mai // Thi Mai: rumbo a Vietnam,Yes,,300000,1:39,200000
Thirteen Ghosts,No,,300000,1:31,200000
Three Too Many // Tre di troppo,No,,300000,1:48,200000
Through the Fire // Sauver ou périr,No,,300000,1:57,200000
Timecop (1994),No,,300000,1:34,200000
Tony Robbins: I Am Not Your Guru,Yes,2016-07-15,300000,1:57,200000
"Topsy Turvy, or Hotch- Potch II // Galimatias, Czyli Kogel-Mogel II",No,,300000,1:33,200000
Traitor (2008),No,,300000,1:54,200000
Transporter 3,No,,300000,1:44,200000
Traumfrauen,No,,300000,1:49,200000
Triple Threat,No,2019-03-22,300000,1:36,200000
Trust No One: The Hunt for the Crypto King,Yes,2022-03-30,300000,1:31,200000
Tutta colpa del rock,No,,300000,1:39,200000
UFO,No,2022-02-23,300000,1:50,200000
"Umjolo: My Beginning, My End!",Yes,2025-01-03,300000,1:14,200000
Unbreakable: The Jelena Dokic Story,No,,300000,1:45,200000
Uncorked,Yes,2020-03-27,300000,1:44,200000
Under the Amalfi Sun // Sotto il sole di Amalfi,Yes,2022-07-13,300000,1:36,200000
Under the Riccione Sun // Sotto il sole di Riccione,Yes,2020-07-01,300000,1:42,200000
Under the Shadow (2016),Yes,,300000,1:24,200000
Under the Stars // Under Stjernerne På Himlen,No,,300000,1:46,200000
Underworld: Rise of the Lycans,No,,300000,1:32,200000
Ungli // उंगली,Yes,,300000,1:54,200000
Uninvited (2025),Yes,,300000,1:34,200000
Unknown Origins // Orígenes secretos,Yes,2020-08-28,300000,1:37,200000
Unstoppable // 성난황소,No,,300000,1:56,200000
Untold: Hall of Shame,Yes,2023-08-15,300000,1:18,200000
Untold: Operation Flagrant Foul,Yes,2022-08-30,300000,1:17,200000
Up in the Air (2009),No,,300000,1:50,200000
Vera Drake,No,,300000,2:00,200000
Very Ordinary Couple // 연애의 온도,No,,300000,1:52,200000
Vicky and Her Mystery // Mystère,No,2021-12-24,300000,1:24,200000
Vorstadtkrokodile 3,No,,300000,1:20,200000
"Watch Out, We're Mad // Altrimenti ci arrabbiamo",No,2022-08-24,300000,1:30,200000
Way To Find The Best Life // 最高の人生の見つけ方,No,,300000,1:55,200000
We Don’t Know Love Yet. // 恋を知らない僕たちは,No,,300000,1:52,200000
We Live in Time,No,,300000,1:47,200000
We're So Young // Somos Tão Jovens,No,,300000,1:44,200000
What a Girl Wants,No,,300000,1:45,200000
What Men Want,No,,300000,1:57,200000
What We Wanted // Was wir wollten,Yes,2020-11-11,300000,1:33,200000
When Angels Sleep // Cuando los ángeles duermen,Yes,2018-12-28,300000,1:36,200000
Wild Child (2008),No,,300000,1:38,200000
Will & Harper,Yes,2024-09-27,300000,1:54,200000
Willkommen bei den Hartmanns,No,,300000,1:56,200000
Win a Date with Tad Hamilton!,No,,300000,1:36,200000
With Open Arms // À bras ouverts,No,,300000,1:32,200000
Witness (1985),No,,300000,1:52,200000
Wolf Children // おおかみこどもの雨と雪,No,,300000,1:57,200000
Women on the Edge // No me rompan,No,2023-12-01,300000,1:35,200000
You Call It Passion // 열정같은소리하고있네,No,,300000,1:47,200000
You Can Live Forever,No,,300000,1:37,200000
Young Sherlock Holmes,No,,300000,1:49,200000
Your Lucky Day,No,,300000,1:29,200000
¡Vaya vacaciones!,No,,300000,1:27,200000
Ìjọ̀gbọ̀n,Yes,2023-10-13,300000,1:56,200000
Černák,No,,300000,1:49,200000
괴담만찬,No,,300000,1:58,200000
11:11: What Did You See? // 11:11: Apa Yang Kau Lihat?,No,,200000,1:18,200000
6 Years,Yes,,200000,1:20,200000
Altered Carbon: Resleeved // オルタード・カーボン: リスリーブド,Yes,2020-03-19,200000,1:15,200000
American Girl: Corinne Tan,No,,200000,1:01,200000
Anpanman: Adventure of Happie // 映画 それいけ! アンパンマン ハピーの大冒険,No,,200000,0:51,200000
Anpanman: Dokeen’s Exciting Calendar // 映画 それいけ! アンパンマン ドキンちゃんのドキドキカレンダー,No,,200000,0:53,200000
Anpanman: Dororin and the Transformation Carnival // 映画 それいけ! アンパンマン ドロリンとバケ～るカーニバル,No,,200000,1:02,200000
"Anpanman: Purun, The Soap Bubble // 映画 それいけ! アンパンマン シャボン玉のプルン",No,,200000,0:51,200000
Anpanman: Return of Baikinman // 映画 それいけ! アンパンマン ばいきんまんの逆襲,No,,200000,1:10,200000
Anpanman: Slime Machine and the Twin Stars // 映画 それいけ! アンパンマン だだんだんとふたごの星,No,,200000,0:51,200000
Anpanman: The Secret of Fairy Rin-Rin // 映画 それいけ! アンパンマン 妖精リンリンのひみつ,No,,200000,0:52,200000
Asih,No,,200000,1:17,200000
Bangsal Isolasi,No,,200000,1:16,200000
Breaking Boundaries: The Science Of Our Planet,Yes,2021-06-04,200000,1:14,200000
"Butt Detective the Movie Farewell, My Lovely Partner, Butt Detective // 映画おしりたんてい さらば愛しき相棒(おしり)よ",No,,200000,1:12,200000
Butt Detective the Movie Star and Moon // 映画おしりたんてい スター・アンド・ムーン,No,,200000,1:17,200000
Checkered Ninja // Ternet Ninja,No,,200000,1:19,200000
Flower Girl (2025),No,,200000,1:14,200000
Goedam: Collection // 도시괴담: 컬렉션,Yes,,200000,1:15,200000
Hope Frozen: A Quest to Live Twice // ความหวังแช่แข็ง: ขอเกิดอีกครั้ง,Yes,2020-09-15,200000,1:20,200000
Horrid Henry's Gross Day Out,No,2020-09-17,200000,1:01,200000
I am Me ~ OL Yoko's Late Night Overtime // わたしはわたし〜OL葉子の深夜残業〜,No,,200000,1:17,200000
Linda de Morrer,No,,200000,1:20,200000
Look Back // ルックバック,No,,200000,0:57,200000
Louis Theroux: A Different Brain,No,,200000,0:59,200000
Maje,No,,200000,1:07,200000
"Manhunt: The Liar, the Thief, the Conman",No,,200000,1:06,200000
Me contro Te - Il film: Persi nel tempo,No,,200000,1:09,200000
Mobile Suit Gundam: Iron-Blooded Orphans - Urdr-Hunt: Trail of the Little Challenger // 特別編集版『機動戦士ガンダム 鉄血のオルフェンズ ウルズハント -小さな挑戦者の軌跡-』,No,,200000,1:18,200000
"Mon Laferte, te amo",Yes,2024-08-01,200000,1:19,200000
Mononoke The Movie: Chapter II - The Ashes of Rage // 劇場版モノノ怪 第二章 火鼠,Yes,2025-08-14,200000,1:15,200000
Munetaka Murakami Documentary: MUNE – Let’s Get to Work // 村上宗隆ドキュメンタリー MUNE -Let's get to work-,No,,200000,1:16,200000
Murderer // 살인자,No,,200000,1:16,200000
Ocean Waves // 海がきこえる,No,,200000,1:12,200000
Open Marriage // オープン・マリッジ ある夫婦のカタチ,No,,200000,1:16,200000
"Pororo, Dinosaur Island Adventure // 뽀로로 극장판 공룡섬 대모험",No,,200000,1:19,200000
"Pororo, Treasure Island Adventure // 뽀로로 극장판 보물섬 대모험",No,,200000,1:19,200000
Pororo: Underwater Adventure // 뽀로로 극장판 바닷속 대모험,No,,200000,1:12,200000
Pui Pui Molcar the Movie: MOLMAX // PUI PUI モルカー ザ・ムービー MOLMAX,No,,200000,1:08,200000
Reborn // 空心人,No,,200000,1:20,200000
"Same Time, Next Christmas",No,,200000,1:18,200000
Shiva Baby,No,,200000,1:17,200000
Singsot,No,,200000,1:15,200000
Super Drunk // Super Bourrés,No,,200000,1:20,200000
The Masked Scammer // Le Masque,Yes,2022-12-01,200000,1:19,200000
The Quiet Yakuza～chapter～III～ // 静かなるドン 第3章,No,,200000,1:17,200000
The Quiet Yakuza～chapter～II～ // 静かなるドン 第2章,No,,200000,1:03,200000
The Quiet Yakuza～chapter～IⅤ～ // 静かなるドン 第4章,No,,200000,1:16,200000
The Real Fatal Attraction,No,,200000,0:55,200000
The Second Diary of Paulina P. // Drugi dnevnik Pauline P.,No,,200000,1:19,200000
Umjolo: There is No Cure,Yes,2025-02-14,200000,1:19,200000
Under a Bamboo Sky,No,,200000,1:17,200000
Untold: Breaking Point,Yes,2021-09-07,200000,1:20,200000
Untold: Hope Solo vs. U.S. Soccer,Yes,2024-09-03,200000,1:14,200000
Untold: Jake Paul the Problem Child,Yes,2023-08-01,200000,1:12,200000
With Mother: Henteko Sekai Karano Dashutsu // 映画 おかあさんといっしょ ヘンテコ世界からの脱出!,No,,200000,1:07,200000
Zim Zim Ala Kazim,No,,200000,1:18,200000
Anpanman: Anpanman and Funny Friends // 映画 それいけ! アンパンマン アンパンマンとおかしな仲間,No,,100000,0:25,200000
Anpanman: Anpanman and Humorous Friends // 映画 それいけ! アンパンマン アンパンマンとゆかいな仲間たち,No,,100000,0:32,200000
Anpanman: Happy Birthday! // 映画 それいけ! アンパンマン アンパンマンとハッピーおたんじょう日,No,,100000,0:30,200000
Avicii - My Last Show,No,2024-12-31,100000,0:30,200000
Camp Confidential: America's Secret Nazis,Yes,2021-11-02,100000,0:36,200000
Elf Pets: A Fox Cub’s Christmas Tale,No,,100000,0:28,200000
Elf Pets: Santa’s St. Bernards Save Christmas,No,,100000,0:27,200000
Extremis,Yes,2016-09-13,100000,0:25,200000
Hora do Blec - Primeiros Passos,No,,100000,0:30,200000
Let's Go! Pororo Rangers: Season 1,No,,100000,0:29,200000
"Lorena, Light-Footed Woman // Lorena, la de pies ligeros",Yes,2019-11-20,100000,0:28,200000
Pororo and the Monster Amusement Park: Season 1 // 뽀로로와 몬스터 놀이공원: 시즌 1,No,,100000,0:34,200000
The Only Girl in the Orchestra,Yes,2024-12-04,100000,0:36,200000
The Quilters,Yes,2025-05-16,100000,0:34,200000
Toe-Tapping Tunes // 꽃놀이 간다,No,,100000,0:28,200000
Nihontouitsu Series: Film Series // 日本統一シリーズ: 映画シリーズ,No,,9300000,80:21,100000
Seiji Oda: Film Series // 織田同志会 織田征仁: 映画シリーズ,No,,1100000,13:01,100000
30 for 30: Celtics/Lakers: The Best of Enemies: Season 1,No,,500000,4:15,100000
Chandni // चांदनी,Yes,,400000,2:59,100000
Dil Se // दिल से,No,,400000,2:46,100000
Jaadugar // जादूगर,Yes,2022-07-15,400000,2:47,100000
Kannum Kannum Kollaiyadithaal,No,,400000,2:40,100000
Leo (Telugu) (2023),No,,400000,2:41,100000
10 Days of a Bad Man // Kötü Adamın 10 Günü,Yes,2023-08-18,300000,2:04,100000
10 Days of a Good Man // İyi Adamın 10 Günü,Yes,2023-03-03,300000,2:04,100000
4 Kings (2021),No,,300000,2:19,100000
8MM,No,,300000,2:03,100000
A Silent Voice // 聲の形,No,,300000,2:10,100000
Aadujeevitham: The Goat Life,No,,300000,2:51,100000
Aay (2024),Yes,,300000,2:20,100000
About Dry Grasses // Kuru Otlar Üstüne,No,,300000,3:18,100000
Ada Omo Daddy,No,,300000,2:03,100000
Adios Amigo (2024),Yes,,300000,2:36,100000
Aki and Paw Paw,No,,300000,2:13,100000
Always (1989),No,,300000,2:02,100000
An Action Hero // ऐक्शन हीरो,No,,300000,2:08,100000
An Inconvenient Love,Yes,,300000,2:03,100000
Anek // अनेक,No,,300000,2:26,100000
Annaatthe,No,,300000,2:41,100000
Annaatthe (Hindi),No,,300000,2:41,100000
Annie (1982),No,,300000,2:07,100000
Asoka // अशोका,No,,300000,2:48,100000
BAD LANDS // BAD LANDS バッド・ランズ,Yes,,300000,2:24,100000
Barcelona: A Love Untold,No,,300000,2:12,100000
Bayside Shakedown 2 // 踊る大捜査線 The Movie 2 レインボーブリッジを封鎖せよ!,No,,300000,2:18,100000
Bharat // भारत,Yes,,300000,2:34,100000
Bill Russell: Legend,Yes,2023-02-08,300000,3:20,100000
Blue Is the Warmest Color // La Vie d'Adèle : Chapitres 1 et 2,No,,300000,3:00,100000
Boomika (Hindi),No,,300000,2:02,100000
Chamatkar // चमत्कार,No,,300000,2:44,100000
Chocolat (2000),No,,300000,2:02,100000
Chronicle of a Blood Merchant // 허삼관,No,,300000,2:04,100000
Cici,Yes,2022-10-27,300000,2:32,100000
Conjuring Kannappan,Yes,,300000,2:20,100000
Constantine (2005),No,,300000,2:01,100000
Contact (1997),No,,300000,2:30,100000
Crows Explode // クローズEXPLODE,No,,300000,2:10,100000
Dasara,No,,300000,2:33,100000
Death Note II: The Last Name // DEATH NOTE デスノート The Last Name,No,,300000,2:20,100000
Die Rettung der uns bekannten Welt,No,,300000,2:16,100000
DSP,No,,300000,2:24,100000
DSP (Hindi),No,,300000,2:24,100000
Etharkkum Thunindhavan,No,,300000,2:29,100000
F3: Fun and Frustration,No,,300000,2:22,100000
Fan // फ़ैन,Yes,,300000,2:18,100000
Fantastic Beasts: The Crimes of Grindelwald,No,,300000,2:14,100000
Forensic,No,,300000,2:12,100000
Gandeevadhari Arjuna,Yes,,300000,2:15,100000
Gold (2016),No,,300000,2:01,100000
Gori Tere Pyaar Mein // गोरी तेरे प्यार में,Yes,,300000,2:24,100000
Gun City // La sombra de la ley,Yes,2018-10-31,300000,2:06,100000
Hakkenden: Fiction and Reality // 八犬伝,No,,300000,2:30,100000
Hero (2007),No,,300000,2:10,100000
Honeymoon (2022),No,,300000,2:12,100000
Hunt // 헌트,No,,300000,2:05,100000
I Saw the Devil // 악마를 보았다,No,,300000,2:24,100000
Icarus,Yes,2017-08-04,300000,2:01,100000
Inside Men: The Original // 내부자들: 디 오리지널,No,,300000,3:00,100000
Iraivan,Yes,,300000,2:14,100000
Iraivan (Hindi),No,,300000,2:14,100000
It Takes a Man and a Woman,No,,300000,2:07,100000
Jagun Jagun,Yes,2023-08-10,300000,2:15,100000
Jai Ho // जय हो,Yes,,300000,2:15,100000
Jawan: Tamil Extended Cut // जवान: तमिल एक्सटेंडेड कट,Yes,,300000,2:51,100000
Kaala Patthar // काला पत्थर,Yes,,300000,2:51,100000
Kaapa,No,,300000,2:14,100000
Kabhi Kabhie // कभी कभी,Yes,,300000,2:52,100000
Kaiji: The Ultimate Gambler // カイジ 人生逆転ゲーム,No,,300000,2:10,100000
Kapoor & Sons // कपूर एंड संस,Yes,,300000,2:18,100000
Kumari,No,,300000,2:17,100000
Kurup (Hindi),No,,300000,2:35,100000
Kushi (2023),No,,300000,2:36,100000
Lesson in Murder // 死刑にいたる病,No,,300000,2:09,100000
Lost Illusions // Illusions perdues,No,,300000,2:30,100000
Love 911 // 반창꼬,No,,300000,2:01,100000
Love Destiny The Movie // บุพเพสันนิวาส ๒,Yes,,300000,2:45,100000
Magnolia (1999),No,,300000,3:09,100000
Major (Telugu) (2022),No,,300000,2:25,100000
Malbatt: Misi Bakara,Yes,,300000,2:11,100000
Mathu Vadalara 2,Yes,,300000,2:19,100000
Meu Nome Não É Johnny,No,,300000,2:05,100000
Miss India,No,,300000,2:16,100000
Mr. & Mrs. Mahi // मिस्टर ऐंड मिसेज़ माही,No,,300000,2:18,100000
Museum // ミュージアム,No,,300000,2:12,100000
Mute,Yes,2018-02-23,300000,2:07,100000
Mystic River,No,,300000,2:18,100000
Nameless Gangster: Rules of the Time // 범죄와의 전쟁: 나쁜놈들 전성시대,No,,300000,2:14,100000
Navarasa: Limited Series,Yes,2021-08-06,300000,5:12,100000
Orange // orange-オレンジ-,No,,300000,2:19,100000
Our Little Sister // 海街diary,No,,300000,2:07,100000
Pale Moon // 紙の月,No,,300000,2:07,100000
Parallel Mothers // Madres paralelas,No,2022-02-18,300000,2:02,100000
Phir Bhi Dil Hai Hindustani // फिर भी दिल है हिंदुस्तानी,No,,300000,2:39,100000
Po prostu przyjaźń,No,,300000,2:08,100000
Polis Evo,No,,300000,2:03,100000
Pyaar Impossible // प्यार इम्पॉसिबल,Yes,,300000,2:20,100000
Pyaar Ka Punchnama,No,,300000,2:29,100000
Ramabanam (2023),Yes,,300000,2:19,100000
Ranga Ranga Vaibhavanga,No,,300000,2:20,100000
Ransom (1996),No,,300000,2:01,100000
RDX,Yes,,300000,2:30,100000
Rebound // 리바운드,No,,300000,2:02,100000
Reunion 1.0 // Klassentreffen 1.0,No,,300000,2:07,100000
Salaar (English),No,,300000,2:54,100000
Seven Pounds,No,,300000,2:03,100000
Shaandaar // शानदार,Yes,,300000,2:23,100000
She Said,No,,300000,2:09,100000
Silence (2016),No,,300000,2:41,100000
Sink or Swim // Le Grand Bain,No,,300000,2:02,100000
Snowpiercer (2013),No,,300000,2:06,100000
Sound of Freedom,No,,300000,2:11,100000
Star Trek Into Darkness,No,,300000,2:13,100000
Stealing Raden Saleh // Mencuri Raden Saleh,Yes,,300000,2:32,100000
Stronger Than the World // Mais Forte que o Mundo - A História de José Aldo,No,,300000,2:05,100000
Sukhee // सुखी,Yes,,300000,2:18,100000
Swallow,Yes,2021-10-01,300000,2:09,100000
Tara VS. Bilal // तारा वर्सेस बिलाल,No,,300000,2:06,100000
That Kind of Love,Yes,,300000,2:17,100000
The Concubine // 후궁：제왕의 첩,No,,300000,2:02,100000
The Confidence Man JP - Episode of Princess - // コンフィデンスマンJP プリンセス編,No,,300000,2:04,100000
The Experts (2024),No,,300000,2:04,100000
The Fatal Encounter // 역린,No,,300000,2:16,100000
The Fate of the Furious,No,,300000,2:16,100000
The Ghost (2022),No,,300000,2:14,100000
The Hateful Eight: Extended Version,No,,300000,3:33,100000
"The Mall, The Merrier!",No,,300000,2:03,100000
The Parades // パレード,Yes,2024-02-29,300000,2:13,100000
"The Pig, the Snake and the Pigeon // 周處除三害 // 周处除三害",Yes,,300000,2:14,100000
The Scythian Lamb // 羊の木,No,,300000,2:06,100000
The Treacherous // 간신,No,,300000,2:11,100000
The Walk (2015),No,,300000,2:03,100000
The Water Flows to the Sea // 水は海に向かって流れる,No,,300000,2:03,100000
The Yellow Sea // 황해,No,,300000,2:37,100000
Thibaan The Series // ไทบ้านเดอะซีรีส์,No,,300000,2:07,100000
Thibaan The Series 2.1 // ไทบ้านเดอะซีรีส์ 2.1,No,,300000,2:04,100000
Thibaan The Series 2.2 // ไทบ้านเดอะซีรีส์ 2.2,No,,300000,2:05,100000
Thunivu,Yes,,300000,2:23,100000
True Crime (1999),No,,300000,2:07,100000
Upstream // 逆行人生,No,,300000,2:01,100000
V for Vendetta,No,,300000,2:12,100000
Villain // 悪人,No,,300000,2:20,100000
Virupaksha,No,,300000,2:22,100000
War 2 (Telugu),No,,300000,2:53,100000
Waves // Vlny,No,,300000,2:12,100000
YOLO // 熱辣滾燙 // 热辣滚烫,No,,300000,2:10,100000
Ágora,No,,300000,2:02,100000
#Selfie 69,Yes,,200000,1:59,100000
(Ab)normal Desire // 正欲,No,,200000,2:14,100000
(Un)lucky Sisters // Las hermanas fantásticas,Yes,2024-08-30,200000,1:23,100000
10 Days of a Curious Man // Meraklı Adamın 10 Günü,Yes,2024-11-07,200000,1:50,100000
13TH,Yes,2016-10-07,200000,1:41,100000
18 Pages,No,,200000,2:18,100000
1939 (1989),No,,200000,3:07,100000
1992 (2022),No,,200000,1:37,100000
2 Weeks in Lagos,Yes,,200000,1:47,100000
20th Century Women,No,,200000,1:58,100000
212 Warrior // Wiro Sableng: Pendekar Kapak Maut Naga Geni 212,No,,200000,2:04,100000
3 Palavrinhas: Hora de Brincar,No,,200000,1:29,100000
30 for 30: Bad Boys,No,,200000,1:42,100000
30 for 30: This Magic Moment,No,,200000,1:41,100000
3096 Days,No,,200000,1:45,100000
37 Seconds // 37セカンズ,Yes,2020-01-31,200000,1:56,100000
4L // 4 latas,No,2019-07-12,200000,1:45,100000
4PM // 오후 네시,No,,200000,1:51,100000
7 and 8 // Il 7 E l’8,No,,200000,1:30,100000
7 Hours to Win Your Heart // 7 Ore per Farti Innamorare,No,,200000,1:34,100000
A Bag of Marbles // Un sac de billes,No,,200000,1:52,100000
A Bolt from the Blue // 青天の霹靂,No,,200000,1:36,100000
A Chinese Odyssey (Part I) // 齊天大聖東遊記：西遊記之月光寶盒 // 大话西游之月光宝盒,No,,200000,1:28,100000
A Civil Action,No,,200000,1:55,100000
"A Cut Above // Barba, Cabelo e Bigode",Yes,2022-07-28,200000,1:31,100000
A Dangerous Practice // Predestinado,No,,200000,1:49,100000
A Different Man,No,,200000,1:53,100000
A Flight Diverted // Ponte Aérea,No,,200000,1:48,100000
A Hard Day (2021),No,,200000,1:57,100000
A Journal for Jordan,No,,200000,2:11,100000
A Journey,Yes,2024-04-12,200000,1:56,100000
A Lot Like Christmas,No,,200000,1:26,100000
A Man Apart,No,,200000,1:50,100000
A Man of Reason // 보호자,No,,200000,1:38,100000
A Melody to Remember // 오빠생각,No,,200000,2:04,100000
A Naija Christmas,Yes,2021-12-16,200000,2:02,100000
A Nightmare on Elm Street (2010),No,,200000,1:35,100000
A Not So Merry Christmas // Reviviendo la Navidad,Yes,2022-12-20,200000,1:41,100000
A Place Called Silence // 默殺 // 默杀,No,,200000,2:00,100000
A Second Chance // El segundo aire,No,,200000,1:40,100000
A Second Chance (2015),No,,200000,2:10,100000
A Secret Love,Yes,2020-04-29,200000,1:23,100000
A Sun // 陽光普照 // 阳光普照,Yes,2020-01-24,200000,2:36,100000
A Very Vintage Christmas,No,,200000,1:28,100000
A Vineyard Christmas,No,,200000,1:30,100000
A Violent Prosecutor // 검사외전,No,,200000,2:06,100000
A Wonderful Girl // Sur la branche,No,,200000,1:31,100000
A.X.L.,No,2018-10-26,200000,1:39,100000
Aadikeshava,Yes,,200000,2:07,100000
Aadujeevitham: The Goat Life (Hindi),No,,200000,2:51,100000
ABBA: Against the Odds,No,,200000,1:30,100000
About Last Night (2014),No,,200000,1:40,100000
About Schmidt,No,,200000,2:05,100000
Abraço de Mãe,No,,200000,1:31,100000
Absolute Power (1997),No,,200000,2:01,100000
Abu Nassab // ابو نسب,No,,200000,1:50,100000
Adventureland,No,,200000,1:47,100000
Aftersun,No,,200000,1:41,100000
Afwaah // अफ़वाह,No,,200000,2:02,100000
Against All Odds (1984),No,,200000,2:01,100000
Agneepath // अग्निपथ,Yes,,200000,2:54,100000
Air Force One,No,,200000,2:05,100000
Air Force The Movie: Danger Close // Air Force The Movie: Selagi Bernyawa,No,,200000,1:43,100000
Airplane Mode // Modalità Aereo,No,,200000,1:40,100000
Airplane!,No,,200000,1:28,100000
"Alfie, the Little Werewolf // Dolfje Weerwolfje",No,,200000,1:35,100000
Ali Baba and the Seven Dwarfs // Ali Baba ve 7 Cüceler,No,,200000,1:55,100000
Ali Topan,Yes,,200000,1:55,100000
Alice no Mundo da Internet,No,,200000,1:27,100000
Alimañas,No,,200000,1:21,100000
Alive and Safe 3: Dead or Alive // Sağ Salim 3: Ölü ya da Diri,No,,200000,1:43,100000
Alkhallat+ // الخلّاط+,Yes,2023-01-19,200000,1:57,100000
America: The Motion Picture,Yes,2021-06-30,200000,1:38,100000
Among Friends // Entre amis,No,,200000,1:24,100000
"And Yet, You Are So Sweet // なのに、千輝くんが甘すぎる。",No,,200000,1:39,100000
Animal Factory,No,,200000,1:31,100000
Another Round // Druk,No,,200000,1:56,100000
Ante Sundaraniki (Tamil),No,,200000,2:54,100000
Apaixonada,No,,200000,1:36,100000
Apocalypse in the Tropics // Apocalipse nos Trópicos,Yes,2025-07-14,200000,1:50,100000
Approaching the Unknown,No,,200000,1:31,100000
Arif V 216,No,,200000,2:06,100000
Arisaka,No,,200000,1:36,100000
Armour of God 2: Operation Condor // 飛鷹計劃 // 飞鹰计划,No,,200000,1:47,100000
Around the World in 80 Days (2004),No,,200000,2:00,100000
Art of the Devil II // ลองของ,No,,200000,1:42,100000
Ascharyachakit! // आश्चर्यचकित,No,,200000,1:30,100000
Ashfall // 백두산,No,,200000,2:08,100000
Asteroid City,No,,200000,1:45,100000
Asu Mare 2,No,,200000,1:40,100000
Asura: The City of Madness // 아수라,No,,200000,2:13,100000
Audrey (2020),No,,200000,1:41,100000
August Rush,No,,200000,1:54,100000
Avellaneda's Moon // Luna De Avellaneda,No,,200000,2:19,100000
Ayalvaashi,No,,200000,1:44,100000
Ayla (2017),No,,200000,2:04,100000
Baahubali 2: The Conclusion (Malayalam Version),No,,200000,2:46,100000
Baahubali: The Beginning (Spanish Version) // La leyenda de Baahubali: El inicio (versión en español),No,,200000,2:18,100000
Babah,Yes,,200000,2:10,100000
Babel (2006),No,,200000,2:23,100000
Baby Boom czyli Kogel Mogel 5,No,,200000,1:27,100000
Baby Geniuses,No,,200000,1:35,100000
Back to School // La Grande Classe,Yes,2019-08-30,200000,1:24,100000
Bad Boy (2020),No,,200000,1:50,100000
Bad Genius // ฉลาดเกมส์โกง,No,,200000,2:10,100000
Badass Girl // 나쁜계집애: 달려라 하니,No,,200000,1:31,100000
Bahebak // بحبك,No,,200000,1:40,100000
Bajo Terapia,No,,200000,1:33,100000
Banger,Yes,2025-04-02,200000,1:32,100000
Bangkok Traffic (Love) Story // รถไฟฟ้ามาหานะเธอ,No,,200000,2:06,100000
Bank of Dave 2: The Loan Ranger,No,2025-01-09,200000,1:44,100000
Barbra: The Music ... The Mem'ries ... The Magic!,No,2017-11-22,200000,1:49,100000
Barda,No,,200000,1:39,100000
"Basic Sanitation: The Movie // Saneamento Básico, O Filme",No,,200000,1:52,100000
Batman Returns,No,,200000,2:06,100000
Battle: Freestyle,Yes,2022-04-01,200000,1:29,100000
Bayside Shakedown // 踊る大捜査線 The Movie 湾岸署史上最悪の3日間!,No,,200000,1:59,100000
Bayside Shakedown 3: Set the Guys Loose // 踊る大捜査線 The Movie 3 ヤツらを解放せよ!,No,,200000,2:22,100000
Bayside Shakedown 4: The Final // 踊る大捜査線 THE FINAL 新たなる希望,No,,200000,2:07,100000
BEAUTY,Yes,2022-06-29,200000,1:36,100000
Before I Fall,No,2017-07-07,200000,1:39,100000
Belle // 竜とそばかすの姫,No,,200000,2:01,100000
Bewitched (2005),No,,200000,1:42,100000
Bhola Shankar (Hindi),No,,200000,2:36,100000
Bibi Blocksberg (2002),No,,200000,1:42,100000
Big Boys Don't Cry,No,,200000,1:30,100000
Big Brother Fadil 2 // Abang Long Fadil 2,No,,200000,1:36,100000
Big Deal // Kochaj albo Rzuć,No,,200000,1:57,100000
Big Shark // Wielki Szu,No,,200000,1:37,100000
Bikers Kental 2,No,,200000,1:33,100000
Birth/Rebirth,No,,200000,1:40,100000
Black Rose // Chiếm đoạt,Yes,,200000,1:52,100000
Black Sheep // Oveja Negra,No,,200000,1:25,100000
Bleeding Tiger: Conflict Begins // Harimau Merah: Konflik Bermula,No,,200000,1:26,100000
Bleeding Tiger: Internal Affairs // Harimau Merah: Intrik Dalaman,No,,200000,1:27,100000
Blessed You // Mohon Doa Restu,No,,200000,1:45,100000
Bliss (1997),No,,200000,1:43,100000
BLUE GIANT,No,,200000,1:59,100000
Blue Mountain State: The Rise of Thadland,No,,200000,1:30,100000
"Bob Ross: Happy Accidents, Betrayal & Greed",Yes,2021-08-25,200000,1:33,100000
Bogeyman // البعبع,Yes,,200000,1:42,100000
Boo 2! A Madea Halloween,No,,200000,1:41,100000
Booksmart,No,2019-05-23,200000,1:43,100000
Breach (2020),No,,200000,1:33,100000
Breaded Life,No,,200000,2:01,100000
Bro (Hindi) (2023),No,,200000,2:12,100000
"Broken Idol: The Undoing of Diomedes Díaz // Diomedes: el ídolo, el misterio y la tragedia",Yes,2022-03-30,200000,1:42,100000
Bros (2022),No,,200000,1:55,100000
Bu Tejo Sowan Jakarta,No,,200000,1:34,100000
Bulan & Pria Terhebat,No,,200000,1:52,100000
Busco novio para mi mujer,No,,200000,1:32,100000
Butta Bomma,No,,200000,1:53,100000
BuyBust,Yes,,200000,2:08,100000
Buzz House 2,No,,200000,1:24,100000
C'est tout pour moi,No,,200000,1:44,100000
Califano,No,,200000,1:48,100000
Cambio tutto!,No,,200000,1:34,100000
Canary Black,No,,200000,1:43,100000
Carrie (2013),No,,200000,1:40,100000
Carriers,No,,200000,1:25,100000
Cats (2019),No,,200000,1:50,100000
Cell 211 // Celda 211,No,,200000,1:48,100000
Central Station // Central do Brasil,No,,200000,1:49,100000
Chandigarh Kare Aashiqui,No,,200000,1:55,100000
Change of Plans // Code a changé (Le),No,,200000,1:40,100000
Changing Lanes (2002),No,,200000,1:39,100000
Charlie's Angels: Full Throttle,No,,200000,1:46,100000
Checkered Ninja 2 // Ternet Ninja 2,No,,200000,1:23,100000
Cherry Magic! Thirty Years of Virginity Can Make You a Wizard ?! The Movie // チェリまほ THE MOVIE ～30歳まで童貞だと魔法使いになれるらしい～,No,,200000,1:44,100000
Chief Daddy,Yes,,200000,1:38,100000
Children of the Corn,No,,200000,1:32,100000
Chokehold // Boğa Boğa,Yes,2023-04-21,200000,1:54,100000
Christian Mingle,No,,200000,1:40,100000
Christmas at the Drive-In,No,,200000,1:28,100000
Christmas Break-In,No,,200000,1:27,100000
Christmas Casanova,No,,200000,1:30,100000
Christmas Under the Lights,No,,200000,1:25,100000
Christmas With Ramon // Crăciun cu Ramon,No,,200000,1:42,100000
Chungking Express // 重慶森林,No,,200000,1:43,100000
Clarita,No,,200000,1:26,100000
Clown of the Dead // Badoet,No,,200000,1:26,100000
Cocktail Ever Live Concert // ค็อกเทล เอเวอร์ ไลฟ์ คอนเสิร์ต,No,,200000,3:46,100000
Cold Fish // 冷たい熱帯魚,No,,200000,2:26,100000
Collectors // 도굴,No,,200000,1:55,100000
Colosio: El asesinato,No,,200000,1:42,100000
Come tu mi vuoi,No,,200000,1:47,100000
Comic 8,No,,200000,1:40,100000
Coming Soon to Theaters // Pek Yakında,No,,200000,2:14,100000
Commission // 커미션,No,,200000,1:53,100000
Como si fuera la primera vez,No,,200000,1:49,100000
Contra,No,,200000,1:39,100000
Corpopat // Корпорат,No,,200000,1:33,100000
Coven of Sisters // Akelarre,No,2021-03-11,200000,1:31,100000
Crayon Shin-chan the Movie: The Secret Treasure of Buri Buri Kingdom // 映画クレヨンしんちゃん ブリブリ王国の秘宝,No,,200000,1:34,100000
Crayon Shin-chan the Movie: Unkokusai's Ambition // 映画クレヨンしんちゃん 雲黒斎の野望,No,,200000,1:36,100000
Cyber Hell: Exposing an Internet Horror // 사이버 지옥: n번방을 무너뜨려라,Yes,2022-05-18,200000,1:46,100000
D'Ninang,No,,200000,1:45,100000
Daag // दाग,Yes,,200000,2:26,100000
Dampfnudelblues,No,,200000,1:28,100000
Dancing on Glass // Las niñas de cristal,Yes,2022-04-08,200000,2:19,100000
Dark Game,No,,200000,1:41,100000
Das Boot: Theatrical Cut,No,,200000,2:29,100000
Dasara (Hindi),No,,200000,2:33,100000
De Pernas Pro Ar,No,,200000,1:38,100000
De Pernas Pro Ar 2,No,,200000,1:39,100000
Dear God,No,,200000,1:52,100000
Dear John (2010),No,,200000,1:48,100000
Dear Nathan,No,,200000,1:39,100000
Death Becomes Her,No,,200000,1:44,100000
Decision to Leave // 헤어질 결심,No,,200000,2:18,100000
Deep Blue Sea,No,,200000,1:45,100000
Deliver Us from Evil // 다만 악에서 구하소서,No,,200000,1:48,100000
Den of Lions,No,,200000,1:43,100000
Der Buchspazierer,No,,200000,1:38,100000
Der Nanny,No,,200000,1:50,100000
Desert of Namibia // ナミビアの砂漠,No,,200000,2:17,100000
"Detective Conan: Love Story at Police Headquarters, Wedding Eve. // 特別編集版 名探偵コナン 本庁の刑事恋物語～結婚前夜～",No,,200000,1:39,100000
Detroit Metal City // デトロイト・メタル・シティ,No,,200000,1:43,100000
DEVO,Yes,2025-08-19,200000,1:34,100000
Dhamaka // धमाका,Yes,2021-11-19,200000,1:45,100000
Dhamaka (2022),No,,200000,2:16,100000
Diana: The Woman Inside,No,,200000,1:30,100000
Dieses bescheuerte Herz,No,,200000,1:42,100000
Dinner for Schmucks,No,,200000,1:55,100000
Dirty Money // 더러운 돈에 손대지 마라,No,,200000,1:40,100000
"Disco, Ibiza, Locomía",No,2024-09-06,200000,1:44,100000
Do Not Disturb,Yes,2023-09-29,200000,1:55,100000
Do the Mæth // Na Plech,No,,200000,1:42,100000
Do Unto Others // ロストケア,No,,200000,1:54,100000
Do You Know Claudia? // Tu la conosci Claudia?,No,,200000,1:34,100000
Do You See What I See,Yes,,200000,1:49,100000
Doce Família,No,,200000,1:30,100000
Doctor (Telugu) (2021),No,,200000,2:30,100000
"Dolly Kitty Aur Woh Chamakte Sitare // डॉली, किटी और वो चमकते सितारे",No,2020-09-18,200000,2:00,100000
Dolores Claiborne,No,,200000,2:12,100000
Don't Leave // Kal,Yes,2022-11-11,200000,1:48,100000
Don't Lose Your Head! // 身代わり忠臣蔵,No,,200000,2:00,100000
Donnie Darko,No,,200000,1:53,100000
Dope (2015),No,,200000,1:43,100000
Doraemon the Movie: New Record of Nobita’s Spaceblazer // 映画ドラえもん 新・のび太の宇宙開拓史,No,,200000,1:42,100000
Doraemon the Movie: Nobita and The Giant's Legend of Green Planet // 映画ドラえもん のび太と緑の巨人伝,No,,200000,1:52,100000
Doraemon the Movie: Nobita and the Island of Miracles - Animal Adventure // 映画ドラえもん のび太と奇跡の島 アニマルアドベンチャー,No,,200000,1:40,100000
Doraemon the Movie: Nobita’s Dinosaur 2006 // 映画ドラえもん のび太の恐竜2006,No,,200000,1:47,100000
Doubles Match // 乒乓男孩,No,,200000,1:48,100000
Down to Earth (2001),No,,200000,1:27,100000
Dr. Coto's Clinic 2022 // Dr.コトー診療所,No,,200000,2:14,100000
Dragonkeeper,No,,200000,1:38,100000
Dream Eater,No,,200000,1:30,100000
Drive (2011),No,,200000,1:40,100000
Dry Martina,Yes,2019-05-10,200000,1:40,100000
Duck Butter,Yes,,200000,1:34,100000
Dumped // Larguées,No,,200000,1:35,100000
Duplicate // डुप्लीकेट,Yes,,200000,2:45,100000
Duse,No,,200000,2:05,100000
E.T. the Extra-Terrestrial,No,,200000,1:54,100000
Ek Ladki Ko Dekha Toh Aisa Laga // एक लड़की को देखा तो ऐसा लगा,No,,200000,2:00,100000
El Niño (2014),No,,200000,2:11,100000
"El Potro: Unstoppable // El Potro, lo mejor del amor",No,2019-01-04,200000,2:02,100000
Eldorado: Everything the Nazis Hate,Yes,2023-06-28,200000,1:33,100000
Election (1999),No,,200000,1:43,100000
Elf,No,,200000,1:37,100000
EMILIA PÉREZ,No,2024-11-13,200000,2:12,100000
Empire of Lust // 순수의 시대,No,,200000,1:53,100000
End of Watch,No,,200000,1:49,100000
Englemageren,No,,200000,1:34,100000
Entourage (2015),No,,200000,1:44,100000
Esaaf // إسعاف,No,,200000,2:05,100000
Escape from Pretoria,No,,200000,1:46,100000
Escape Plan: The Extractors,No,,200000,1:33,100000
Escort in Love // Nessuno mi può giudicare,No,,200000,1:33,100000
Etharkkum Thunindhavan (Hindi),No,,200000,2:29,100000
Evil Dead,No,,200000,1:31,100000
Evil Dead Rise,No,,200000,1:37,100000
Executive Decision,No,,200000,2:13,100000
Fabricated City // 조작된 도시,No,,200000,2:07,100000
Falling In Love Like In Movies // Jatuh Cinta Seperti di Film-Film,Yes,,200000,1:57,100000
Fanfic // Fanfik,Yes,2023-05-17,200000,1:36,100000
Fantasy Football Ruined Our Lives // Ogni maledetto Fantacalcio,Yes,2025-08-27,200000,1:39,100000
Fantozzi,No,,200000,1:41,100000
Fantozzi 2 // Il Secondo Tragico Fantozzi,No,,200000,1:49,100000
Faraaz // फ़राज़,No,,200000,1:52,100000
Fatal Attraction (1987),No,,200000,1:59,100000
Fatal Intuition // 그놈이다,No,,200000,1:49,100000
Father // Otec,No,,200000,1:39,100000
Father Christmas Is Back,No,2021-11-07,200000,1:46,100000
Fences,No,,200000,2:20,100000
FENGSHUI // 명당,No,,200000,2:06,100000
Fever Dream // Distancia de rescate,Yes,2021-10-13,200000,1:34,100000
Fiamma // 逆火,No,,200000,1:48,100000
Fight Back to School // 逃學威龍 // 逃学威龙,No,,200000,1:41,100000
Fight Back to School II // 逃學威龍 2 // 逃学威龙 2,No,,200000,1:38,100000
First Knight,No,,200000,2:14,100000
First Reformed,No,,200000,1:53,100000
Fist Fight,No,,200000,1:31,100000
Fit in with the App // Sesuai Aplikasi,No,,200000,1:29,100000
Flirting Scholar // 唐伯虎點秋香 // 唐伯虎点秋香,No,,200000,1:42,100000
Flow // Straume,No,,200000,1:25,100000
Flushed Away,No,,200000,1:25,100000
For Jojo // Für Jojo,Yes,2022-07-11,200000,1:37,100000
Forbidden Dream // 천문: 하늘에 묻는다,No,,200000,2:13,100000
Forever (2023),Yes,,200000,1:43,100000
Fortune Salon // 청담보살,No,,200000,1:59,100000
Foxfire (1996),No,,200000,1:42,100000
Freaky Tales,No,,200000,1:48,100000
Free Fire,No,,200000,1:31,100000
Free Willy 2: The Adventure Home,No,,200000,1:38,100000
Freedomland,No,,200000,1:53,100000
Friend: The Great Legacy // 친구 2,No,,200000,2:01,100000
Friends: Naki on the Monster Island // friends もののけ島のナキ,No,,200000,1:28,100000
From Churchyard to Countryhood // U Pana Boga w Królowym Moście,No,,200000,2:12,100000
Fruitcake,Yes,,200000,1:37,100000
Fucking Berlin,No,,200000,1:36,100000
Fugitive: The Curious Case of Carlos Ghosn,Yes,2022-10-26,200000,1:35,100000
Full Metal Jacket,No,,200000,1:57,100000
GANTZ:O,No,,200000,1:36,100000
Geniş Aile 4 - Cevahir & Ulvi,No,,200000,1:34,100000
Georgia Rule,No,,200000,1:52,100000
Ghost in the Shell // Ghost in the Shell/攻殻機動隊,No,,200000,1:23,100000
Ghost Lab // Ghost Lab ฉีกกฎทดลองผี,Yes,2021-05-26,200000,1:58,100000
Gintama: The Movie: The Final Chapter: Be Forever Yorozuya // 劇場版 銀魂 完結篇 万事屋よ永遠なれ,No,,200000,1:50,100000
Gintama: The Very Final // 銀魂 THE FINAL,No,,200000,1:44,100000
Gladbeck: The Hostage Crisis // Gladbeck: Das Geiseldrama,Yes,2022-06-08,200000,1:32,100000
God of Gamblers II // 賭俠 // 赌侠,No,,200000,1:45,100000
God of Gamblers III: Back to Shanghai // 賭俠 II 之上海灘賭聖 // 赌侠 2：上海滩赌圣,No,,200000,1:56,100000
Gods of Egypt,No,,200000,2:07,100000
Godspeed // Yolun Açık Olsun,Yes,2022-05-23,200000,1:59,100000
GODZILLA The Planet Eater // GODZILLA 星を喰う者,Yes,2019-01-08,200000,1:31,100000
Gohan // ごはん,No,,200000,1:47,100000
GokudoNo Tsumatachi Neo // 極道の妻たち Neo,No,,200000,1:31,100000
Goliath (2022),No,,200000,2:02,100000
Gone (2011),No,,200000,1:34,100000
Gone Running // Futni mentem,No,,200000,1:44,100000
Gonzaga - De Pai pra Filho // Gonzaga - De Pai para Filho,No,,200000,2:10,100000
Good Sam,Yes,2019-05-16,200000,1:30,100000
Gotti (2018),No,,200000,1:50,100000
Granny Nanny // Enkel für Anfänger,No,,200000,1:45,100000
Green Night // 녹야,No,,200000,1:32,100000
Guglhupfgeschwader,No,,200000,1:34,100000
Guilty Pleasure,Yes,,200000,1:59,100000
Gunung Kawi,No,,200000,1:35,100000
Hackers (1995),No,,200000,1:45,100000
Haikyu!! Movie 3: Genius and Sense // 劇場版総集編 青葉城西高校戦『ハイキュー!! 才能とセンス』,No,,200000,1:30,100000
Hail the Judge // 九品芝麻官（白面包青天） // 九品芝麻官,No,,200000,1:47,100000
Halloween: H2O,No,,200000,1:26,100000
Halloween: Resurrection,No,,200000,1:30,100000
Hands of Stone,No,,200000,1:51,100000
Handsome: A Netflix Mystery Movie,Yes,2017-05-05,200000,1:21,100000
Hangout,No,,200000,1:41,100000
Harbin // 하얼빈,No,,200000,1:54,100000
Have a Good Trip: Adventures in Psychedelics,No,2020-05-11,200000,1:26,100000
Have You Ever Seen Fireflies? // Sen Hiç Ateş Böceği Gördün mü?,Yes,2021-04-09,200000,1:54,100000
He Never Died,Yes,,200000,1:37,100000
He Went That Way,No,,200000,1:36,100000
Heartsong // Gönül,Yes,2022-08-10,200000,1:36,100000
Heartstrings // Le Cœur En Braille,No,,200000,1:29,100000
Heaven's Seven // 7 ประจัญบาน,No,,200000,1:47,100000
Hello Stranger // กวน มึน โฮ,No,,200000,2:02,100000
Helter Skelter // ヘルタースケルター,No,,200000,2:07,100000
Her Love Boils Bathwater // 湯を沸かすほどの熱い愛,No,,200000,2:06,100000
Her Şeyi̇n Başi Merkür,No,,200000,1:46,100000
Hereditary,No,,200000,2:08,100000
Hero (2015),No,,200000,2:00,100000
Hey Sinamika,No,,200000,2:28,100000
Higuita: The Way of the Scorpion // Higuita: El camino del Escorpión,Yes,2023-11-02,200000,1:40,100000
Hit Me Anyone One More Time! // 記憶にございません!,No,,200000,2:07,100000
Hit the Bank // Vabank,No,,200000,1:45,100000
Hitman: Agent Jun // 히트맨,No,,200000,1:50,100000
Hold Me Close (2024),No,,200000,1:38,100000
Holiday Rush,Yes,2019-11-28,200000,1:34,100000
HollyBlood,No,2022-09-07,200000,1:28,100000
Hollywoo,No,,200000,1:47,100000
Hollywood Homicide,No,,200000,1:56,100000
Holy Night: Demon Hunters // 거룩한 밤: 데몬 헌터스,No,,200000,1:32,100000
Honest Candidate // 정직한 후보,No,,200000,1:45,100000
Hospital // 杏林醫院 // 杏林医院,Yes,,200000,1:30,100000
Hostage: Missing Celebrity // 인질,No,,200000,1:34,100000
Hotel Sakura,No,,200000,1:40,100000
How to Break Up With Your Loser // Cómo cortar a tu patán,No,,200000,1:38,100000
How To Get Dad Into Reform School // Jak Dostat Tatí​nka Do Polepš​ovny​,No,,200000,1:31,100000
Howling Village // 犬鳴村,No,,200000,1:48,100000
Hugo (2011),No,,200000,2:06,100000
Hui Buh - das Schlossgespenst,No,,200000,1:38,100000
Hurdle // 허들,No,,200000,1:42,100000
Hustler vs Scammer // Siêu lừa gặp siêu lầy,No,,200000,1:52,100000
Hustlers,No,2020-07-03,200000,1:50,100000
Hutang Nyawa,No,,200000,1:40,100000
I Believe in Santa,Yes,2022-12-14,200000,1:31,100000
I Don't Know Whether to Slit My Wrists or Leave Them Long // No sé si cortarme las venas o dejármelas largas,No,,200000,1:43,100000
I Hate Mondays // Nie Lubię Poniedziałku,No,,200000,1:39,100000
I Heard the Bells,No,,200000,1:51,100000
I Know When You Dead: Suicide Village // Aku Tahu Kapan Kamu Mati: Desa Bunuh Diri,No,,200000,1:45,100000
I Saw the TV Glow,No,,200000,1:41,100000
I Smile Back,No,,200000,1:26,100000
I Spy (2002),No,,200000,1:37,100000
I Want You // Tengo ganas de ti,No,,200000,1:59,100000
"I'm Drunk, I Love You",No,,200000,1:50,100000
I'm Still Here // Ainda Estou Aqui,No,,200000,2:17,100000
"If Allah Wrote It, Let It Break It // Allah Yazdıysa Bozsun",No,,200000,1:46,100000
If I Were You 2 // Se eu fosse você 2,No,,200000,1:38,100000
Il Mammone,No,,200000,1:33,100000
In Between (2025),No,,200000,1:59,100000
In Broad Daylight: The Narvarte Case // A plena luz: El caso Narvarte,No,2022-12-08,200000,1:49,100000
In the Line of Fire (1993),No,,200000,2:09,100000
In the Realm of the Senses // 愛のコリーダ,No,,200000,1:48,100000
Indoo Ki Jawani // इंदू की जवानी,No,,200000,1:55,100000
Infernal Affairs // 無間道 // 无间道,No,,200000,1:41,100000
Infinity Pool,No,,200000,1:58,100000
Inkabi,No,,200000,1:42,100000
Inkheart,No,,200000,1:46,100000
Innocence // 결백,No,,200000,1:51,100000
Innocent Curse // こどもつかい,No,,200000,1:51,100000
Inside Job (2010),No,,200000,1:49,100000
Instant Daddy,No,,200000,1:53,100000
Interview with the Vampire (1994),No,,200000,2:02,100000
Intimate Strangers // 완벽한 타인,No,,200000,1:56,100000
Into the Deep (2022),No,,200000,1:31,100000
Invincible Swordsman // 笑傲江湖,No,,200000,1:59,100000
Isla bonita (2024),No,,200000,1:32,100000
It's the Law // L'ora legale,No,,200000,1:28,100000
Izla,Yes,,200000,1:25,100000
Jack Ryan: Shadow Recruit,No,,200000,1:47,100000
Jai Mummy Di // जय मम्मी दी,No,,200000,1:42,100000
Jan Dara: The Finale // จันดารา ปัจฉิมบท,No,,200000,2:19,100000
Jana Gana Mana (2022),No,,200000,2:41,100000
Jane Austen Wrecked My Life,No,,200000,1:38,100000
Janji Darah,Yes,,200000,1:44,100000
Jawan: Telugu Extended Cut // जवान: तेलुगु एक्सटेंडेड कट,Yes,,200000,2:51,100000
Jeanne du Barry,No,,200000,1:57,100000
Jesteś Bogiem,No,,200000,1:59,100000
JGA: Jasmin. Gina. Anna.,No,,200000,1:59,100000
Jhoom Barabar Jhoom // झूम बराबर झूम,Yes,,200000,2:11,100000
"Jim & Andy: The Great Beyond - Featuring a Very Special, Contractually Obligated Mention of Tony Clifton",Yes,2017-11-17,200000,1:34,100000
Joy for Christmas,No,,200000,1:25,100000
Juanpis González: The People's President // Juanpis González: El presidente de la gente,No,2024-06-28,200000,1:32,100000
Juf Braaksel en de Magische Ring,No,,200000,1:37,100000
Juniors (2023),No,,200000,1:36,100000
Jupiter Ascending,No,,200000,2:08,100000
Just the 3 of Us,No,,200000,2:01,100000
Just The Way You Are (2016),No,,200000,1:47,100000
Kaal // काल,Yes,,200000,2:06,100000
Kabhi Haan Kabhi Naa // कभी हाँ कभी ना,No,,200000,2:31,100000
Kabul Express // काबुल एक्सप्रेस,Yes,,200000,1:44,100000
Kaiji 2: Life Recovery Game // カイジ2～人生奪回ゲーム～,No,,200000,2:14,100000
Kaiji: Final Game // カイジ ファイナルゲーム,No,,200000,2:08,100000
Kaiserschmarrndrama,No,,200000,1:32,100000
Kalagathalaivan,No,,200000,2:19,100000
Kally's Mashup: Un Cumpleaños Muy Kally,No,,200000,1:39,100000
Kambili: The Whole 30 Yards,Yes,,200000,1:59,100000
Kandasamys: The Baby,Yes,2023-10-20,200000,1:33,100000
Kannai Nambathe // Kannai Nambathey,No,,200000,2:08,100000
Kapan Pindah Rumah,No,,200000,1:22,100000
Kasargold,Yes,,200000,2:17,100000
Keith Richards: Under the Influence,Yes,2015-09-18,200000,1:22,100000
Ketenpere,No,,200000,1:44,100000
Ketika Berhenti di Sini,Yes,,200000,1:43,100000
Kho Gaye Hum Kahan // खो गए हम कहां,Yes,2023-12-26,200000,2:15,100000
Khun Pan 2 // ขุนพันธ์ 2,No,,200000,2:06,100000
Kidnap for Romance,No,,200000,1:55,100000
Killers (2010),No,,200000,1:40,100000
King of Boys,Yes,,200000,3:02,100000
King of Thieves // Agesinkole 1,No,,200000,1:47,100000
King Richard,No,,200000,2:25,100000
Kingsglaive: Final Fantasy XV,No,,200000,1:56,100000
KL Gangster,No,,200000,1:21,100000
Kleks Academy 2 // Kleks i wynalazek Filipa Golarza,No,,200000,1:57,100000
Knowing,No,,200000,2:01,100000
Kolpaçino 3. Devre,No,,200000,1:33,100000
Kolpaçino: Bir Şehir Efsanesi,No,,200000,1:37,100000
Kultus Iblis,No,,200000,1:38,100000
Kung Fu Jungle // 一個人的武林 // 一个人的武林,No,,200000,1:40,100000
Kupu-Kupu Kertas,No,,200000,1:53,100000
Kurup (Malayalam),No,,200000,2:35,100000
Kushi (Tamil) (2023),No,,200000,2:40,100000
Kuttavum Shikshayum (2022),No,,200000,2:16,100000
Kuttey // कुत्ते,No,,200000,1:49,100000
L'abbaglio,No,,200000,2:13,100000
La Navidad en sus manos,No,,200000,1:36,100000
La paranza dei bambini,No,,200000,1:51,100000
La Pena Maxima // La pena máxima,Yes,,200000,1:29,100000
Lady Di // Leydi Di,No,,200000,1:55,100000
Lady J // Mademoiselle de Joncquières,No,2019-03-08,200000,1:50,100000
Lady Vengeance // 친절한 금자씨,No,,200000,1:55,100000
Lampor: The Flying Casket // Lampor Keranda Terbang,No,,200000,1:35,100000
Laplace's Witch // ラプラスの魔女,No,,200000,1:55,100000
Lara Ati,No,,200000,1:56,100000
Last Breath (2025),No,,200000,1:33,100000
Last Letter // ラストレター,No,,200000,2:01,100000
Last Summer // Geçen Yaz,Yes,2021-07-09,200000,1:42,100000
Late Night,No,,200000,1:42,100000
LAVI 2: Scores Again // Vyšehrad Dvje,No,,200000,1:48,100000
Le crocodile du Botswanga,No,,200000,1:25,100000
Le Lion,No,,200000,1:35,100000
Legend of The Fist : The Return of Chen Zhen // 精武风云·陈真,No,,200000,1:46,100000
Let's Dance,No,2019-12-04,200000,1:49,100000
Let's Go Karaoke! // カラオケ行こ!,No,,200000,1:48,100000
Lewis Capaldi: How I'm Feeling Now,Yes,2023-04-05,200000,1:37,100000
Leyla Everlasting // 9 Kere Leyla,Yes,2020-12-04,200000,1:53,100000
Liar Game: The Final Stage,No,,200000,2:14,100000
Life in a ... Metro // लाइफ़ इन ए... मेट्रो,No,,200000,2:06,100000
Lifemark,No,,200000,1:45,100000
Lighting Up The Stars // 人生大事,No,,200000,1:52,100000
Like a Boss (2020),No,,200000,1:24,100000
Line Walker // 使徒行者,No,,200000,1:49,100000
Lionheart,Yes,2019-01-04,200000,1:35,100000
Little Black Book,No,,200000,1:47,100000
Little Spirou // Le petit Spirou,No,,200000,1:26,100000
Living in Bondage: Breaking Free,No,,200000,2:29,100000
Lorelei: The Witch of the Pacific Ocean // ローレライ,No,,200000,2:09,100000
Loser (2000),No,,200000,1:35,100000
Losing Lerato 2,No,2024-08-02,200000,1:36,100000
Love Aaj Kal // लव आज कल 2,No,,200000,2:20,100000
Love Is Colorblind,No,,200000,1:55,100000
Love Life (2022),No,,200000,2:03,100000
Love Like Honey // Miłość Jak Miód,No,,200000,1:36,100000
Love O2O // 微微一笑很傾城 // 微微一笑很倾城,Yes,,200000,1:43,100000
Love on Delivery // 破壞之王 // 破坏之王,No,,200000,1:33,100000
Love Per Square Foot // लव पर स्क्वेयर फ़ुट,Yes,2018-02-14,200000,2:13,100000
Love Today (Telugu) (2022),No,,200000,2:33,100000
Love You to Debt // เธอ ฟอร์ แคช,No,,200000,2:15,100000
Love You to the Stars and Back,No,,200000,1:51,100000
Lovers // Amantes,No,,200000,1:39,100000
Lovesick Ellie // 恋わずらいのエリー,No,,200000,1:49,100000
Loveyatri: A Journey of Love // लवयात्री,Yes,,200000,2:12,100000
Loving Vincent,No,,200000,1:31,100000
Lower City // Cidade Baixa,No,,200000,1:38,100000
Luck My Life // 我的人生，我自摸,No,,200000,1:43,100000
Luck-Key // 럭키,No,,200000,1:53,100000
Lust in the Rain // 雨の中の慾情,No,,200000,2:13,100000
"Lust, Caution // 色，戒",No,,200000,2:38,100000
Ma cosa ci dice il cervello,No,,200000,1:43,100000
Maamannan (Tamil),Yes,,200000,2:35,100000
Mad of Madness // Angkara Murka,No,,200000,1:28,100000
Made in Bali,No,,200000,1:34,100000
Made in China // मेड इन चाइना,No,,200000,2:08,100000
Major League,No,,200000,1:46,100000
Malaal // मलाल,No,,200000,2:13,100000
Malcolm & Marie,Yes,2021-02-05,200000,1:46,100000
Mallari,Yes,,200000,2:10,100000
Malèna,No,,200000,1:32,100000
Mamá se fue de viaje,No,,200000,1:39,100000
Man in Love // 남자가 사랑할 때,No,,200000,2:00,100000
Man of the House (2005),No,,200000,1:40,100000
Manchester by the Sea,No,,200000,2:17,100000
Manhunt // マンハント,No,2018-05-04,200000,1:49,100000
Marco (2024),No,,200000,1:42,100000
Marie-Francine,No,,200000,1:36,100000
Masquerade Hotel // マスカレード・ホテル,No,,200000,2:13,100000
Masquerade Night // マスカレード・ナイト,No,,200000,2:09,100000
Mataharis,No,,200000,1:29,100000
Maverick (1994),No,,200000,2:07,100000
Mavka. True Myth // Мавка. Справжній міф,No,,200000,1:32,100000
Mayday (2020),No,,200000,1:53,100000
Meet the Malawas // Rendez-Vous Chez Les Malawas,No,,200000,1:32,100000
Memoir Seorang Guru,No,,200000,1:45,100000
Memoirs of a Murderer // 22年目の告白 -私が殺人犯です-,No,,200000,1:57,100000
Memories of Murder // 살인의 추억,No,,200000,2:11,100000
Menace II Society,No,,200000,1:37,100000
Menjelang Ajal,No,,200000,1:36,100000
Mermaids: The Secret of the Medallion // Sirenele: Secretul Medalionului,No,,200000,1:21,100000
Merry Christmas (Hindi) // मेरी क्रिसमस (हिंदी),Yes,,200000,2:24,100000
Meter,No,,200000,2:04,100000
Meu Passado Me Condena 2 // Meu Passado Me Condena 2: O Filme,No,,200000,1:45,100000
Mi Obra Maestra,No,,200000,1:45,100000
Michael Jackson's This Is It,No,,200000,1:51,100000
Midnight Runners // 청년경찰,No,,200000,1:49,100000
Midnight Swan // ミッドナイトスワン,No,,200000,2:04,100000
Midsommar,No,,200000,2:27,100000
Miki,No,,200000,1:46,100000
Millionaire // Millonario,Yes,2025-08-28,200000,1:42,100000
Mirai // 未来のミライ,No,,200000,1:39,100000
Mishan Impossible,No,,200000,2:11,100000
Miss Granny // 수상한 그녀,No,,200000,2:05,100000
Miss Shampoo // 請問，還有哪裡需要加強 // 请问，还有哪里需要加强,Yes,2023-12-28,200000,2:00,100000
Miss You Already,No,,200000,1:52,100000
Mobile Suit Gundam I // 劇場版 機動戦士ガンダム,No,,200000,2:19,100000
Mobile Suit Gundam II: Soldiers of Sorrow // 劇場版 機動戦士ガンダムII 哀・戦士編,No,,200000,2:13,100000
Mobile Suit Gundam III: Encounters in Space // 劇場版 機動戦士ガンダムIII めぐりあい宇宙編,No,,200000,2:20,100000
Moll Flanders,No,,200000,2:03,100000
Mom or Dad? // Mamma o papà?,No,,200000,1:38,100000
Mommie Dearest,No,,200000,2:09,100000
Mommy Issues,Yes,,200000,1:30,100000
Monster Run // 怪物先生,No,,200000,1:44,100000
Most Eligible Bachelor,No,,200000,2:24,100000
Mother Nanny // Inang Yaya,No,,200000,1:39,100000
Mother Teresa & Me,No,,200000,1:57,100000
Mother! (2017),No,,200000,2:02,100000
Mud (2012),No,,200000,2:11,100000
Mujhse Fraaandship Karoge // मुझसे फ़्रैंडशिप करोगे,Yes,,200000,1:44,100000
Mujigae,No,,200000,1:50,100000
Mumon: The Land of Stealth // 忍びの国,No,,200000,2:05,100000
Munafik 2,No,2019-05-01,200000,1:44,100000
Munkar,No,,200000,1:27,100000
Museo,No,,200000,2:06,100000
My Boss's Daughter,No,,200000,1:26,100000
My Ex and Whys,No,,200000,2:01,100000
My Little Pony: The Movie (2017),No,,200000,1:39,100000
My Old Lady,No,,200000,1:47,100000
My Wonderful Life // Moje wspaniałe życie,Yes,2022-02-28,200000,1:39,100000
Mystic Singer // Sinden Gaib,No,,200000,1:36,100000
Mystify: Michael Hutchence,No,,200000,1:42,100000
Nabil El Gamil Plastic Surgeon // نبيل الجميل اخصائي تجميل,Yes,,200000,1:40,100000
Naked Gun 33 1/3: The Final Insult,No,,200000,1:23,100000
Nancy Drew and the Hidden Staircase,No,,200000,1:29,100000
Naruto the Movie 2: Legend of the Stone of Gelel // 劇場版 NARUTO -ナルト- 大激突! 幻の地底遺跡だってばよ,No,,200000,1:37,100000
Naruto the Movie 3: Guardians of the Crescent Moon Kingdom // 劇場版 NARUTO -ナルト- 大興奮! みかづき島のアニマル騒動 (パニック) だってばよ,No,,200000,1:35,100000
Nelma Kodama: The Queen of Dirty Money // Doleira: A História de Nelma Kodama,Yes,2024-06-06,200000,1:35,100000
New Biz in the Hood // Jusqu’ici tout va bien,No,,200000,1:33,100000
New Interpretation Records of the Three Kingdoms // 新解釈・三國志,No,,200000,1:54,100000
Night Before the Exams // Notte prima degli esami,No,,200000,1:40,100000
Night of Hell // Malam Para Jahanam,No,,200000,1:29,100000
Nightlife (2020),No,,200000,1:55,100000
Nights and Days // Noce i Dnie,No,,200000,2:51,100000
Ninkyo Gakuen // 任侠学園,No,,200000,2:00,100000
Nitham Oru Vaanam,No,,200000,2:26,100000
No Kids // Sin hijos,No,,200000,1:41,100000
No Other Woman,No,,200000,1:43,100000
No Sleep 'Til Christmas,No,,200000,1:25,100000
No Sudden Move,No,,200000,1:55,100000
Nodame Cantabile: The Movie II // のだめカンタービレ 最終楽章 後編,No,,200000,2:03,100000
Noise // Ruido,No,2023-01-11,200000,1:46,100000
Noise // 노이즈,No,,200000,1:33,100000
Nong and Teng Sons of the Golden Mountain​ // โหน่ง เท่ง นักเลงภูเขาทอง,No,,200000,1:45,100000
Noryang: Deadly Sea // 노량: 죽음의 바다,No,,200000,2:33,100000
Nothing to Hide // Le Jeu,No,2018-11-16,200000,1:34,100000
Nothing to Lose 2 // Nada a Perder 2,Yes,,200000,1:37,100000
November // Novembre,No,,200000,1:47,100000
Ode to My Father // 국제시장,No,,200000,2:06,100000
Off Track 2 // Ute och cyklar,Yes,2025-05-23,200000,1:38,100000
Oh! Baby (2019),No,,200000,2:37,100000
Ohgon no Toki // 黄金の刻～服部金太郎物語～,No,,200000,1:35,100000
Old Cans // Džob,No,,200000,1:27,100000
Oldboy // 올드보이,No,,200000,2:00,100000
OMG! Oh My Girl // OMG! รักจังวะ..ผิดจังหวะ,Yes,,200000,2:04,100000
Omo Ghetto: the Saga,No,,200000,2:27,100000
On My Skin // Sulla mia pelle,No,2018-09-12,200000,1:40,100000
On the Go // عالماشي,No,,200000,1:37,100000
One 2 Ka 4 // वन 2 का 4,No,,200000,2:40,100000
One Day We'll Talk About Today // Nanti Kita Cerita Tentang Hari Ini,Yes,,200000,2:08,100000
One Hit Wonder,Yes,2025-08-21,200000,1:53,100000
One More Chance (2007),No,,200000,1:56,100000
One of Us,Yes,2017-10-20,200000,1:35,100000
"One Piece: Episode of Chopper: Bloom in the Winter, Miracle Sakura // ワンピース THE MOVIE エピソード オブ チョッパー プラス 冬に咲く、奇跡の桜",No,,200000,1:53,100000
One Shot (2021),No,,200000,1:36,100000
One-Line // 원라인,No,,200000,2:12,100000
Only God knows Everything // 온리 갓 노우즈 에브리띵,No,,200000,1:56,100000
Only You (1994),No,,200000,1:48,100000
Operation Hyacinth // Hiacynt,Yes,2021-10-13,200000,1:53,100000
Operation Romeo // ऑपरेशन रोमियो,No,,200000,2:12,100000
Opus,No,,200000,1:44,100000
Origin (2024),No,,200000,2:21,100000
Orphan: First Kill,No,,200000,1:38,100000
Oru Thekkan Thallu Case,No,,200000,2:31,100000
Our 30 Minute Sessions // サヨナラまでの30分,No,,200000,1:54,100000
Our Folks // Sami Swoi,No,,200000,1:21,100000
Our Lovers // Nuestros amantes,No,,200000,1:32,100000
Our Meal for Tomorrow // 僕らのごはんは明日で待ってる,No,,200000,1:49,100000
Our Secret Diary // 交換ウソ日記,No,,200000,1:50,100000
Out (2023),No,,200000,2:09,100000
Out of Order (2024),No,,200000,1:47,100000
Pagpag 24/7,No,,200000,1:45,100000
Papillon (2017),No,,200000,2:13,100000
Paprika // パプリカ,No,,200000,1:31,100000
Parallel Roads // Rumbos paralelos,No,,200000,1:31,100000
Paraíso (2013),No,,200000,1:43,100000
Parenthood (1989),No,,200000,2:04,100000
Parthenope,No,,200000,2:17,100000
Patriot Games,No,,200000,1:57,100000
Pattaya,No,,200000,1:36,100000
Peace with Life // Hayatla Barış,No,,200000,2:10,100000
Pellet // El Bola,No,,200000,1:24,100000
Peppermint (2018),No,,200000,1:42,100000
Perewangan,No,,200000,1:49,100000
Perfect Blue // PERFECT BLUE パーフェクトブルー,No,,200000,1:22,100000
Perfume: The Story of a Murderer,No,,200000,2:27,100000
Petak Umpet,No,,200000,1:32,100000
Phases of the Moon // 月の満ち欠け,No,,200000,2:09,100000
Phobia 2 // ห้าแพร่ง,No,,200000,2:05,100000
Photocopier // Penyalin Cahaya,Yes,2022-01-13,200000,2:10,100000
Pilot // 파일럿,No,,200000,1:51,100000
Pintu-Pintu Surga,Yes,,200000,1:44,100000
Pitta Kathalu,Yes,2021-02-19,200000,2:30,100000
"Playing Hard // Zabawa, zabawa",No,,200000,1:29,100000
Point of No Return // Vabank II,No,,200000,1:37,100000
Police Story 2 // 警察故事續集 // 警察故事续集,No,,200000,2:02,100000
Police Story 3 Super Cop // 警察故事 3 超級警察 // 警察故事 3：超级警察,No,,200000,1:36,100000
Polis Evo 2,No,,200000,2:05,100000
Possessed // Rasuk,Yes,,200000,1:34,100000
Power,Yes,2024-05-17,200000,1:29,100000
Praise This,No,,200000,1:51,100000
Pray Away,Yes,2021-08-03,200000,1:42,100000
Premium Rush,No,,200000,1:31,100000
Pretty Boys,No,,200000,1:40,100000
Prince of Crime // Milionari,No,,200000,1:35,100000
Private Life,Yes,2018-10-05,200000,2:04,100000
Proceder,No,,200000,2:18,100000
Project Wolf Hunting // 늑대사냥,No,,200000,1:57,100000
Proud Princess // Pyšná princezna,No,,200000,1:24,100000
Pulling Strings // Amor a primera visa,No,,200000,1:51,100000
Pulung Gantung,No,,200000,1:30,100000
Punisher: War Zone,No,,200000,1:43,100000
Pusaka (2024),No,,200000,1:30,100000
Qala // कला,Yes,2022-12-01,200000,2:00,100000
Quincy,Yes,2018-09-21,200000,2:04,100000
Raangi,No,,200000,2:01,100000
Rachel’s Game // Les Rois de la Piste,No,,200000,1:59,100000
Racionais MC's: From the Streets of São Paulo // Racionais: Das Ruas de São Paulo Pro Mundo,Yes,2022-11-16,200000,1:57,100000
Rafa Márquez: El Capitán,Yes,2024-06-06,200000,1:23,100000
Rambo III,No,,200000,1:41,100000
Rambo: First Blood Part II,No,,200000,1:36,100000
Rambut Kafan,No,,200000,1:36,100000
Rampant // 창궐,No,,200000,2:02,100000
Rams (2020),No,,200000,1:59,100000
Rate Your Date,No,,200000,1:50,100000
RattleSnake - The Ahanna Story,No,,200000,2:16,100000
Raya Tak Jadi,No,,200000,1:27,100000
Reality (2023),No,,200000,1:22,100000
Recall // 空飛ぶタイヤ,No,,200000,2:01,100000
Red Eye (2005),No,,200000,1:26,100000
Red Riding Trilogy: Part 1: 1974,No,,200000,1:46,100000
RedLife // เรดไลฟ์,Yes,,200000,2:01,100000
Refugiado,No,,200000,1:35,100000
Rescue Dawn,No,,200000,2:05,100000
Resident Evil: Vendetta,No,,200000,1:37,100000
Respati // Malam Pencabut Nyawa,No,,200000,1:52,100000
Revolver Lily // リボルバー・リリー,No,,200000,2:19,100000
Ricki and the Flash,No,,200000,1:42,100000
Ride On // 龍馬精神 // 龙马精神,No,,200000,2:06,100000
Riding in Cars with Boys,No,,200000,2:11,100000
"Rio, Eu Te Amo",No,,200000,1:49,100000
River // リバー、流れないでよ,No,,200000,1:26,100000
River Rascals // Špunti na vodě,No,,200000,1:21,100000
Road To High & Low // ROAD TO HiGH&LOW  <ドラマシーズン1 拡大総集編>,No,,200000,1:34,100000
Robert the Doll,No,,200000,1:35,100000
Robin Hood: Men in Tights,No,,200000,1:44,100000
Rocketman (2019),No,,200000,2:02,100000
Rockstar Duki from the end of the world // Rockstar Duki desde el fin del mundo,Yes,2025-10-02,200000,1:43,100000
Rolling Thunder Revue: A Bob Dylan Story by Martin Scorsese,Yes,2019-06-12,200000,2:22,100000
Romeo & Juliet (2013),No,,200000,1:59,100000
Room (2015),No,,200000,1:58,100000
Royal Tramp // 鹿鼎記 // 鹿鼎记,No,,200000,1:50,100000
"Royally Yours, This Christmas",No,,200000,1:30,100000
Rumah Masa Depan,Yes,,200000,1:49,100000
Rustin,Yes,2023-11-17,200000,1:48,100000
Saakini Daakini,No,,200000,1:56,100000
Safari (2009),No,,200000,1:42,100000
Salem (2024),No,,200000,1:43,100000
Salma's Big Wish // Día de Muertos,No,,200000,1:28,100000
Satria Dewa: Gatotkaca,No,,200000,2:09,100000
Sauerkrautkoma,No,,200000,1:33,100000
Save the Children: A Concert for the Ages,Yes,,200000,1:39,100000
Save the Last Dance,No,,200000,1:54,100000
Saving Silverman,No,,200000,1:32,100000
Schweinskopf al dente,No,,200000,1:31,100000
Searching for Bobby Fischer,No,,200000,1:51,100000
Seaspiracy,Yes,2021-03-24,200000,1:30,100000
Second Skin // Segunda piel,No,,200000,1:40,100000
"See No Evil, Hear No Evil",No,,200000,1:42,100000
Senario Lagi,No,,200000,1:59,100000
Serena (2014),No,,200000,1:50,100000
Sergio,Yes,2020-04-17,200000,1:59,100000
Serious Men // सीरियस मेन,Yes,2020-10-02,200000,1:55,100000
Serpico (1973),No,,200000,2:10,100000
Seven Psychopaths,No,,200000,1:51,100000
Sew Torn,No,,200000,1:40,100000
"Sex, Drink & Teambuilding // Jedeme na Teambuilding",No,,200000,1:49,100000
Sexmission // Seksmisja,No,,200000,1:57,100000
Shaun the Sheep Movie,No,,200000,1:25,100000
Shoplifters // 万引き家族,No,,200000,2:01,100000
Show Dogs,No,,200000,1:32,100000
Si yo fuera rico,No,,200000,1:34,100000
Silent Hours,No,,200000,2:36,100000
"Silent Night, Deadly Night (2025)",No,,200000,1:36,100000
Silent Parade // 沈黙のパレード,No,,200000,2:10,100000
Silver Linings Playbook,No,,200000,2:02,100000
Simón,No,,200000,1:40,100000
Sinam,No,,200000,1:52,100000
Sing 2,No,,200000,1:50,100000
"Single, Married, Widowed, Divorced // Soltera, casada, viuda, divorciada",No,,200000,1:50,100000
Sinkhole // 싱크홀,No,,200000,1:54,100000
Sissi: The Fateful Years of the Empress // Sissi: Schicksalsjahre Einer Kaiserin; Sissi: Part 3,No,,200000,1:44,100000
Sissi: The Young Empress // Sissi: Die Junge Kaiserin; Sissi: Part 2,No,,200000,1:41,100000
Sissy,No,,200000,1:41,100000
Skandal! Bringing Down Wirecard,Yes,2022-09-16,200000,1:33,100000
Sleep Paralysis // Ketindihan,No,,200000,1:36,100000
Snakes and Earrings // 蛇にピアス,No,,200000,2:05,100000
So My Grandma’s a Lesbian! // Salir del ropero,No,2021-01-22,200000,1:34,100000
"Someone, Somewhere // Deux moi",No,,200000,1:50,100000
Something Like Gold,No,,200000,1:46,100000
Son of the Mask,No,,200000,1:35,100000
Sorop,No,,200000,1:43,100000
Sorry If I Call You Love // Perdona Si Te Llamo Amor,No,,200000,1:55,100000
Source Code,No,,200000,1:33,100000
Southpaw (2015),No,,200000,2:04,100000
Spanish Affair // 8 apellidos vascos,No,,200000,1:39,100000
Spanish Affair 2 // Ocho apellidos catalanes,No,,200000,1:47,100000
SPEC: Close~Incarnation // 劇場版 SPEC～結(クローズ)～ 漸(ゼン)ノ篇,No,,200000,1:34,100000
SPEC: Close~Reincarnation // 劇場版 SPEC～結(クローズ)～ 爻(コウ)ノ篇,No,,200000,1:31,100000
Special Correspondents,Yes,2016-04-29,200000,1:41,100000
Spencer (2021),No,,200000,1:56,100000
Sphere,No,,200000,2:14,100000
Stamped from the Beginning,Yes,2023-11-20,200000,1:32,100000
Star Trek Beyond,No,,200000,2:03,100000
Status Update (2018),No,,200000,1:47,100000
Still Alice,No,,200000,1:42,100000
Stillwater (2021),No,,200000,2:19,100000
Stoker,No,,200000,1:39,100000
Stromboli,Yes,2023-02-03,200000,1:26,100000
Suckseed,No,,200000,2:10,100000
"Sun, Hay and a Few Slaps // Slunce, seno a pár facek",No,,200000,2:06,100000
"Sun, Hay, Erotica // Slunce, seno, erotika",No,,200000,1:43,100000
"Sun, Hay, Strawberries // Slunce, seno, jahody",No,,200000,1:23,100000
Sunday's Illness // La enfermedad del domingo,Yes,2018-06-15,200000,1:53,100000
Sune på bilsemester,No,,200000,1:31,100000
Sune's Summer // Sunes Sommar,No,,200000,1:29,100000
Sunset in My Hometown // 변산,No,,200000,2:03,100000
Sunset Sunrise // サンセット・サンライズ,No,,200000,2:20,100000
Super 8 (2011),No,,200000,1:53,100000
Suspect X // 容疑者Xの献身,No,,200000,2:08,100000
Sweet As,No,,200000,1:27,100000
Sweet November (2001),No,,200000,2:00,100000
Syriana,No,,200000,2:08,100000
Tad: The Lost Explorer // Las aventuras de Tadeo Jones,No,,200000,1:28,100000
Tadeo Jones 2: El secreto del Rey Midas,No,,200000,1:21,100000
Take This Waltz,No,,200000,1:56,100000
Taken 2,No,,200000,1:28,100000
Taken 3,No,,200000,1:55,100000
Tammy's Always Dying,No,,200000,1:27,100000
Taslim Ahali  // تسليم اهالي,No,,200000,1:47,100000
Temurun,No,,200000,1:26,100000
Teng-Nong // เท่ง โหน่ง คนมาหาเฮีย,No,,200000,1:29,100000
Thaghut,No,,200000,1:43,100000
Thallumaala,No,,200000,2:26,100000
That's Life // Così è la vita,No,,200000,1:45,100000
The 36th Chamber of Shaolin // 少林三十六房,No,,200000,1:51,100000
The Accidental Twins // Hermanos por accidente,Yes,2024-06-20,200000,1:25,100000
The Admiral: Roaring Currents // 명량,No,,200000,2:08,100000
The Age of Innocence (1993),No,,200000,2:18,100000
The Amazing Praybeyt Benjamin,No,,200000,1:45,100000
The Animal Kingdom // Le règne animal,No,,200000,2:07,100000
The Asadas // 浅田家!,No,,200000,2:07,100000
The Assistant (2020),No,,200000,1:27,100000
The Assistant (2022),Yes,,200000,2:04,100000
The Attorney // 변호인,No,,200000,2:07,100000
The Awakener // O Doutrinador,No,,200000,1:48,100000
The Awakening of Motti Wolkenbruch // Wolkenbruchs wunderliche Reise in die Arme einer Schickse,Yes,2019-10-25,200000,1:34,100000
The Back-Up Plan,No,,200000,1:44,100000
The Bad Guys: Reign of Chaos // 나쁜 녀석들: 더 무비,No,,200000,1:55,100000
The Ballad of Wallis Island,No,,200000,1:40,100000
The Battle: Roar to Victory // 봉오동 전투,No,,200000,2:15,100000
The Beast Within (2024),No,,200000,1:38,100000
The Beauty Inside // 뷰티 인사이드,No,,200000,2:07,100000
The Best of Me,No,,200000,1:58,100000
The Billionaire // Top Secret วัยรุ่นพันล้าน,No,,200000,2:05,100000
The Book of Clarence (2023),No,,200000,2:09,100000
The Bookshop,No,,200000,1:53,100000
The Boy and the Beast // バケモノの子,No,,200000,1:59,100000
The Boy With Pink Trousers // Il ragazzo dai pantaloni rosa,No,,200000,1:54,100000
The Boys in the Band,Yes,2020-09-30,200000,2:02,100000
The Brazilian Holocaust // Holocausto Brasileiro,No,,200000,1:31,100000
The Bronze,No,,200000,1:40,100000
The Butterfly Effect,No,,200000,1:54,100000
The Cat // 고양이: 죽음을 보는 두 개의 눈,No,,200000,1:45,100000
The Chef of South Polar // 南極料理人,No,,200000,2:05,100000
The Claus Family // De Familie Claus,Yes,2020-12-07,200000,1:38,100000
The Color Purple (2023),No,,200000,2:21,100000
The Corruptor,No,,200000,1:50,100000
The Craigslist Killer,No,,200000,1:27,100000
The Crow: City of Angels,No,,200000,1:26,100000
The Cyclone // Il ciclone,No,,200000,1:30,100000
The Day of the Wacko // Dzień świra,No,,200000,1:30,100000
The Djinn's Curse // ของแขก,No,,200000,1:38,100000
The Doll 3,No,,200000,1:55,100000
The Door into Summer // 夏への扉 ―キミのいる未来へ―,Yes,,200000,1:59,100000
The DUFF,No,,200000,1:41,100000
The Dumpling Affair // Grießnockerlaffäre,No,,200000,1:35,100000
The Empty Chair: Final Exam // Bangku Kosong: Ujian Terakhir,No,,200000,1:26,100000
The End We Start From,No,,200000,1:42,100000
The Fabelmans,No,,200000,2:31,100000
The Festival of Troubadours // Âşıklar Bayramı,Yes,2022-09-02,200000,1:43,100000
The Firm (1993),No,,200000,2:35,100000
The First Purge,No,,200000,1:38,100000
The First Wives Club (1996),No,,200000,1:43,100000
The Forbidden Door // Pintu Terlarang,No,,200000,1:55,100000
The Getaway King // Najmro,Yes,2022-03-16,200000,1:40,100000
The Girl in the Spider's Web,No,,200000,1:55,100000
The Girl Who Leapt Through Time // 時をかける少女,No,,200000,1:38,100000
The Girl with the Dragon Tattoo (2011),No,,200000,2:38,100000
The Good Half,No,,200000,1:37,100000
The Gospel,No,,200000,1:43,100000
The Gospel According to André,No,,200000,1:34,100000
The Grand Heist // 바람과 함께 사라지다,No,,200000,2:01,100000
The Great Battle // 안시성,No,,200000,2:16,100000
The Great Hip Hop Hoax,No,,200000,1:28,100000
The Great Passage // 舟を編む,No,,200000,2:13,100000
The Guide to the Perfect Family // Le Guide de la famille parfaite,Yes,2021-07-14,200000,1:41,100000
The Handmaiden // 아가씨,No,,200000,2:25,100000
The Haunting (1999),No,,200000,1:53,100000
The Heart of Suhita // Hati Suhita,No,,200000,2:17,100000
The Hero // De Held,No,,200000,1:35,100000
The House (2017),No,,200000,1:28,100000
The House of Flowers: The Movie // La casa de las flores: La película,Yes,2021-06-23,200000,1:28,100000
The Humans and the Mongoose // الإنس والنمس,No,,200000,2:01,100000
The Hunt for Red October,No,,200000,2:16,100000
The Huntsman: Winter's War,No,,200000,1:54,100000
The Hurricane Heist,No,,200000,1:42,100000
The Immortal // L'immortale,No,,200000,1:55,100000
The Inhabitant // El habitante,No,,200000,1:33,100000
The Joneses (2009),No,,200000,1:36,100000
The Killer: A Girl Who Deserves to Die // 더 킬러: 죽어도 되는 아이,No,,200000,1:35,100000
The King // 더 킹,No,,200000,2:14,100000
The Kings of the World // Los reyes del mundo,No,2023-01-04,200000,1:51,100000
The Kite Runner,No,,200000,2:08,100000
The Kiyosu Conference // 清須会議,No,,200000,2:18,100000
The Last 10 Years // 余命10年,No,,200000,2:05,100000
The Last Dolphin King // ¿Qué le pasó al rey de los delfines?,Yes,2022-11-25,200000,1:34,100000
The Last Kiss // L'ultimo bacio,No,,200000,1:58,100000
The Last Stop in Yuma County,No,,200000,1:31,100000
The Last Town We Saw: Season 1 // 終りに見た街: シーズン1,No,,200000,1:29,100000
The Last Wife // Người vợ cuối cùng,Yes,,200000,2:13,100000
"The Legend of Al, John and Jack // La leggenda di Al, John e Jack",No,,200000,1:41,100000
The Legend of Black Snake // Black Snake: La légende du serpent noir,No,,200000,1:22,100000
The Legend of Cocaine Island,Yes,2019-03-29,200000,1:27,100000
The Legend of Zorro (2005),No,,200000,2:11,100000
The Life That I Want // Come può uno scoglio,No,,200000,1:27,100000
The Loneliest Whale: The Search for 52,No,,200000,1:37,100000
The Longest Yard (1974),No,,200000,2:01,100000
The Lookout (2007),No,,200000,1:39,100000
The Loop // Pętla,No,,200000,1:45,100000
The Lost Lotteries // ปฏิบัติการกู้หวย,Yes,2022-11-16,200000,1:47,100000
The Love Affair,No,,200000,2:07,100000
The Maid // สาวลับใช้,No,2020-07-08,200000,1:43,100000
The Man from Nowhere // 아저씨,No,,200000,1:59,100000
The Man Standing Next // 남산의 부장들,No,,200000,1:54,100000
The Man Who Shot Liberty Valance,No,,200000,2:03,100000
The Marquez-Castillo Siblings // Mentada de padre,No,,200000,1:47,100000
The Mediterranean Sea // Laut Tengah,No,,200000,1:48,100000
The Miracle of a Woman's Tears // Keajaiban Air Mata Wanita,No,,200000,1:47,100000
The Missing (2003),No,,200000,2:17,100000
The Mistress (2012),No,,200000,2:12,100000
The Mothers of Chico Xavier // As Mães de Chico Xavier,No,,200000,1:49,100000
The Mummy (2017),No,,200000,1:50,100000
The Naked Gun 2 1/2: The Smell of Fear,No,,200000,1:25,100000
The Naked Gun: From the Files of Police Squad!,No,,200000,1:25,100000
The Natural,No,,200000,2:18,100000
The New Adventures of Cinderella // Les Nouvelles Aventures De Cendrillon,No,,200000,1:28,100000
The Night Before the Exams Today // Notte prima degli esami - Oggi,No,,200000,1:38,100000
The Nutty Professor (1996),No,,200000,1:35,100000
The Old Way,No,,200000,1:35,100000
The One for Sarah,No,,200000,1:36,100000
The Other One: The Long Strange Trip of Bob Weir,Yes,2015-05-22,200000,1:24,100000
The Outlaw // 무법자,No,,200000,1:33,100000
The Outlaws // 범죄도시,No,,200000,2:01,100000
The Panti Sisters,No,,200000,1:48,100000
The Paper Tigers,No,,200000,1:51,100000
The Paradise of Thorns // วิมานหนาม,No,,200000,2:11,100000
The Patriarch // Un padre no tan padre,No,,200000,1:37,100000
The People vs. Larry Flynt,No,,200000,2:10,100000
The Place Beyond the Pines,No,,200000,2:20,100000
The Polka King,Yes,2018-01-12,200000,1:34,100000
The Prison // 프리즌,No,,200000,2:05,100000
The Prom,Yes,2020-12-11,200000,2:12,100000
The Prosecutor // 誤判,No,,200000,1:57,100000
The Purge: Anarchy,No,,200000,1:44,100000
The Queen of Black Magic (2019) // Ratu Ilmu Hitam,No,,200000,1:40,100000
The Rachel Divide,Yes,2018-04-27,200000,1:45,100000
The Red Point of Marriage // Noktah Merah Perkawinan,No,,200000,1:59,100000
The Redemption of Sin // Tebusan Dosa,Yes,,200000,1:56,100000
"The Rich, the Pauper and the Butler // Il ricco, il povero e il maggiordomo",No,,200000,1:39,100000
The Rope Curse 2 // 馗降：粽邪2,Yes,2020-12-29,200000,1:45,100000
The Rope Curse 3 // 粽邪 3：鬼門開 // 粽邪 3：鬼门开,Yes,2023-12-18,200000,1:49,100000
The Roundup // 범죄도시2,No,,200000,1:46,100000
The Rugrats Movie,No,,200000,1:21,100000
The Ruins,No,,200000,1:31,100000
The Sand Castle // من وراء الموج,Yes,2025-01-24,200000,1:37,100000
The Scam // 작전,No,,200000,1:59,100000
The Secret Garden (1993),No,,200000,1:41,100000
The Secret of Arkandias // Le Grimoire d'Arkandias,No,,200000,1:32,100000
The Servant // 방자전,No,,200000,2:05,100000
The Silence of the Marsh // El silencio del pantano,No,2020-04-22,200000,1:32,100000
The Soloist (2009),No,,200000,1:57,100000
The Song (2014),No,,200000,1:57,100000
The Spy Gone North // 공작,No,,200000,2:17,100000
The Stepfather (2009),No,,200000,1:42,100000
The Summit of the Gods // Le Sommet des Dieux,No,2021-11-30,200000,1:36,100000
The Swindlers // 꾼,No,,200000,1:57,100000
The Switch (2010),No,,200000,1:41,100000
The Teacher (2022),No,,200000,1:54,100000
The Texas Chainsaw Massacre (1974),No,,200000,1:23,100000
The Theory of Everything,No,,200000,2:04,100000
The Thieves // 도둑들,No,,200000,2:16,100000
The Three Musketeers: D'Artagnan // Les Trois Mousquetaires : D'Artagnan,No,,200000,2:01,100000
The Three Musketeers: Milady // Les Trois Mousquetaires: Milady,No,,200000,1:54,100000
The Tribe // La tribu,No,2018-11-21,200000,1:30,100000
The Turning Point // La svolta,Yes,2022-04-20,200000,1:37,100000
The Uniform // 夜校女生,No,,200000,1:49,100000
The Unknown Country,No,,200000,1:25,100000
The Unmarried Wife,No,,200000,2:10,100000
The usual idiots 2 // I 2 soliti idioti,No,,200000,1:35,100000
The Usual Idiots 3: The Comeback // I Soliti Idioti 3- Il Ritorno,No,,200000,1:36,100000
The Villagers // 동네사람들,No,,200000,1:39,100000
The Villainess // 악녀,No,,200000,2:04,100000
The Wailing // 곡성,No,,200000,2:36,100000
The Wedding Day // Wesele,No,,200000,2:08,100000
The Wedding Days // Il Grande Giorno,No,,200000,1:40,100000
The White House Effect,Yes,2025-10-31,200000,1:37,100000
The Wife (2017),No,,200000,1:40,100000
The Wild Thornberrys Movie,No,,200000,1:25,100000
The Woman in the Yard,No,,200000,1:28,100000
The Womb // Inang,Yes,,200000,1:56,100000
The Worst Person in the World // Verdens verste menneske,No,,200000,2:08,100000
The Worthy // المختارون,No,,200000,1:39,100000
The Zone of Interest,No,,200000,1:45,100000
There's Still Tomorrow // C’è ancora domani,No,,200000,1:58,100000
Thimmarusu,No,,200000,2:05,100000
Think Like a Dog,No,2020-07-03,200000,1:31,100000
This Time Next Year (2024),No,,200000,1:56,100000
Thoroughbred // Purasangre,No,,200000,1:44,100000
Three Amigos,No,,200000,1:43,100000
Thunderstruck (2012),No,,200000,1:34,100000
Thundu,Yes,,200000,2:05,100000
TLC Forever,No,,200000,1:42,100000
"To Each, Her Own // Les goûts et les couleurs",Yes,2018-06-24,200000,1:35,100000
Today We'll Talk About That Day // Hari Ini Akan Kita Ceritakan Nanti,Yes,2023-07-27,200000,1:58,100000
Tokyo Ghoul // 東京喰種 トーキョーグール,No,,200000,2:00,100000
Tokyo Revengers // 東京リベンジャーズ,No,,200000,2:00,100000
Tokyo Revengers 2: Bloody Halloween - Decisive Battle // 東京リベンジャーズ2 血のハロウィン編 -決戦-,No,,200000,1:36,100000
Tokyo Revengers 2: Bloody Halloween - Destiny // 東京リベンジャーズ2 血のハロウィン編 -運命-,No,,200000,1:30,100000
Too Much Love // Çok Aşk,Yes,,200000,1:40,100000
Tootsies & The Fake // ตุ๊ดซี่ส์ & เดอะเฟค,No,,200000,1:48,100000
Top Dogs // Les Cadors,No,,200000,1:24,100000
Torbaaz // तोरबाज़,No,,200000,2:13,100000
Toro (2016),No,,200000,1:46,100000
Torremolinos 73,No,,200000,1:28,100000
Toxic Daughter // 毒娘,No,,200000,1:46,100000
Traffic Department // Drogówka,No,,200000,1:52,100000
Traffik (2018),No,,200000,1:37,100000
Tre metri sopra il cielo,No,,200000,1:42,100000
Treasure // Hazine,No,,200000,1:44,100000
Trial Period // Випробувальний термін,No,,200000,1:38,100000
Tribhanga - Tedhi Medhi Crazy // त्रिभंगा - टेढ़ी मेढ़ी क्रेज़ी,Yes,2021-01-15,200000,1:36,100000
Trinil,No,,200000,1:45,100000
True Grit (1969),No,,200000,2:08,100000
True Grit (2010),No,,200000,1:51,100000
Tubelight // ट्यूबलाइट,Yes,,200000,2:15,100000
Tutta un'altra vita,No,,200000,1:39,100000
Twin Sisters // De Tweeling,No,,200000,2:17,100000
Two Blue Hearts // Dua Hati Biru,No,,200000,1:46,100000
Two Witches,No,,200000,1:38,100000
Tyler Perry's The Single Moms Club,No,,200000,1:51,100000
Uang Panai 2,No,,200000,1:46,100000
Ultras,Yes,2020-03-20,200000,1:49,100000
Uma fada veio me visitar,No,,200000,1:42,100000
UnBroken (2025),No,,200000,1:37,100000
Under the Skin (2013),No,,200000,1:48,100000
Under the Sun // Under solen,No,,200000,2:10,100000
Undercurrent // アンダーカレント,No,,200000,2:23,100000
Unforgiven (1992),No,,200000,2:11,100000
Unfriended,No,,200000,1:23,100000
Unhinged (2020),No,,200000,1:31,100000
Unicorn Store,Yes,2019-04-05,200000,1:32,100000
Unreliable // 無頼,No,,200000,2:26,100000
Unstoppable Family // 가문의 영광 4: 가문의 수난,No,,200000,1:43,100000
Untold: The Race of the Century,Yes,2022-09-06,200000,1:24,100000
Up North (2018),No,,200000,1:39,100000
Upin & Ipin: Jeng Jeng Jeng!,No,,200000,1:40,100000
Usogui // 嘘喰い,No,,200000,2:00,100000
Vaashi (Malayalam) (2022),No,,200000,2:04,100000
Vaathi,No,,200000,2:14,100000
Varalaru Mukkiyam,No,,200000,2:26,100000
Velvet Buzzsaw,Yes,2019-02-01,200000,1:53,100000
Victim of Beauty,No,,200000,1:33,100000
Videocracy,No,,200000,1:21,100000
View from the Top,No,,200000,1:27,100000
Vijay // विजय,Yes,,200000,2:52,100000
Villain (2020),No,,200000,1:37,100000
Vinci,No,,200000,1:48,100000
Viral (2016),No,,200000,1:26,100000
Vita segreta di Maria Capasso,No,,200000,1:36,100000
Vjeran Tomic: The Spider-Man of Paris // Vjeran Tomic : L'homme-araignée de Paris,Yes,2023-10-20,200000,1:26,100000
Voyeur,Yes,2017-12-01,200000,1:36,100000
Walking Vengeance // Solo quiero caminar,No,,200000,2:02,100000
Wander,No,,200000,1:33,100000
Wanita Ahli Neraka,Yes,,200000,1:35,100000
"Wann wird es endlich wieder so, wie es nie war",No,,200000,1:56,100000
War: La guerra desiderata,No,,200000,2:14,100000
Warkop DKI Reborn: Jangkrik Boss! Part 1,No,,200000,1:32,100000
Warrior Awang and Master Tok Gajah // Pendekar Awang Dan Tok Gajah: Darah Indera Gajah,Yes,,200000,1:58,100000
Wedding for Money // Nuntă pe bani,No,,200000,1:36,100000
Wedding Unplanned // Jour J,No,,200000,1:34,100000
What Did You Eat Yesterday? // 劇場版 きのう何食べた?,No,,200000,2:00,100000
"What Happened, Miss Simone?",Yes,2015-06-26,200000,1:43,100000
What Men Long For 2 // Po čem muži touží 2,No,,200000,1:31,100000
What the Health,Yes,,200000,1:32,100000
Whatever It Takes (2000),No,,200000,1:34,100000
Whatsoeverly // Qualunquemente,No,,200000,1:33,100000
Whina,No,,200000,1:52,100000
White Hot: The Rise & Fall of Abercrombie & Fitch,Yes,2022-04-19,200000,1:28,100000
Wick Is Pain,No,,200000,2:06,100000
Widow Clicquot,No,,200000,1:30,100000
Wild Dog,No,,200000,2:06,100000
William Tell (2024),No,,200000,2:13,100000
Winterkartoffelknödel,No,,200000,1:32,100000
With Fire and Sword // Ogniem i mieczem,No,,200000,2:55,100000
With or Without You (2025),No,,200000,1:54,100000
Wolf Girl & Black Prince // オオカミ少女と黒王子,No,,200000,1:56,100000
Wu Kong // 悟空传,No,,200000,2:03,100000
"Yo, ""El Vaquilla""",No,,200000,1:45,100000
You Are Not Alone: Fighting the Wolf Pack // No estás sola: La lucha contra La Manada,Yes,2024-03-01,200000,1:42,100000
"You Are the Apple of My Eye // 그 시절, 우리가 좋아했던 소녀",No,,200000,1:42,100000
You're My Boss,No,,200000,1:57,100000
Young & Wild // Joven y alocada,No,,200000,1:35,100000
Young Adult,No,,200000,1:34,100000
Your Eyes Tell // きみの瞳が問いかけている,No,,200000,2:03,100000
Your Turn to Kill: The Movie // あなたの番です 劇場版,No,,200000,2:22,100000
Yucatán,No,2019-02-15,200000,2:10,100000
Zero (2018),Yes,,200000,2:39,100000
Zero to Hero // 媽媽的神奇小子 // 妈妈的神奇小子,Yes,2021-11-05,200000,1:43,100000
Zero to Hero // Rodeio Rock,Yes,2024-04-03,200000,1:49,100000
Zoey's Extraordinary Christmas,No,,200000,1:40,100000
Zoolander 2,No,,200000,1:42,100000
¡Asu Mare!,No,,200000,1:36,100000
Потяг до Різдва,No,,200000,1:30,100000
وحش - عرس النار,No,,200000,1:34,100000
وحش أمينة,No,,200000,1:40,100000
"""Sr.""",Yes,2022-12-02,100000,1:29,100000
#Iamhere // #JeSuisLà,No,,100000,1:38,100000
1 Contra Todos - O Filme,No,,100000,1:50,100000
10 giorni con Babbo Natale,No,,100000,1:36,100000
1000 Miles from Christmas // A 1000 km de la Navidad,Yes,2021-12-24,100000,1:43,100000
100KG Vampire // Pontianak 100kg,No,,100000,1:28,100000
11M: Terror in Madrid // 11M,No,2022-02-23,100000,1:32,100000
13 Days Till Summer // 13 dni do wakacji,No,,100000,1:20,100000
13 Hours that Saved Britain,No,,100000,0:49,100000
13: Game of Death // 13 เกมสยอง,No,,100000,1:49,100000
18 Presents // 18 regali,No,2020-05-08,100000,1:54,100000
1984 CHOI Dong-won // 1984 최동원,No,,100000,1:37,100000
20 Days in Mariupol // 20 Днів у Маріуполі,No,,100000,1:34,100000
200 Pounds Beauty // 미녀는 괴로워,No,,100000,1:56,100000
200KG Vampire // Pontianak 200KG,No,,100000,1:33,100000
2067,No,,100000,1:54,100000
27: Gone Too Soon,No,,100000,1:10,100000
2:22 (2017),No,,100000,1:39,100000
3 El Zero // على الزيرو,No,,100000,1:33,100000
3 Ninjas Knuckle Up,No,,100000,1:28,100000
30 for 30: Broke,No,,100000,1:16,100000
30 for 30: Catholics vs. Convicts,No,,100000,1:43,100000
30 for 30: Four Falls of Buffalo,No,,100000,1:42,100000
30 for 30: Nature Boy,No,,100000,1:17,100000
30 for 30: Pony Excess,No,,100000,1:43,100000
30 for 30: Sole Man,No,,100000,1:18,100000
30 for 30: The Fab Five,No,,100000,1:36,100000
30 for 30: The U,No,,100000,1:42,100000
30 for 30: The U Part 2,No,,100000,1:41,100000
30 for 30: This Was the XFL,No,,100000,1:17,100000
30 for 30: Winning Time: Reggie Miller vs. The New York Knicks,No,,100000,1:09,100000
32 Malasana Street // Malasaña 32,No,,100000,1:45,100000
366,No,,100000,1:39,100000
36th Precinct // 36 quai des Orfèvres,No,,100000,1:51,100000
3some // Castillos de Cartón,No,,100000,1:34,100000
47 Meters Down,No,,100000,1:29,100000
47 Meters Down: Uncaged,No,,100000,1:30,100000
4x Timão: A Conquista do Tetra Corinthiano,No,,100000,1:37,100000
5 Centimeters Per Second // 秒速5センチメートル,No,,100000,1:03,100000
5 Star Christmas // Natale a 5 stelle,Yes,2018-12-07,100000,1:36,100000
6 Balloons,Yes,2018-04-06,100000,1:15,100000
7 años,Yes,2016-10-27,100000,1:17,100000
"7 rzeczy, których nie wiecie o facetach",No,,100000,1:55,100000
7-24 (2022),No,,100000,1:22,100000
8,No,2020-06-19,100000,1:39,100000
"8 rzeczy, których nie wiecie o facetach",No,,100000,1:31,100000
A Balloon's Landing // 我在這裡等你 // 我在这里等你,Yes,,100000,1:40,100000
A Beautiful Day in the Neighborhood,No,,100000,1:49,100000
A Better Tomorrow // 英雄本色,No,,100000,1:36,100000
A Chinese Odyssey Part Two: Cinderella // 西遊記大結局之仙履奇緣 // 西游记大结局之仙履奇缘,No,,100000,1:39,100000
A Company Man // 회사원,No,,100000,1:36,100000
A Dama do Lotação,No,,100000,1:36,100000
A Futile and Stupid Gesture,Yes,2018-01-26,100000,1:42,100000
A Garota Invisível,No,,100000,1:24,100000
A Good Lawyer's Wife // 바람난가족,No,,100000,1:46,100000
A Hard Day // 끝까지 간다,No,,100000,1:51,100000
A Holiday Engagement,No,,100000,1:32,100000
A Life for the Self-Taught // Život pro samouky,No,,100000,1:38,100000
A Life of Speed: The Juan Manuel Fangio Story // Fangio: El hombre que domaba las máquinas,No,2020-03-20,100000,1:33,100000
A Little Princess (1995),No,,100000,1:37,100000
"A Long Way to Come Home // Jalan yang Jauh, Jangan Lupa Pulang",Yes,,100000,1:49,100000
A Lot Like Love (2023),No,,100000,1:35,100000
A Love Story (2007),No,,100000,1:57,100000
A Moment to Remember // 내 머리 속의 지우개,No,,100000,1:57,100000
A Monster Calls,No,,100000,1:48,100000
A Paedophile in My Family: Surviving Dad: Season 1,No,,100000,0:53,100000
A Presepada,No,,100000,0:41,100000
A Private War,No,,100000,1:50,100000
A queda do céu,No,,100000,1:49,100000
A Rainy Day in New York,No,,100000,1:32,100000
A Resistance // 항거: 유관순 이야기,No,,100000,1:46,100000
A Simple Lie,No,,100000,1:38,100000
A Special Lady // 미옥,No,,100000,1:31,100000
A Stoning in Fulham County,No,,100000,1:35,100000
"A Tale of Two Sisters // 장화, 홍련",No,,100000,1:55,100000
A Thousand Little Cuts,No,,100000,1:24,100000
A Very Good Girl,Yes,,100000,1:58,100000
A Walk Among the Tombstones,No,,100000,1:54,100000
A.C.A.B.: All Cops Are Bastards,No,,100000,1:45,100000
Aamil Sefer // العميل صفر,No,,100000,1:48,100000
Aaviri,No,,100000,1:50,100000
Abang Adik // 富都青年,No,,100000,1:55,100000
About a Boy (2002),No,,100000,1:41,100000
About Family // 대가족,No,,100000,1:47,100000
Accident Man: Hitman's Holiday,No,,100000,1:37,100000
Accused (2023),No,,100000,1:28,100000
Ace Ventura Pet Detective Jr.,No,,100000,1:33,100000
Ada Cinta Di SMA,No,,100000,1:40,100000
Adam: His Song Continues,No,,100000,1:36,100000
Adios Amigos,No,,100000,1:31,100000
Afrikou na pionyru // Afrika na Pionieri,No,,100000,1:44,100000
After (2009),No,,100000,1:47,100000
After the Sunset,No,,100000,1:37,100000
Agatha Christie's Endless Night,No,,100000,1:40,100000
Ah Boys to Men,No,,100000,1:48,100000
Ah Boys to Men II,No,,100000,1:53,100000
Ah Girls Go Army Again,No,,100000,1:34,100000
AI Love You // เอไอหัวใจโอเวอร์โหลด,Yes,,100000,1:35,100000
Aib: #Cyberbully,No,,100000,1:15,100000
Air Mata Surga,No,,100000,1:59,100000
AK vs AK,Yes,2020-12-24,100000,1:49,100000
Alcatraz (2018),No,,100000,1:27,100000
Alfons Zitterbacke - Endlich Klassenfahrt!,No,,100000,1:31,100000
Alhamour H.A. // الهامور ح.ع,Yes,,100000,2:00,100000
Ali's Wedding,Yes,2018-06-08,100000,1:50,100000
"Alice, Darling",No,,100000,1:29,100000
All About My Mother // Todo sobre mi madre,No,,100000,1:41,100000
All Because of You // Pasal Kau!,No,2020-10-01,100000,1:42,100000
All for Ella // Alle für Ella,No,,100000,1:40,100000
All for Four // Alle for Fire,No,,100000,1:26,100000
All for One // Alle for en,No,,100000,1:22,100000
All for Two // Alle for To,No,,100000,1:26,100000
All In // 扑克王者,No,,100000,1:42,100000
All Inclusive (2014),No,,100000,1:26,100000
All India Rank // ऑल इंडिया रैंक (AIR),Yes,,100000,1:38,100000
All Is True,No,,100000,1:41,100000
All Is Well // Alles ist gut,No,2019-06-06,100000,1:30,100000
All Lives // 生きとし生けるもの ディレクターズカット版,No,,100000,1:49,100000
All of Tokyo! // ゼンブ・オブ・トーキョー,No,,100000,1:28,100000
All or Nothing // Všechno nebo nic,No,,100000,1:49,100000
All Shades of Temptation // Всі відтінки спокуси,No,,100000,1:30,100000
All the Long Nights // 夜明けのすべて,No,,100000,1:59,100000
Alles op tafel,No,,100000,1:42,100000
Alone/Together (2019),No,,100000,1:43,100000
Alucinados,No,,100000,1:24,100000
Always // 오직 그대만,No,,100000,1:46,100000
Alzheimer's // زهايمر,No,,100000,1:47,100000
Amateur Gang // سنه أولى خطف,No,,100000,1:30,100000
Amazon Bullseye // 아마존 활명수,No,,100000,1:53,100000
Ambyar Mak Byar,No,,100000,1:55,100000
American Factory,Yes,2019-08-21,100000,1:50,100000
American Girl // 美國女孩,No,,100000,1:41,100000
American Outlaws (2001),No,,100000,1:34,100000
American Symphony,Yes,2023-11-29,100000,1:44,100000
American Ultra,No,,100000,1:36,100000
Amici come noi,No,,100000,1:30,100000
Amigos Sem Compromisso,No,,100000,1:46,100000
An Almost Perfect Scam // Futro z misia,No,,100000,1:38,100000
An Ethics Lesson // 분노의 윤리학,No,,100000,1:47,100000
Anak Bulan,No,,100000,1:24,100000
Andragogy // Budi Pekerti,Yes,,100000,1:51,100000
Angel of Death (2009),No,,100000,1:18,100000
Animal Kingdom (2010),No,,100000,1:53,100000
Animas // Ánimas,No,2019-01-25,100000,1:27,100000
Ankahi Kahaniya // अनकही कहानियां,Yes,2021-09-17,100000,1:51,100000
Another One // واحد تاني  ,No,,100000,1:47,100000
Anpanman: A Wish of Ruby // 映画 それいけ! アンパンマン ルビーの願い,No,,100000,0:51,100000
Anpanman: Adventure of Dinasour Nosshi // 映画 それいけ! アンパンマン 恐竜ノッシーの大冒険,No,,100000,0:58,100000
Anpanman: Beat the Phantom Ship // 映画 それいけ! アンパンマン ゆうれい船をやっつけろ!!,No,,100000,0:56,100000
Anpanman: Flying Picture Book and Glass Shoes // 映画 それいけ! アンパンマン 空とぶ絵本とガラスの靴,No,,100000,1:00,100000
Anpanman: Hands up to the Sun // 映画 それいけ! アンパンマン てのひらを太陽に,No,,100000,0:56,100000
"Anpanman: Lyrical, Magical Magic School // 映画 それいけ! アンパンマン リリカル★マジカルまほうの学校",No,,100000,1:00,100000
Anpanman: Rainbow Pyramid // 映画 それいけ! アンパンマン 虹のピラミッド,No,,100000,0:56,100000
Anpanman: Save Cocolin and a Miracle Star // 映画 それいけ! アンパンマン すくえ! ココリンと奇跡の星,No,,100000,0:46,100000
Anpanman: Secret of the Castle in Drifting Clouds // 映画 それいけ! アンパンマン ロールとローラ うきぐも城のひみつ,No,,100000,0:51,100000
Anpanman: Secret of the Castle of Blocks // 映画 それいけ! アンパンマン つみき城のひみつ,No,,100000,1:00,100000
Anpanman: Tears of Mermaid // 映画 それいけ! アンパンマン 人魚姫のなみだ,No,,100000,0:56,100000
Anpanman: The Blacknose with Magical Song // 映画 それいけ! アンパンマン ブラックノーズと魔法の歌,No,,100000,0:52,100000
Anpanman: The Star of Gomira // 映画 それいけ! アンパンマン ゴミラの星,No,,100000,0:51,100000
Anpanman: Twinkle Teardrop // 映画 それいけ! アンパンマン キラキラ星の涙,No,,100000,1:15,100000
Anpanman: When the Flower of Bravery Blooms // 映画 それいけ! アンパンマン 勇気の花がひらくとき,No,,100000,0:56,100000
Antarctica // Антарктида,No,,100000,1:26,100000
Any Stray Cat // Qualquer Gato Vira-Lata,No,,100000,1:32,100000
Any Stray Cat 2 // Qualquer Gato Vira-Lata 2,No,,100000,1:47,100000
Apollo 10 1/2: A Space Age Childhood,Yes,2022-04-01,100000,1:39,100000
Apollo 17: The Untold Story of the Last Men on the Moon,No,,100000,0:56,100000
Appaloosa,No,,100000,1:56,100000
Architecture 101 // 건축학개론,No,,100000,1:56,100000
Ardor // 밀애,No,,100000,1:52,100000
Armor (2024),No,,100000,1:34,100000
Armour of God // 龍兄虎弟 // 龙兄虎弟,No,,100000,1:38,100000
Art of the Devil III // ลองของ 2,No,,100000,1:24,100000
Arthur Christmas,No,,100000,1:38,100000
Aruna & Her Palate // Aruna & Lidahnya,No,,100000,1:46,100000
As If It's True,Yes,,100000,1:40,100000
Assalamualaikum Beijing,No,,100000,1:35,100000
Asterix in Britain // Astérix chez les Bretons,No,,100000,1:19,100000
Asterix Versus Caesar // Astérix et la surprise de César,No,,100000,1:17,100000
Astérix: The Mansion of the Gods // Astérix: Le domaine des dieux,No,,100000,1:26,100000
Asylum (2005),No,,100000,1:40,100000
Athos,No,,100000,1:36,100000
Atlantics,No,2019-11-29,100000,1:46,100000
Atomic Blonde,No,,100000,1:55,100000
Attack on Titan: Part 1 // 進撃の巨人 ATTACK ON TITAN,No,,100000,1:38,100000
Attack on Titan: Part 2 // 進撃の巨人 ATTACK ON TITAN エンド オブ ザ ワールド,No,,100000,1:27,100000
Aurora,No,2019-04-25,100000,1:38,100000
Avenging the Throne,No,,100000,1:34,100000
Babies (2010),No,,100000,1:19,100000
Baby Mamas,No,,100000,1:38,100000
Bachelor Party // Wieczór Kawalerski,No,,100000,1:24,100000
Back to the Future Part II,No,,100000,1:48,100000
Back to the Future Part III,No,,100000,1:58,100000
Backyard Wilderness,Yes,,100000,0:43,100000
Bacon on the Side // Il reste du jambon ?,No,,100000,1:28,100000
Bad Blood // Kẻ ẩn danh,No,,100000,1:38,100000
Bad Company (1972),No,,100000,1:33,100000
Bad Hombres (2023),No,,100000,1:33,100000
Bad Luck Good Love // Pech to nie grzech,No,,100000,1:19,100000
Bag of Lies,No,,100000,1:32,100000
Ballkids,No,,100000,1:06,100000
Banglo Seksyen 12,No,,100000,1:28,100000
Barber's Tales // Mga Kuwentong Barbero,No,,100000,2:00,100000
Baris Akarsu Merhaba // Barış Akarsu Merhaba,No,,100000,1:55,100000
Barry,Yes,2016-12-16,100000,1:45,100000
Basic (2003),No,,100000,1:38,100000
Basma // بسمة,Yes,2024-06-06,100000,1:45,100000
Bate Coração,No,,100000,1:35,100000
Battle of the Classes // La Lutte des classes,No,,100000,1:44,100000
Bayi Ajaib,Yes,,100000,1:39,100000
Bayonet,No,2019-03-29,100000,1:41,100000
Be the Man // Buď chlap!,No,,100000,1:33,100000
Bear Man // 웅남이,No,,100000,1:37,100000
Beauties of the Night // Bellas De Noche,No,,100000,1:32,100000
Beautiful Wedding,No,,100000,1:34,100000
Because I Love You // 사랑하기 때문에,No,,100000,1:50,100000
Because of Love // Sevmek Yüzünden,No,,100000,1:49,100000
Beckenrand Sheriff,No,,100000,1:54,100000
Becoming Santa (2015),No,,100000,1:28,100000
Before Dawn (2024),No,,100000,1:41,100000
Before Sunrise (1995),No,,100000,1:41,100000
Behind the Haystacks // πισω απο τις θημωνιες,No,,100000,1:54,100000
Belfast (2021),No,,100000,1:38,100000
Benyamin The Troublemaker: Part 2 // Benyamin Biang Kerok: Part 2,No,,100000,1:37,100000
Best of Enemies,No,,100000,1:28,100000
"Bet on Friendship // Prvok, Šampón, Tečka a Karel",No,,100000,1:57,100000
Better Times // Bedre Tider,No,,100000,1:45,100000
Bezerra De Menezes - Diario De Um Espirito,No,,100000,1:16,100000
Bheed // भीड़,No,,100000,1:53,100000
Bicho de Sete Cabeças,No,,100000,1:25,100000
Big Brother Fadil // Abang Long Fadil,No,,100000,1:40,100000
Big Dreams // Děti Nagana,No,,100000,1:40,100000
Big Fat Liar,No,,100000,1:28,100000
Big Fish & Begonia // 大魚海棠 // 大鱼海棠,No,2018-08-17,100000,1:45,100000
Big Game (2014),No,,100000,1:31,100000
Big Mäck: Gangsters and Gold // Big Mäck: Gangster und Gold,Yes,2023-01-20,100000,1:30,100000
Big Nunu's Little Heist,Yes,2023-07-28,100000,1:33,100000
Bigman // Strijder,No,,100000,1:30,100000
Biker Boyz,No,,100000,1:51,100000
Bikers // Bajkeři,No,,100000,1:33,100000
Billy Elliot,No,,100000,1:51,100000
Billy Lynn's Long Halftime Walk,No,,100000,1:53,100000
Bir Ömrün Sonbaharı,No,,100000,1:31,100000
Birthday Wishes // Přání k narozeninám,No,,100000,1:32,100000
Birthmarked (2018),No,,100000,1:28,100000
Bis,No,,100000,1:42,100000
Bittersweet Rain // Saudade fez morada aqui dentro,Yes,,100000,1:51,100000
Black Barbie,Yes,2024-06-19,100000,1:35,100000
Black Crow 1 // クロガラス1,No,,100000,1:20,100000
Black Site (2022),No,,100000,1:24,100000
Black Widow // Penoza: The Final Chapter,No,,100000,1:56,100000
Blades of Glory,No,,100000,1:34,100000
Bleak Night // 파수꾼,No,,100000,1:57,100000
Blended // Střídavka,No,,100000,1:24,100000
Blood and Ties // 공범,No,,100000,1:35,100000
Blood Brothers: Malcolm X & Muhammad Ali,Yes,2021-09-09,100000,1:37,100000
Bloody Ties // 사생결단,No,,100000,1:57,100000
BLUE // BLUE/ ブルー,No,,100000,1:47,100000
Blue Eyelids // Párpados azules,No,,100000,1:38,100000
Blue Lock The Movie -Episode Nagi- // 劇場版ブルーロック -EPISODE 凪-,No,,100000,1:31,100000
Blue Period // ブルーピリオド,No,,100000,1:55,100000
Blue Story,No,,100000,1:32,100000
Blue Valentine,No,,100000,1:52,100000
Blumhouse's Truth or Dare: Extended Director's Cut,No,,100000,1:41,100000
Bob Trevino Likes It,No,,100000,1:41,100000
Bomb Scared // Fe de etarras,Yes,2017-10-12,100000,1:29,100000
"Bon Cop, Bad Cop (2006)",Yes,,100000,1:57,100000
Booty Call,No,,100000,1:19,100000
Born for You // Nata per Te,No,,100000,1:53,100000
Bowie: The Man Who Changed the World,No,,100000,1:39,100000
Boy Erased,No,,100000,1:55,100000
Boy Kills World,No,,100000,1:51,100000
Brahman Naman,Yes,2016-07-06,100000,1:36,100000
Bread Barbershop : Celeb in Bakery Town // 브레드이발소: 셀럽 인 베이커리타운,No,,100000,1:13,100000
Break // Toen Ik Je Zag,No,,100000,1:53,100000
Breaking and Re-entering // 還錢 // 还钱,Yes,,100000,1:49,100000
Brené Brown: The Call to Courage,Yes,2019-04-19,100000,1:17,100000
Brian and Charles,No,,100000,1:31,100000
Bride For Rent (2014),No,,100000,1:50,100000
Bride Hard,No,,100000,1:41,100000
Bright: Samurai Soul // ブライト: サムライソウル,Yes,2021-10-12,100000,1:21,100000
Brij Mohan Amar Rahe // बृज मोहन अमर रहे,Yes,2018-08-03,100000,1:40,100000
Broken Wings // Sayap-Sayap Patah,Yes,,100000,1:50,100000
Brother (2022),No,,100000,2:00,100000
Brothers (2009),No,,100000,1:45,100000
Brothers: The Return // Tusenbröder - Återkomsten,No,,100000,1:35,100000
Brunet Will Call // Brunet Wieczorową Porą,No,,100000,1:31,100000
"Bua Pun, Beauty and the Blade // บัวผันฟันยับ",No,,100000,1:50,100000
Bullet to the Head,No,,100000,1:32,100000
Bumperkleef,No,,100000,1:25,100000
Bundy and the Green River Killer,No,,100000,1:24,100000
Bungee Jumping of Their Own // 번지점프를 하다,No,,100000,1:41,100000
Bunker: Project 12,No,,100000,1:37,100000
Buried: The 1982 Alpine Meadows Avalanche,No,,100000,1:36,100000
Burning Patience // Ardiente paciencia,No,2022-12-07,100000,1:37,100000
Burning Sands,Yes,2017-03-10,100000,1:42,100000
Bushwick,No,2017-08-25,100000,1:34,100000
Butcher's Crossing,No,,100000,1:43,100000
Butt Detective the Movie - Mystery of the Ladybug Ruins // 映画おしりたんてい テントウムシいせきの なぞ,No,,100000,1:01,100000
Butt Detective the Movie - The Case of the Courageous Curry // 映画おしりたんてい カレーなる じけん,No,,100000,1:08,100000
Butt Detective the Movie – Shiriarty // 映画おしりたんてい シリアーティ,No,,100000,1:14,100000
Butt Detective the Movie – the Secret of Souffle Island // 映画 おしりたんてい スフーレ島のひみつ,No,,100000,0:59,100000
Butterfly in the Sky: The Story of Reading Rainbow,No,,100000,1:27,100000
Buzz House: The Movie // Buzz House,No,,100000,1:33,100000
By Quantum Physics: A Nightlife Venture // 양자물리학,No,,100000,2:00,100000
Cadet 1947 // Kadet 1947,No,,100000,1:52,100000
Caged Wings // Mi soledad tiene alas,Yes,2024-01-19,100000,1:43,100000
Call Me Kate,No,,100000,1:26,100000
Camping (2006),No,,100000,1:39,100000
Camping 2,No,,100000,1:38,100000
Camping 3,No,,100000,1:41,100000
Can We Still Be Friends?,No,,100000,1:53,100000
Candy Jar,Yes,2018-04-27,100000,1:33,100000
Candyman (1992),No,,100000,1:39,100000
Canola // 계춘할망,No,,100000,1:57,100000
Cansada de Besar Sapos,No,,100000,1:36,100000
Carancho,No,,100000,1:47,100000
Careless (2025),No,,100000,1:31,100000
Carol (2015),No,,100000,1:58,100000
Casa da Mãe Joana,No,,100000,1:33,100000
Casa en flames,No,,100000,1:47,100000
Casi leyendas,No,,100000,1:56,100000
Casino Tycoon 2 // 賭城大亨 2 之至尊無敵 // 赌城大亨 2 之至尊无敌,No,,100000,1:48,100000
Castaway on the Moon // 김씨 표류기,No,,100000,1:57,100000
Catch the Fair One,No,,100000,1:26,100000
Cattiva Coscienza,No,,100000,1:50,100000
Caught Out: Crime. Corruption. Cricket.,Yes,2023-03-17,100000,1:18,100000
Cazuza: O Tempo Não Pára // Cazuza - O tempo não para,No,,100000,1:36,100000
Cek Ombak (Melulu),No,,100000,1:24,100000
Cellular,No,,100000,1:34,100000
Cemara's Family 2 // Keluarga Cemara 2,No,,100000,1:54,100000
Chabuca,No,,100000,1:53,100000
Charging Card // كارت شحن,No,,100000,1:32,100000
Charlotte's Web (2006),No,,100000,1:38,100000
Chasing Coral,Yes,2017-07-14,100000,1:29,100000
Chatroom (2010),No,,100000,1:38,100000
Cheers to Joy // À la Joie,No,,100000,1:44,100000
Chef Jack: O Cozinheiro Aventureiro,No,,100000,1:20,100000
Chhota Bheem & Krishna: Mayanagari // छोटा भीम और कृष्णा: मायानगरी,No,,100000,1:07,100000
Chhota Bheem & Krishna: Pataliputra- City of the Dead // छोटा भीम ऐंड कृष्णा: पाटलिपुत्र- सिटी ऑफ़ द डैड,No,,100000,1:06,100000
Chhota Bheem aur Krishna // छोटा भीम और कृष्णा,No,,100000,1:08,100000
Chhota Bheem aur Krishna vs Zimbara // छोटा भीम और कृष्णा वर्सेस ज़िम्बारा,No,,100000,1:04,100000
Chhota Bheem Mahashaitaan Ka Mahayudh // छोटा भीम मायाशैतान का महायुद्ध,No,,100000,1:07,100000
Chhota Bheem: Dholakpur to Kathmandu // छोटा भीम: ढोलकपुर टू काठमांडू,No,,100000,1:10,100000
Chhota Bheem: Journey to Petra // छोटा भीम: जर्नी टू पेट्रा,No,,100000,1:08,100000
Chhota Bheem: Master of Shaolin // छोटा भीम: मास्टर ऑफ़ शाओलिन,No,,100000,1:14,100000
Chhota Bheem: The Rise of Kirmada // छोटा भीम: द राइज़ ऑफ़ किरमाडा,No,,100000,1:08,100000
Chicago,No,,100000,1:53,100000
Chief Daddy 2 - Going for Broke,Yes,2022-01-01,100000,1:53,100000
Chief of Station,No,,100000,1:37,100000
Chihayafuru Part I // ちはやふる－上の句－,No,,100000,1:51,100000
Chihayafuru Part II // ちはやふる－下の句－,No,,100000,1:42,100000
Chinatown Chacha // ไชน่าทาวน์ ชะช่า,No,,100000,1:43,100000
Chinyuki the Movie // 珍遊記,No,,100000,1:40,100000
Chocolate // ช็อกโกแลต,No,,100000,1:29,100000
Chopsticks // चॉपस्टिक्स,Yes,2019-05-31,100000,1:41,100000
Christmas Bloody Christmas,No,,100000,1:27,100000
Christmas Crossfire // Wir können nicht anders,Yes,2020-12-04,100000,1:46,100000
Christmas in August // 8월의 크리스마스,No,,100000,1:37,100000
Christmas with the Kranks,No,,100000,1:39,100000
Church People,No,,100000,1:36,100000
Cilada.com,No,,100000,1:37,100000
Cinayet Süsü,No,,100000,1:52,100000
Cinderella's Curse,No,,100000,1:19,100000
Cine Holliúdy 2: A Chibata Sideral,No,,100000,1:41,100000
Cinta Dari Timor,No,,100000,1:21,100000
Cinta Laki-Laki Biasa,No,,100000,1:47,100000
Circle Line // 生死環線 // 生死环线,No,,100000,1:20,100000
Citizen Dog // หมานคร,No,,100000,1:38,100000
City Hunter // 城市獵人 // 城市猎人,No,,100000,1:39,100000
City Hunter The Movie: Angel Dust // 劇場版シティーハンター 天使の涙(エンジェルダスト),No,,100000,1:34,100000
City Hunter: Shinjuku Private Eyes // 劇場版シティーハンター ＜新宿プライベート・アイズ＞,No,,100000,1:36,100000
City of Damnation // 유감스러운 도시,No,,100000,1:57,100000
Claws // Móng vuốt,No,,100000,1:36,100000
Cliffhanger,No,,100000,1:53,100000
Close to You (2024),No,,100000,1:39,100000
Cobalt Blue // कोबाल्ट ब्लू,Yes,2022-04-02,100000,1:53,100000
Cocaine Cowboys 2,No,,100000,1:40,100000
Coin Heist,Yes,2017-01-06,100000,1:38,100000
Coin Locker Girl // 차이나타운,No,,100000,1:50,100000
Cold Eyes // 감시자들,No,,100000,1:59,100000
Cold War 2 // 寒戰 II // 寒战 2,No,,100000,1:50,100000
Colette (2013),No,,100000,2:00,100000
Collateral Damage,No,,100000,1:49,100000
Come Away,No,,100000,1:34,100000
Comedy of Marriage // Komedia małżeńska,No,,100000,1:35,100000
Comic 8: Casino Kings Part 1,No,,100000,1:41,100000
Comic 8: Casino Kings Part 2,No,,100000,1:33,100000
Comidark Films: Collection 2 // Karakomik Filmler: Koleksiyon 2,No,,100000,1:57,100000
Commitment // 동창생,No,,100000,1:53,100000
Common Wealth // La comunidad,No,,100000,1:44,100000
Como Nossos Pais,No,,100000,1:46,100000
Compagni di scuola (1988),No,,100000,1:55,100000
Complicit (2013),No,,100000,1:39,100000
Coneheads,No,,100000,1:27,100000
Confession // 자백,No,,100000,1:45,100000
Confession of Murder // 내가 살인범이다,No,,100000,2:00,100000
Cop Out (2010),No,,100000,1:47,100000
Corpus Christi // BOŻE CIAŁO,No,,100000,1:55,100000
Cosmic Sin,No,,100000,1:28,100000
Cosy Dens // Pelíšky,No,,100000,1:56,100000
Count // 카운트,No,,100000,1:49,100000
Cowspiracy: The Sustainability Secret,Yes,,100000,1:30,100000
Cracks,No,,100000,1:44,100000
Crime Is Our Business // Le Crime est notre affaire,No,,100000,1:49,100000
Crime Story // 重案組 // 重案组,No,,100000,1:47,100000
Crip Camp: A Disability Revolution,Yes,2020-03-25,100000,1:48,100000
Crocodiles – The Private Life of Primeaval Reptiles // Krokodile - das wahre Leben der Urzeitechsen,No,,100000,0:45,100000
Crooked Business // Hava Muhalefeti,No,,100000,1:49,100000
Cross the Line (2022),No,,100000,1:10,100000
Crossroads: One Two Jaga // One Two Jaga,No,2018-12-01,100000,1:21,100000
Crown for Christmas,No,,100000,1:27,100000
Crypto Man // 폭락,No,,100000,1:42,100000
Cuba and the Cameraman,Yes,2017-11-24,100000,1:54,100000
Cube // CUBE 一度入ったら、最後,No,,100000,1:49,100000
Curious George (2006),No,,100000,1:27,100000
Curse of the Golden Flower // 滿城盡帶黃金甲,No,,100000,1:53,100000
Curse of the Monkey's Claw // Kutukan Cakar Monyet,No,,100000,1:26,100000
Curse of the Totem // Sumpahan Jerunei,No,,100000,1:30,100000
Curse of the Witching Tree,No,,100000,1:43,100000
Cyberbunker: The Criminal Underworld,Yes,2023-11-08,100000,1:42,100000
D.E.B.S.,No,,100000,1:32,100000
Da Kath & Kim Code,Yes,,100000,1:22,100000
Dachau,No,,100000,0:52,100000
Daddyku Gangster,No,,100000,1:49,100000
Daemuga // 대무가,No,,100000,1:48,100000
Daeng Phra Khanong // แดง พระโขนง,No,,100000,1:36,100000
Daffodils,No,,100000,1:33,100000
Dance Dreams: Hot Chocolate Nutcracker,Yes,2020-11-27,100000,1:21,100000
Dance with Him // Danse avec lui,No,,100000,1:58,100000
Dark Figure of Crime // 암수살인,No,,100000,1:50,100000
Darkness Falls (2003),No,,100000,1:26,100000
Das Pubertier (2017),No,,100000,1:30,100000
Daughters,Yes,2024-08-14,100000,1:48,100000
David and the Elves // Dawid i elfy,Yes,2021-12-06,100000,1:47,100000
David Brent: Life on the Road,No,2017-02-10,100000,1:37,100000
Dawn of the Felines // 牝猫たち,No,,100000,1:25,100000
Day Off // 本日公休,No,,100000,1:45,100000
Daylight // Daglicht,No,,100000,1:55,100000
Dead Talents Society // 鬼才之道,Yes,,100000,1:51,100000
Deadbeat Dad // Superpai,No,,100000,1:26,100000
Deadman Inferno // Zアイランド,No,,100000,1:49,100000
Dear David,Yes,2023-02-09,100000,1:58,100000
Dear Ex // 誰先愛上他的 // 谁先爱上他的,No,2019-02-01,100000,1:39,100000
Dear Friend,No,,100000,1:58,100000
Dear Jo,No,,100000,1:44,100000
Dear Nathan Hello Salma,No,,100000,1:43,100000
Dearly Beloved,No,,100000,1:58,100000
Death Bell 2: Bloody Camp // 고사 두 번째 이야기: 교생실습,No,,100000,1:25,100000
Death Row Family // 全員死刑,No,,100000,1:39,100000
Deep Blue Sea 2,No,,100000,1:34,100000
Default // 국가부도의 날,No,,100000,1:54,100000
Deive Leonardo - Before & After // Deive Leonardo - Antes & Depois,Yes,,100000,0:50,100000
Deive Leonardo: The Answer // Deive Leonardo: A Resposta,Yes,,100000,1:23,100000
Delphinsommer,No,,100000,1:25,100000
Demi-Soeurs // Demi-Sœurs,No,,100000,1:41,100000
Demons of War // Demony Wojny Wedlug Goi,No,,100000,1:34,100000
Dendam Penunggu,No,,100000,1:38,100000
Department Q: A Conspiracy of Faith // Flaskepost fra P,No,,100000,1:52,100000
Department Q: The Absent One // Fasandræberne,No,,100000,2:00,100000
Department Q: The Keeper of Lost Causes // Kvinden i buret,No,,100000,1:33,100000
Deranged // 연가시,No,,100000,1:49,100000
Descendant,Yes,2022-10-21,100000,1:50,100000
Desperation Road,No,,100000,1:52,100000
Detective K: Secret of the Living Dead // 조선명탐정: 흡혈괴마의 비밀,No,,100000,2:00,100000
Detective K: Secret of Virtuous Widow // 조선명탐정: 각시투구꽃의 비밀,No,,100000,1:56,100000
Devils // 악마들,No,,100000,1:46,100000
"Diana, Princess of Wales: A Celebration of a Life",No,,100000,1:01,100000
Dilarang Masuk..!,No,,100000,1:14,100000
Dinner,Yes,,100000,1:50,100000
Diplodocus // Smok Diplodok,No,,100000,1:34,100000
Disconnect: The Wedding Planner,Yes,2023-01-13,100000,1:47,100000
Discount,No,,100000,1:42,100000
Divines,No,2016-11-18,100000,1:47,100000
Dog Days // 도그데이즈,No,,100000,1:55,100000
Doi Boy // ดอยบอย,Yes,2023-11-24,100000,1:39,100000
Doll House,Yes,2022-10-07,100000,1:46,100000
Dolly Parton: A MusiCares Tribute,Yes,2021-04-07,100000,0:55,100000
Dominion: Prequel to the Exorcist,No,,100000,1:56,100000
Don't Buy the Seller // 타겟,No,,100000,1:42,100000
Don't Look Back... I Know Your Origins // Jangan Pandang Belakang... Aku Tahu Asal Usulmu,No,,100000,1:38,100000
Dona Flor e Seus Dois Maridos,No,,100000,1:48,100000
Dongalunnaru Jagratha,No,,100000,1:36,100000
Door Lock // 도어락,No,,100000,1:42,100000
Doppelganger. The Double // Doppelgänger. Sobowtór,No,,100000,1:55,100000
Doraemon the Movie: Nobita and the Animal Planet // 映画ドラえもん のび太とアニマル惑星,No,,100000,1:40,100000
Doraemon the Movie: Nobita and the Birth of Japan // 映画ドラえもん のび太の日本誕生,No,,100000,1:40,100000
Doraemon the Movie: Nobita and the Galaxy Super-express // 映画ドラえもん のび太と銀河超特急,No,,100000,1:37,100000
Doraemon the Movie: Nobita and the Kingdom of Clouds // 映画ドラえもん のび太と雲の王国,No,,100000,1:37,100000
Doraemon the Movie: Nobita and the Knights on Dinosaurs // 映画ドラえもん のび太と竜の騎士,No,,100000,1:31,100000
Doraemon the Movie: Nobita and the Mysterious Wind Wizard // 映画ドラえもん のび太とふしぎ風使い,No,,100000,1:24,100000
Doraemon the Movie: Nobita and the Spiral City // 映画ドラえもん のび太のねじ巻き都市冒険記,No,,100000,1:39,100000
Doraemon the Movie: Nobita and the Tin Labyrinth // 映画ドラえもん のび太とブリキの迷宮,No,,100000,1:40,100000
Doraemon the Movie: Nobita in the Wan-Nyan Spacetime Odyssey // 映画ドラえもん のび太のワンニャン時空伝,No,,100000,1:24,100000
Doraemon the Movie: Nobita's Dorabian Nights // 映画ドラえもん のび太のドラビアンナイト,No,,100000,1:40,100000
Doraemon the Movie: Nobita's Great Adventure into the Underworld // 映画ドラえもん のび太の魔界大冒険,No,,100000,1:37,100000
Doraemon the Movie: Nobita's Three Visionary Swordsmen // 映画ドラえもん のび太と夢幻三剣士,No,,100000,1:39,100000
Doraemon the Movie: Nobita’s Diary on the Creation of the World // 映画ドラえもん のび太の創世日記,No,,100000,1:38,100000
Doraemon the Movie: Nobita’s Great Adventure in the South Seas // 映画ドラえもん のび太の南海大冒険,No,,100000,1:31,100000
Doraemon the Movie: The Record of Nobita's Parallel Visit to the West // 映画ドラえもん のび太のパラレル西遊記,No,,100000,1:31,100000
Dorm // เด็กหอ,No,,100000,1:51,100000
Downtown Owl,No,,100000,1:32,100000
Dr. Cheon and the Lost Talisman // 천박사 퇴마 연구소: 설경의 비밀,No,,100000,1:38,100000
Drachenreiter,No,,100000,1:28,100000
Dragon Ball Z: Resurrection 'F' // ドラゴンボールZ 復活の「F」,No,,100000,1:34,100000
Drazen // Dražen,No,,100000,1:39,100000
Dream Animals the Movie // たべっ子どうぶつ THE MOVIE,No,,100000,1:30,100000
Dream Scenario,No,,100000,1:42,100000
Dreamland (2020),No,,100000,1:41,100000
Dreamy Eyes // Mắt biếc,No,,100000,1:57,100000
Dredd,No,,100000,1:36,100000
Driving Miss Daisy,No,,100000,1:39,100000
Drop Zone,No,,100000,1:42,100000
Duan Nago Bogho,No,,100000,1:41,100000
Duisburg // Duisburg - Linea di sangue,No,,100000,1:41,100000
Dumb and Dumberer: When Harry Met Lloyd,No,,100000,1:25,100000
Dying of Laughter // Muertos de risa,No,,100000,1:46,100000
Dìdi,No,,100000,1:34,100000
Días De Fútbol,No,,100000,1:49,100000
E-Sarn Zombie // อีสานซอมบี้,No,,100000,1:41,100000
Earthquake Bird,Yes,2019-11-15,100000,1:47,100000
Easy Money // Snabba Cash,No,,100000,1:59,100000
Easy Rider (1969),No,,100000,1:36,100000
Easy Virtue,No,,100000,1:37,100000
Edifício Master,No,,100000,1:51,100000
Egoist // エゴイスト,No,,100000,2:00,100000
Eike: Tudo ou Nada,No,,100000,1:50,100000
Ein Mord mit Aussicht,No,,100000,1:27,100000
El Camino Christmas,Yes,2017-12-08,100000,1:29,100000
El Hareefa // الحريفة,No,,100000,1:57,100000
"El Pepe, a Supreme Life // El Pepe, una vida suprema",No,2019-12-27,100000,1:13,100000
El Ruby House // بيت الروبي,No,,100000,1:44,100000
El Vasco,No,,100000,1:42,100000
Election // 黑社會 // 黑社会,No,,100000,1:40,100000
Election 2 // 黑社會以和為貴 // 黑社会 2：以和为贵,No,,100000,1:33,100000
Elefante blanco,No,,100000,1:47,100000
Elena Knows // Elena sabe,Yes,2023-11-24,100000,1:41,100000
Elis,No,,100000,1:55,100000
"Elvira I Will Give You My Life but I'm Using It // Elvira, te daría mi vida pero la estoy usando",No,,100000,1:41,100000
Emily Bronte's Wuthering Heights,No,,100000,1:46,100000
Empire State (2013),No,,100000,1:34,100000
En Fuera De Juego,No,,100000,1:44,100000
Enam Batang,No,,100000,1:22,100000
End Game,Yes,2018-05-04,100000,0:40,100000
"English Only, Please",No,,100000,1:47,100000
Enrico Piaggio - An Italian Dream // Piaggio,No,,100000,1:42,100000
Equilibrium,No,,100000,1:47,100000
Escape from L.A.,No,,100000,1:41,100000
Escape Plan,No,,100000,1:56,100000
Eternal Bond // นาคบรรพ์,No,,100000,1:52,100000
Eternal Summer // 盛夏光年,Yes,,100000,1:36,100000
EVANGELION: DEATH (TRUE)²,Yes,,100000,1:09,100000
Ever Been to the Moon? // Sei mai stata sulla luna?,No,,100000,1:50,100000
Everybody Loves Jeanne // Tout le monde aime Jeanne,No,,100000,1:37,100000
Everything Is for Love // Her Şey Aşk İçin,No,,100000,1:54,100000
Everything's Going to Be Great,No,,100000,1:35,100000
Evolution (2001),No,,100000,1:42,100000
Exit // 엑시트,No,,100000,1:44,100000
Explota Explota,No,,100000,1:57,100000
Extreme Measures (1996),No,,100000,1:58,100000
Extremely Easy Job // Nghề siêu dễ,No,,100000,1:57,100000
Face Off 5: 48H // Lật mặt 5: 48h,Yes,,100000,1:50,100000
Face to Face // وش في وش,Yes,,100000,1:57,100000
Face to Face with ETA: Conversations with a Terrorist // No me llame Ternera,Yes,2023-12-15,100000,1:43,100000
Falling for Figaro,No,2021-10-22,100000,1:45,100000
Family Business // La Monnaie De Leur Pièce,No,,100000,1:26,100000
Fan Girl (2020),Yes,,100000,1:41,100000
Fashion King // 패션왕,No,,100000,1:55,100000
Fate of Alakada,No,,100000,1:53,100000
Father & Son (2022),No,,100000,1:17,100000
Father and Guns 2 // De père en flic 2,No,,100000,1:57,100000
Fathers and Mothers // Fædre & Mødre,No,,100000,1:37,100000
Fay & Tom 4 // Fien & Teun: Gaan Op Schattenjacht,No,,100000,1:06,100000
Feast // Apag,No,,100000,1:37,100000
Female Factor // Za vším hledej ženu,No,,100000,1:43,100000
Fidgety Bram // Brammetje Baas,No,,100000,1:19,100000
Fien & Teun: Het Grote Dierenfeest,No,,100000,1:00,100000
Fien en Teun Gaan Kamperen,No,,100000,1:06,100000
Fierce // Jak zostać gwiazdą,No,2020-12-02,100000,1:57,100000
Fight Back to School III // 逃學威龍三之龍過鷄年 // 逃学威龙 3 之龙过鸡年,No,,100000,1:29,100000
Final Destination 2,No,,100000,1:30,100000
Final Destination 3,No,,100000,1:33,100000
Final Destination 5,No,,100000,1:32,100000
Finding Agnes,Yes,2020-11-30,100000,1:46,100000
Fire in Paradise,Yes,2019-11-01,100000,0:40,100000
Firefighters // 소방관,No,,100000,1:46,100000
Fireheart,No,,100000,1:32,100000
Fireworks // Kembang Api,No,,100000,1:45,100000
First Love // 初恋,No,,100000,1:55,100000
First Love // ファーストラヴ,No,,100000,1:59,100000
Five Feet Apart,No,,100000,1:56,100000
Five Star Princess // Putri Bintang Lima,No,,100000,1:24,100000
Flavors of Youth: International Version // 詩季織々,Yes,2018-08-04,100000,1:14,100000
Flight 404 // رحلة ٤٠٤,No,,100000,1:44,100000
Flip a Coin -ONE OK ROCK Documentary-,Yes,2021-10-21,100000,1:45,100000
Fluke // Fuks,No,,100000,1:25,100000
Fly Me to the Saitama: From Biwa Lake With Love // 翔んで埼玉 〜琵琶湖より愛をこめて〜,No,,100000,1:57,100000
Flying Colors // ビリギャル,No,,100000,1:56,100000
Following // 그녀가 죽었다,No,,100000,1:43,100000
Foodies (2022),No,,100000,1:29,100000
Foot Fairy (Hindi) // हादसा,No,,100000,1:54,100000
For the Good of Others // El mal ajeno,No,,100000,1:38,100000
Forbidden City Cop // 大內密探零零發 // 大内密探零零发,No,,100000,1:29,100000
Force Majeure // Turist,No,,100000,2:00,100000
Force of Nature: The Dry 2,No,,100000,1:52,100000
Forever Out of My League // Sempre più bello,Yes,2022-04-01,100000,1:44,100000
Forever Young (1992),No,,100000,1:42,100000
Forgive Us Our Debts // Rimetti a noi i nostri debiti,No,2018-05-04,100000,1:45,100000
Found,Yes,2021-10-20,100000,1:38,100000
Four Christmases,No,,100000,1:28,100000
Fox Hunt // 獵狐行動 // 猎狐行动,No,,100000,1:45,100000
Foxtrot Six,No,,100000,1:54,100000
Frances Ha,No,,100000,1:26,100000
Frankie and Johnny (1991),No,,100000,1:58,100000
Freaks of Nature (2015),No,,100000,1:33,100000
Fred Claus,No,,100000,1:55,100000
Free Willy 3: The Rescue,No,,100000,1:26,100000
French Blood // Un Français,No,,100000,1:37,100000
Friday Night Fever // Trên bàn nhậu dưới bàn mưu,No,,100000,1:54,100000
Friday Night Plan // फ़्राइडे नाइट प्लान,Yes,2023-09-01,100000,1:49,100000
Friend // 친구,No,,100000,1:58,100000
Fright Night (1985),No,,100000,1:47,100000
From Beijing with Love // 國產凌凌漆 // 国产凌凌漆,No,,100000,1:24,100000
From Dusk Till Dawn (1996),No,,100000,1:48,100000
From London to Bali,No,,100000,1:31,100000
Frybread Face and Me,No,,100000,1:22,100000
Fujii Kaze Love All Serve All Stadium Live,No,,100000,1:38,100000
FURERU // ふれる。,No,,100000,1:46,100000
G for Gap // 走走停停,No,,100000,1:44,100000
Gaby Estrella: O Filme,No,,100000,1:34,100000
Game Over (Hindi Version) // गेम ओवर,No,,100000,1:38,100000
Gandu,No,,100000,1:26,100000
Gangster Ka,No,,100000,1:37,100000
Gangster Ka: African // Gangster Ka: Afričan,No,,100000,1:37,100000
Gangster No. 1,No,,100000,1:36,100000
Gangster Squad,No,,100000,1:53,100000
Garbo: Where Did You Go?,No,,100000,1:41,100000
Geez & Ann,Yes,2021-02-25,100000,1:46,100000
Gemencheh Boys,No,,100000,1:48,100000
Gen Hoshino Concert Recollections 2015-2023,No,,100000,1:13,100000
Gendut Siapa Takut?!,No,,100000,1:36,100000
Generation Ikea // Pokolenie Ikea,No,,100000,1:40,100000
Georgetown,No,,100000,1:40,100000
Get Him Girl! // ส้มป่อย,No,,100000,1:59,100000
Get Him to the Greek,No,,100000,1:49,100000
Get Rich or Die Tryin',No,,100000,1:57,100000
Get Well Soon // Bon rétablissement!,No,,100000,1:21,100000
Ghetto Boys vs. The Ghost of Liang Mui // Geng Sakau Vs Hantu Ting Tong,No,,100000,1:24,100000
Ghost in the Shell: SAC_2045 Sustainable War // 攻殻機動隊 SAC_2045 持続可能戦争,No,2022-05-09,100000,1:59,100000
Ghost in the Shell: Solid State Society // 攻殻機動隊 STAND ALONE COMPLEX Solid State Society,No,,100000,1:48,100000
Ghost in the Shell: The New Movie // 攻殻機動隊 新劇場版,No,,100000,1:40,100000
Ghost Town (2008),No,,100000,1:42,100000
Ghost Writer (2019),No,,100000,1:37,100000
Ghost Writer 2,No,,100000,1:54,100000
Ghostbusters 2,No,,100000,1:48,100000
Ghosting: The Spirit of Christmas,No,,100000,1:26,100000
Giants the Movie // Giants the Movie ～頂点への挑戦～,No,,100000,1:37,100000
Gimme Power // Todo el poder,No,,100000,1:45,100000
Gimme Shelter (2013),No,,100000,1:41,100000
GIMS: On the Record // GIMS,Yes,2020-09-17,100000,1:36,100000
Gintama: The Movie // 劇場版 銀魂 新訳紅桜篇,No,,100000,1:35,100000
Gippi // गिप्पी,Yes,,100000,1:33,100000
Girl's Revenge // 哈囉少女 // 哈啰少女,Yes,,100000,1:22,100000
Girlfriend's Day,Yes,2017-02-14,100000,1:11,100000
Girls With Balls,Yes,2019-07-26,100000,1:17,100000
Gladiator (1992),No,,100000,1:42,100000
Gli Idoli Delle Donne,No,,100000,1:34,100000
Goat (2016),No,,100000,1:43,100000
Goat Story 2 // Kozí Príbeh 2,No,,100000,1:22,100000
God of Gamblers 3: The Early Stage // 賭神3之少年賭神 // 赌神 3 之少年赌神,No,,100000,1:42,100000
God Willing // Se Dio vuole,No,,100000,1:24,100000
God's Not Dead: A Light in Darkness,No,,100000,1:46,100000
"Godzilla, Mothra and King Ghidorah: Giant Monsters All Out Attack // ゴジラ・モスラ・キングギドラ 大怪獣総攻撃",No,,100000,1:45,100000
Gold Run // Gulltransporten,No,,100000,1:57,100000
Goldstone,No,,100000,1:50,100000
Golo Et Ritchie,No,,100000,1:15,100000
GomBurZa,Yes,,100000,1:55,100000
Goodbye Farewell // Sampai Jumpa Selamat Tinggal,Yes,,100000,1:49,100000
Grace and Grace // فضل ونعمة,No,,100000,1:41,100000
Grand Prix (2022),No,,100000,1:46,100000
Grass Is Greener,Yes,2019-04-20,100000,1:38,100000
Gravity (2013),No,,100000,1:31,100000
Green Sea // Πράσινη Θάλασσα,No,,100000,1:35,100000
Grizzly II,No,,100000,1:14,100000
Growing up and other problems // Hacerse mayor y otros problemas,No,,100000,1:31,100000
Grumpy Christmas // Una Navidad no tan padre,Yes,2021-12-21,100000,1:28,100000
Guadalupe Reyes,No,,100000,1:32,100000
Guardians of the Tomb,No,2018-03-02,100000,1:31,100000
Guilty,Yes,2020-03-06,100000,2:00,100000
Guimoon: The Lightless Door // 귀문,No,,100000,1:25,100000
Gunkanshonen // 軍艦少年,No,,100000,1:44,100000
Haikyuu!!  the Movie 2: The Winner and the Loser // 劇場版総集編 後編 『ハイキュー!! 勝者と敗者』,No,,100000,1:28,100000
Haikyuu!! the Movie 1: The End and the Beginning // 劇場版総集編 前編 『ハイキュー!! 終わりと始まり』,No,,100000,1:29,100000
Halabala (Survival Cut) // ฮาลาบาลา ป่าจิตหลุด Survival Cut,No,,100000,1:39,100000
Hand // 手,No,,100000,1:40,100000
Hantu Jeruk Purut Reborn,No,,100000,1:16,100000
Happy End // 해피엔드,No,,100000,1:40,100000
Happy New Year 2 // Šťastný nový rok 2: Dobro došli,No,,100000,1:35,100000
Hard Hit // 발신제한,No,,100000,1:34,100000
Hard Lessons,No,,100000,1:34,100000
Hard Miles,No,,100000,1:49,100000
Hard to Kill (1990),No,,100000,1:36,100000
Hard Truths,No,,100000,1:37,100000
Hardball (2001),No,,100000,1:46,100000
Hari yang Dijanjikan,No,,100000,1:18,100000
Haul Out the Holly,No,,100000,1:25,100000
Haul Out the Holly: Lit Up,No,,100000,1:25,100000
Haunted Tales // เรื่อง ผี เล่า,No,,100000,1:38,100000
Haunted Universities // มหา'ลัยสยองขวัญ,No,,100000,1:41,100000
Haunters // 초능력자,No,,100000,1:52,100000
Haunting of Margam Castle,No,,100000,1:18,100000
Havana // 폭로,No,,100000,1:42,100000
Hayao Miyazaki and the Heron // 宮﨑駿と青サギと… ～「君たちはどう生きるか」への道,No,,100000,2:00,100000
Haywire (2011),No,,100000,1:33,100000
He Even Has Your Eyes // Il a déjà tes yeux,No,,100000,1:35,100000
Head to Head // راس براس,Yes,2023-08-03,100000,1:35,100000
Headhunters // Hodejegerne,No,,100000,1:36,100000
Heartbreak Motel,Yes,,100000,1:55,100000
Hearts in Atlantis,No,,100000,1:41,100000
Heaven's Seven 2 // 7 ประจัญบาน 2,No,,100000,1:41,100000
Helios // 赤道,No,,100000,1:58,100000
Hell Is for Heroes,No,,100000,1:30,100000
Hello Carbot The Movie: Save The Moon // 극장판 헬로카봇: 달나라를 구해줘!,No,,100000,1:16,100000
Hello Carbot the Movie: The Cretaceous Period // 극장판 헬로카봇: 백악기 시대,No,,100000,1:24,100000
Hello Carbot the Movie: The Secret of Omphalos Island // 극장판 헬로카봇 : 옴파로스 섬의 비밀,No,,100000,1:17,100000
Hello Carbot the Movie: The Secret of the Suspicious Magic Troupe // 극장판 헬로카봇 : 수상한 마술단의 비밀,No,,100000,1:19,100000
Hello Ghost // 我的麻吉4個鬼 // 我的麻吉 4 个鬼,No,,100000,1:44,100000
Hello Jadoo (2016) // 극장판 안녕 자두야,No,,100000,1:16,100000
Hello Jadoo: The Secret of Jeju Island // 극장판 안녕자두야: 제주도의 비밀,No,,100000,1:30,100000
Hello Mr. Billionaire // 西虹市首富,No,,100000,1:57,100000
Hello Yasothorn // แหยมยโสธร,No,,100000,1:33,100000
Hello Yasothorn 2 // แหยมยโสธร 2,No,,100000,1:29,100000
Hello Yasothorn 3 // แหยมยโสธร 3,No,,100000,1:32,100000
"Hello, Love, Goodbye",No,,100000,1:57,100000
"Hello, Universe",No,,100000,1:42,100000
Helpless // 화차,No,,100000,1:55,100000
Hep Yek: Düğün,No,,100000,1:26,100000
Her Blue Sky // 空の青さを知る人よ,No,,100000,1:47,100000
Her Body // Její tělo,No,,100000,1:47,100000
Her Drunken Diary // Zápisník alkoholičky,No,,100000,1:32,100000
Here Come the Teachers // Arrivano i prof,No,,100000,1:36,100000
Heroes: Silence and Rock & Roll // Héroes: Silencio y rock & roll,No,,100000,1:35,100000
Heroin(e),Yes,2017-09-12,100000,0:40,100000
Heung-Boo: The Revolutionist // 흥부: 글로 세상을 바꾼 자,No,,100000,1:45,100000
Hidden // 히든,No,,100000,1:35,100000
Hidden Fortress: The Last Princess // 隠し砦の三悪人 THE LAST PRINCESS,No,,100000,1:58,100000
Hide and Seek // 숨바꼭질,No,,100000,1:47,100000
High Ground (2020),No,,100000,1:45,100000
High School Serenade // Gita Cinta Dari SMA,No,,100000,1:44,100000
High Society (2017),No,,100000,1:41,100000
Hobal // هوبال,No,,100000,1:56,100000
Hold Your Breath: The Ice Dive,Yes,2022-05-03,100000,0:41,100000
Holiday on Four Wheels // Prázdniny s Brouckem,No,,100000,1:27,100000
Holy Spider // عنکبوت مقدس,No,,100000,1:58,100000
Home Again,No,2018-01-12,100000,1:37,100000
Home Sweet Home // スイート・マイホーム,No,,100000,1:54,100000
Homecoming // Mudik,No,,100000,1:34,100000
Homeland // Né quelque part,No,,100000,1:25,100000
Homesick // De nærmeste,No,,100000,1:38,100000
Honey (2024),No,,100000,1:36,100000
Honey Lemon Soda // ハニーレモンソーダ,No,,100000,1:51,100000
Honor Thy Father (2015),No,,100000,1:54,100000
Hoodwinked Too! Hood vs. Evil,No,,100000,1:27,100000
Hopeless // 화란,No,,100000,1:59,100000
Horizon (2024),Yes,,100000,0:50,100000
Horizon Line,No,2021-01-19,100000,1:32,100000
Horse Girl,Yes,2020-02-07,100000,1:44,100000
Hostage (2005),No,,100000,1:54,100000
Hot Gimmick: Girl Meets Boy // ホットギミック ガールミーツボーイ,Yes,2019-12-28,100000,2:00,100000
Hot Rod,No,,100000,1:28,100000
Hotel Bitcoin,No,,100000,1:41,100000
Hotel for Dogs,No,,100000,1:41,100000
House Arrest // हाउस अरेस्ट,Yes,2019-11-15,100000,1:45,100000
House of Lies (2023),No,,100000,1:23,100000
How to Be Yours,No,,100000,1:53,100000
How To Deal With a Heartbreak // Soltera codiciada 2,Yes,2023-09-22,100000,1:42,100000
How to Have Sex,No,,100000,1:31,100000
How To Pull Out a Whale’s Tooth // Jak Vytrhnout Velrybě Stoličku,No,,100000,1:20,100000
Hubert ohne Staller - Dem Himmel ganz nah,No,,100000,1:28,100000
"Hug! Pretty Cure, Futari wa Pretty Cure the Movie // 映画HUGっと! プリキュア♡ふたりはプリキュア オールスターズメモリーズ",No,,100000,1:14,100000
Hungry Bear Tales: To the Pole Or Bust! // Mlsné medvědí příběhy: Na pól!,No,,100000,1:01,100000
Hunting Season // Jagtsæson,No,,100000,1:31,100000
Hurdang,No,,100000,1:59,100000
"Husband, Wife, Kids… and Lovers // Tout Nous Sourit",No,,100000,1:38,100000
Hyena Road,No,,100000,2:00,100000
I (2021),No,,100000,1:27,100000
I Accidentally Wrote a Book // Véletlenül írtam egy könyvet,No,,100000,1:41,100000
I Am Not Big Bird,Yes,,100000,1:36,100000
I Am Zlatan // Jag Är Zlatan,No,,100000,1:38,100000
I Believe in Santa // Uwierz w Mikołaja,No,,100000,1:33,100000
I Can Quit Whenever I Want: Ad Honorem // Smetto quando voglio: Ad honorem,No,,100000,1:42,100000
I Don't Expect Anyone to Believe Me // No voy a pedirle a nadie que me crea,Yes,2023-11-22,100000,1:57,100000
I Don't Know How She Does It,No,,100000,1:29,100000
I Fine... Thank You... Love You // ไอฟาย..แต๊งกิ้ว..เลิฟยู้,No,,100000,1:56,100000
I Go Crazy // Eu Fico Loko,No,,100000,1:33,100000
I Know What You Did Last Raya,No,,100000,1:31,100000
I Lost My Body // J'ai perdu mon corps,No,2019-11-29,100000,1:21,100000
I Love You to Death (2016),No,,100000,1:45,100000
I Love You Two Thousand // 14 อีกครั้ง,No,,100000,1:54,100000
I Used to Be Funny,No,,100000,1:46,100000
I'll Sell My Skin Dearly // Vendo Cara La Pelle,No,,100000,1:28,100000
I-4: Loafing and Camouflage // Ι-4: Λουφά και Απαλλαγή,No,,100000,1:34,100000
Ibn Al-Hajj Ahmed // ابن الحاج أحمد,No,,100000,1:36,100000
Ibu,No,,100000,1:21,100000
Idiot Love // Amor Idiota,No,,100000,1:32,100000
If Cats Disappeared from the World // 世界から猫が消えたなら,No,,100000,1:38,100000
If Only She Knew // Ik wist het,No,,100000,1:34,100000
If You Love Somebody // Lykkelige Omstændigheder,No,,100000,1:37,100000
Ijakumo: The Born Again Stripper,No,,100000,1:57,100000
Il Campione,No,,100000,1:46,100000
Il Caso Carretta,No,,100000,1:15,100000
Il Nibbio,No,,100000,1:49,100000
Il principe abusivo,No,,100000,1:38,100000
Ilary Blasi: The One and Only // Unica,Yes,2023-11-24,100000,1:21,100000
Ile Owo,No,,100000,1:35,100000
Illusions for Sale: The Rise and Fall of Generation Zoe // El vendedor de ilusiones: El caso Generación Zoe,Yes,2024-05-23,100000,1:48,100000
Impostor,No,,100000,1:36,100000
Impractical Jokers: The Movie,No,,100000,1:32,100000
In an Isolated Cottage on a Snowy Mountain // ある閉ざされた雪の山荘で,No,,100000,1:49,100000
In Broad Daylight // في عز الضهر,No,,100000,1:48,100000
In Bruges,No,,100000,1:47,100000
In Defense of a Married Man,No,,100000,1:34,100000
In Desert and Wilderness // W Pustyni I W Puszczy,No,,100000,1:51,100000
In Her Hands,Yes,2022-11-16,100000,1:34,100000
In Oranje,No,,100000,1:35,100000
In Our Prime // 이상한 나라의 수학자,No,,100000,1:57,100000
In the Game // La Finale,No,,100000,1:22,100000
In the Mood for Love // 花様年華,No,,100000,1:39,100000
Infernal Affairs II // 無間道 II // 无间道 2,No,,100000,1:59,100000
Infernal Affairs III // 無間道 III 終極無間 // 无间道 3：终极无间,No,,100000,1:58,100000
Ingoma,No,,100000,1:28,100000
Insensate // Terapia do Medo,No,,100000,1:23,100000
Inside (2023),No,,100000,1:46,100000
Inside (2024),No,,100000,1:44,100000
Inside Cadbury Chocolate Secrets Unwrapped,No,,100000,0:47,100000
Inside Job (2024),No,,100000,1:19,100000
Inside Llewyn Davis,No,,100000,1:45,100000
Into the Inferno,Yes,2016-10-28,100000,1:47,100000
Intolerable Cruelty,No,,100000,1:40,100000
Intolerance // 空白,No,,100000,1:48,100000
Intruder // 침입자,No,,100000,1:42,100000
Inu-Oh // 犬王,No,,100000,1:39,100000
Invalid // Invalida,No,,100000,1:48,100000
Invisible (2017),No,,100000,1:27,100000
Iracema - Uma Transa Amazônica,No,,100000,1:38,100000
Irmã Dulce,No,,100000,1:34,100000
Irrational Man,No,,100000,1:35,100000
Irul,No,,100000,1:31,100000
Isa Pa with Feelings,No,,100000,1:42,100000
Isi&Disi: Amor a lo bestia,No,,100000,1:28,100000
Isi/Disi: Alto voltaje,No,,100000,1:26,100000
Island // Ostrov,No,,100000,1:36,100000
Ismael,No,,100000,1:51,100000
It Feels So Good // 火口のふたり,No,,100000,1:56,100000
It Follows,No,,100000,1:40,100000
It Is Hell with a Princess // Peklo s princeznou,No,,100000,1:38,100000
"It's a Mad, Mad, Mad World // 富貴逼人 // 富贵逼人",No,,100000,1:35,100000
It's All Over: The Kiss That Changed Spanish Football // #SeAcabó: Diario de las campeonas,Yes,2024-11-01,100000,1:36,100000
It's me against you - The mystery of the spellbound school // Me contro te - Il mistero della scuola incantata,No,,100000,1:03,100000
It’s in the Woods // “それ”がいる森,No,,100000,1:48,100000
I’m Your Venus,Yes,2025-06-23,100000,1:25,100000
J2: J Retribution // J2: J Retribusi,No,,100000,1:45,100000
Jackpot // Tři Tygři ve filmu: JACKPOT,No,,100000,1:45,100000
Jaga Pocong,No,,100000,1:24,100000
Jagdsaison (2022),No,,100000,1:33,100000
Jak Pokonać Kaca,No,,100000,1:18,100000
Jak ukradłem 100 milionów,No,,100000,1:34,100000
Jake & Isa and the Biomes of Brazil // Thiago & Ísis E Os Biomas Do Brasil,No,,100000,1:30,100000
Jan Dara: The Beginning // จันดารา ปฐมบท,No,,100000,1:55,100000
Jaoon Kahan Bata Ae Dil // जाऊं कहां बता ऐ दिल,Yes,2019-08-09,100000,1:47,100000
Jawbreaker,No,,100000,1:27,100000
Jefe,Yes,2018-10-26,100000,1:29,100000
Jemputan Ke Neraka,No,,100000,1:46,100000
JerryMaja's Detective Agency - The First Mystery // LasseMajas detektivbyrå - Det första mysteriet,No,,100000,1:29,100000
JerryMaya Detective Agency – the Lost Mascot // LasseMajas detektivbyrå - maskoten som försvann,No,,100000,1:30,100000
Jewel,Yes,2022-07-08,100000,1:22,100000
Jin & Jun,No,,100000,1:54,100000
Jingle All the Way 2,No,,100000,1:34,100000
Joan Didion: The Center Will Not Hold,Yes,2017-10-27,100000,1:38,100000
Johnny English Reborn,No,,100000,1:41,100000
Johnny English Strikes Again,No,,100000,1:29,100000
Join or Die,No,,100000,1:37,100000
Joint Security Area // 공동경비구역 JSA,No,,100000,1:49,100000
JoJo's Bizarre Adventure: Diamond Is Unbreakable - Chapter 1 // ジョジョの奇妙な冒険 ダイヤモンドは砕けない 第一章,No,,100000,1:59,100000
Jolt,No,,100000,1:31,100000
Jomblo (2017),No,,100000,1:57,100000
Journey to Bethlehem,No,,100000,1:39,100000
Joy,No,2019-05-24,100000,1:41,100000
Joy Within Reach // Radost na dosah,No,,100000,1:29,100000
Joyride (2022),No,,100000,1:34,100000
Ju-on Black Ghost // 呪怨 黒い少女,No,,100000,1:00,100000
Ju-on: The Curse // 呪怨  (ビデオオリジナル版),No,,100000,1:10,100000
Judge! // ジャッジ!,No,,100000,1:46,100000
Jungle (2017),No,,100000,1:55,100000
Junior Majeur,No,,100000,1:55,100000
Jussi Adler Olsen's Serie Q: Journal 64 // Journal 64,No,,100000,1:58,100000
Just Buried,No,,100000,1:34,100000
Just Like a Christmas Movie,No,,100000,1:30,100000
"Justice, My Foot! // 審死官 // 审死官",No,,100000,1:35,100000
Justin Timberlake + the Tennessee Kids,No,2016-10-12,100000,1:30,100000
Jwanita,No,,100000,1:36,100000
K-On! The Movie // 映画 けいおん!,No,,100000,1:50,100000
Kaibutsu-Kun: The Movie // 映画 怪物くん,No,,100000,1:43,100000
Kain Kafan Hitam,No,,100000,1:16,100000
Kamome Diner // かもめ食堂,No,,100000,1:42,100000
Kampon,Yes,,100000,1:32,100000
Kamu Tidak Sendiri,No,,100000,1:40,100000
Kappela,No,,100000,1:52,100000
Karbala,No,,100000,1:51,100000
Kardec,No,2019-08-29,100000,1:50,100000
Kardeşim Benim 2,No,,100000,1:55,100000
Kartu Pos Wini,No,,100000,1:28,100000
Kath & Kimderella,Yes,,100000,1:26,100000
Katteri,No,,100000,1:52,100000
KATURI the Movie The Big City Adventure // 극장판 엄마 까투리: 도시로 간 까투리가족,No,,100000,1:16,100000
Kenju to Medamayaki // 拳銃と目玉焼,No,,100000,1:50,100000
Kevin Hart & Chris Rock: Headliners Only,Yes,2023-12-12,100000,1:23,100000
Keys to the Heart,Yes,2023-10-04,100000,1:43,100000
Khun Pan // ขุนพันธ์,No,,100000,1:50,100000
Kill (2023),No,,100000,1:45,100000
Kill Dil // किल दिल,Yes,,100000,1:58,100000
Kim Ji-Young: Born 1982 // 82년생 김지영,No,,100000,1:59,100000
Kindergarten War // อนุบาลเด็กโข่ง,No,,100000,1:38,100000
King of Clones // 킹 오브 클론 : 황우석 박사의 몰락,Yes,2023-06-23,100000,1:26,100000
King of Prison 2: The Prison War // 범털 2: 쩐의 전쟁,No,,100000,1:51,100000
King Size // Kingsajz,No,,100000,1:45,100000
Kiss Me at the Stroke of Midnight // 午前0時、キスしに来てよ,No,,100000,1:53,100000
Kiss My Ass Boss // 他馬克老闆,No,,100000,1:56,100000
Klassefesten 2: Begravelsen,No,,100000,1:33,100000
Klovn Forever,No,,100000,1:35,100000
Klovn the Final,No,,100000,1:32,100000
Klown // Klovn the Movie,No,,100000,1:30,100000
Kneecap,No,,100000,1:45,100000
Kodachrome,No,2018-04-20,100000,1:45,100000
"Kogel Mogel 3 // Miszmasz, czyli Kogel mogel 3",No,,100000,1:34,100000
Kolpaçino: Bomba,No,,100000,1:33,100000
KONGSUNI the movie: TOY WORLD ADVENTURE // 극장판 콩순이 : 장난감나라 대모험,No,,100000,1:20,100000
KonoSuba: God's Blessing on this Wonderful World! Legend of Crimson // この素晴らしい世界に祝福を! 紅伝説,No,,100000,1:30,100000
Kontra,No,,100000,1:41,100000
Krime Story Love Story,No,,100000,1:55,100000
Kroll,No,,100000,1:37,100000
Kromoleo,Yes,,100000,1:20,100000
Król Życia,No,,100000,1:33,100000
Kuiko,Yes,,100000,1:52,100000
"Kumiko, the Treasure Hunter",No,,100000,1:44,100000
Kyrie // キリエのうた,No,,100000,2:00,100000
Köstebekgiller: Ata Tohumu Muhafızları,No,,100000,1:30,100000
L'agenzia dei bugiardi,No,,100000,1:38,100000
L'intervention,No,,100000,1:38,100000
La bataille du rail,No,,100000,1:19,100000
La Belle Étincelle,No,,100000,1:28,100000
La cena perfetta,No,,100000,1:46,100000
La Coppia Dell’acido,No,,100000,1:25,100000
La marge,No,,100000,1:26,100000
La Salsa Vive,No,,100000,1:43,100000
La Source (2019),No,,100000,1:44,100000
La vita da grandi,No,,100000,1:36,100000
Laid-Back Camp The Movie // 映画 ゆるキャン△,No,,100000,2:00,100000
Lali: Time to Step Up // Lali: La que le gana al tiempo,Yes,2025-12-04,100000,1:15,100000
Land of Hope (2018),No,,100000,1:48,100000
Land Of Spirits: The Blind Shaman // Ai chết giơ tay: Pháp Sư Mù,No,,100000,2:00,100000
Langit Kala Senja,No,,100000,1:23,100000
Larissa: The Other Side of Anitta // Larissa: O Outro Lado de Anitta,Yes,2025-03-06,100000,1:40,100000
Lasciarsi un giorno a Roma,No,,100000,1:56,100000
LasseMajas Detektivbyrå - Skorpionens gåta,No,,100000,1:23,100000
Last Film Show (Hindi) // Chhello Show (Hindi),No,,100000,1:54,100000
Last Hero in China // 黃飛鴻鐵雞鬥蜈蚣 // 黄飞鸿之铁鸡斗蜈蚣,No,,100000,1:50,100000
Layla Majnun,No,2021-02-11,100000,1:59,100000
Le Deuxième Acte,No,,100000,1:20,100000
Le Roi Soleil (2025),No,,100000,1:49,100000
Leafie: A Hen into the Wild // 마당을 나온 암탉,No,,100000,1:32,100000
Leak 2,No,,100000,1:29,100000
Legend Of The Dragon // 龍的傳人 // 龙的传人,No,,100000,1:36,100000
Lesson // 레슨,No,,100000,1:36,100000
Let's Make a Grandson // Zróbmy sobie wnuka,No,,100000,1:23,100000
Liam Gallagher: As It Was,No,,100000,1:25,100000
Lieutenant Adnan // Leftenan Adnan,No,,100000,1:53,100000
Life in Outer Space: Exoplanets,No,,100000,0:53,100000
Life is Filled with So Much of You // Hidup Ini Terlalu Banyak Kamu,No,,100000,1:41,100000
Lightning Catching Adventure // Petualangan Menangkap Petir,No,,100000,1:30,100000
Lights Out (2016),No,,100000,1:21,100000
Like & Share,No,,100000,1:52,100000
Like An Afternoon Dream // Nanpakal Nerathu Mayakkam,Yes,,100000,1:47,100000
LIM YOUNG WOONG│IM HERO THE STADIUM // 임영웅│아임 히어로 더 스타디움,No,,100000,1:49,100000
Line of Duty (2019),No,,100000,1:39,100000
Linha de Passe,No,,100000,1:54,100000
Lion's Den // Leonera,No,,100000,1:53,100000
Litrato,No,,100000,1:40,100000
Little Big Mouth,Yes,2021-10-22,100000,1:35,100000
Little Crumb // Kruimeltje,No,,100000,1:55,100000
Little Nicholas - Happy as Can Be // Le Petit Nicolas : Qu'est-ce qu'on attend pour être heureux ?,No,,100000,1:25,100000
Little Nicky,No,,100000,1:30,100000
Little Red Riding Wolf // De Caperucita a loba,No,,100000,1:33,100000
Live is Life,No,2022-07-18,100000,1:49,100000
Liverleaf // ミスミソウ,No,,100000,1:55,100000
Lo más sencillo es complicarlo todo,No,,100000,1:34,100000
Loafing and Camouflage: Sirens at Land // Λούφα και Παραλλαγή : Σειρήνες στη Στεριά,No,,100000,1:48,100000
Loafing and Camouflage: Sirens in the Aegean // Λούφα και Παραλλαγή : Σειρήνες στο Αιγαίο,No,,100000,1:51,100000
Lobo feroz,No,,100000,1:46,100000
Locke,No,,100000,1:24,100000
Loco Por Vos,No,,100000,1:40,100000
Loft (2010),No,,100000,1:51,100000
Logan Lucky,No,,100000,1:59,100000
Lola (2024),No,,100000,1:23,100000
Lommbock,No,,100000,1:46,100000
Lonely Castle in the Mirror // かがみの孤城,No,,100000,1:56,100000
Long D // 롱디,No,,100000,1:41,100000
Long Live Italy! // Viva l'Italia,No,,100000,1:47,100000
Long Live the Bonus Family // Länge leve bonusfamiljen,No,,100000,1:46,100000
Long Shot,Yes,2017-09-29,100000,0:40,100000
Longest Third Date,Yes,2023-04-18,100000,1:16,100000
Longkai,No,,100000,1:25,100000
"Look Out, Officer // 師兄撞鬼 // 师兄撞鬼",No,,100000,1:28,100000
Looney Tunes: The Day the Earth Blew Up,No,,100000,1:31,100000
Los Tigres del Norte at Folsom Prison // Los Tigres del Norte en la Prisión de Folsom,No,2019-09-15,100000,1:04,100000
Losing Lerato,No,,100000,1:36,100000
Losmen Melati,No,,100000,1:33,100000
Lost and Love // 失孤,No,,100000,1:48,100000
Lost in Perfection // 惡女 // 恶女,Yes,,100000,1:54,100000
Love at First Stream,Yes,,100000,1:52,100000
Love Child (2024),Yes,,100000,1:42,100000
Love for Sale: Suely in the Sky // O Céu de Suely,No,,100000,1:27,100000
Love Hurts (2025),No,,100000,1:23,100000
Love Is Dead // Rupture Pour Tous,No,,100000,1:35,100000
Love Lies Bleeding (2024),No,,100000,1:44,100000
Love Like the Falling Rain // Seperti Hujan Yang Jatuh Ke Bumi,Yes,2020-10-15,100000,1:27,100000
Love Never Ends // 我愛你!,No,,100000,1:56,100000
Love Reset // 30일,No,,100000,1:55,100000
Love Sarah,No,,100000,1:38,100000
Love Sorry (2022),No,,100000,1:46,100000
Love Strikes! // モテキ,No,,100000,1:58,100000
Love the Way U Lie,No,2020-08-19,100000,1:39,100000
Love Unlike In K-Dramas // Cinta Tak Seindah Drama Korea,Yes,,100000,2:00,100000
Love You as the World Ends Final The Movie // 劇場版 君と世界が終わる日に FINAL,No,,100000,1:55,100000
Love You Long Time,Yes,,100000,1:45,100000
Love's Kitchen,No,,100000,1:30,100000
"Love, In Between // 두 여자",No,,100000,1:45,100000
Loving Bali // Verliefd op Bali,No,,100000,1:53,100000
Lucid (2019),No,,100000,1:28,100000
Lucid Dream // 루시드 드림,Yes,2017-06-01,100000,1:42,100000
Lucky Loser // Šťastný Smolař,No,,100000,1:40,100000
Lullaby (2022),No,,100000,1:30,100000
Lupin the 3rd: The Secret of Mamo // ルパン三世　ルパンVS複製人間,No,,100000,1:42,100000
Lykkevej,No,,100000,1:35,100000
Lísàbí: A Legend Is Born,No,,100000,1:32,100000
Lísàbí: The Uprising,No,2024-09-27,100000,1:47,100000
Ma Da,No,,100000,1:35,100000
Mad Max Beyond Thunderdome,No,,100000,1:47,100000
Mad Money,No,,100000,1:44,100000
Made in Abyss: Dawn of the Deep Soul // 劇場版メイドインアビス 深き魂の黎明,No,,100000,1:45,100000
Made in France (2015),No,,100000,1:33,100000
Made in Italy (2020),No,,100000,1:34,100000
Made in Italy: Ciao Brother,No,,100000,1:38,100000
Maixabel,No,,100000,1:56,100000
Making It Up // Maquíllame Otra Vez,No,,100000,1:22,100000
Maledetto il giorno che t'ho incontrato,No,,100000,1:51,100000
Maledicto,No,,100000,1:45,100000
Malignant (2021),No,,100000,1:52,100000
Mamonas Pra Sempre,No,,100000,1:23,100000
"Man -  Woman Wanted // Poszukiwany, Poszukiwana​",No,,100000,1:23,100000
Man of God (2021),No,,100000,1:45,100000
Man of Men // 퍼펙트 맨,No,,100000,1:57,100000
Man On The Run (2023),Yes,,100000,1:39,100000
Man Up (2015),No,,100000,1:28,100000
Manaman // มานะแมน,No,,100000,1:43,100000
Manodrome,No,,100000,1:36,100000
Mantra Surugana,Yes,,100000,1:38,100000
Mantra Warrior: The Legend of the Eight Moons // นักรบมนตรา : ตำนานแปดดวงจันทร์,Yes,,100000,1:30,100000
Mapantsula,No,,100000,1:44,100000
Maple Leaf Dreams,Yes,,100000,1:41,100000
Mapplethorpe,No,,100000,1:42,100000
Marei the Primo // مرعي البريمو,Yes,,100000,1:42,100000
Margaret Thatcher: The Long Walk to Finchley,No,,100000,1:25,100000
Margin Call,No,,100000,1:47,100000
Mari(dos),No,,100000,1:38,100000
Maria Mariana,No,,100000,1:53,100000
Maria Mariana II,No,,100000,1:53,100000
Marionette // 나를 기억해,No,,100000,1:42,100000
Mariposa,No,,100000,1:56,100000
Mark Cavendish: Never Enough,No,2023-08-02,100000,1:32,100000
Marokkaanse Bruiloft,No,,100000,1:58,100000
Marriage Proposal // Căsătoria,No,,100000,1:36,100000
Marriages // Per tutta la vita,No,,100000,1:41,100000
Marry Me Again? // البعض لا يذهب للمأذون مرتين,No,,100000,1:39,100000
Mars: Mimpi Ananda Raih Semesta,No,,100000,1:43,100000
Masameer Junior // مسامير جونيور,Yes,2025-06-12,100000,1:12,100000
Mascots,Yes,2016-10-13,100000,1:35,100000
Masked Ward // 仮面病棟,No,,100000,1:55,100000
Master Cheng // Mestari Cheng,No,,100000,1:54,100000
Masterminds (2016),No,,100000,1:35,100000
Mat Tudung Begins,No,,100000,1:38,100000
Matar a Jesús,No,,100000,1:39,100000
Maximum Penalty 2 // La Pena Máxima 2,No,,100000,1:27,100000
Maybe Today // Ngayon kaya,No,,100000,1:39,100000
Me Against You: Mr. S's Vendetta // Me contro te - Il film: La vendetta del Signor S,No,,100000,1:04,100000
"Me You Them // Eu, Tu, Eles",No,,100000,1:47,100000
Mediterraneo,No,,100000,1:38,100000
Mediterráneo (2021),No,,100000,1:52,100000
Meet Me at the Christmas Train Parade,No,,100000,1:28,100000
Memento (2000),No,,100000,1:54,100000
Memoir of a Murderer // 살인자의 기억법,No,,100000,1:58,100000
Men (2022),No,,100000,1:40,100000
Men at Work - Miami // Onze Jongens In Miami,No,,100000,1:55,100000
Men vs. Women // Maschi contro femmine,No,,100000,1:48,100000
"Men, Women & Children",No,,100000,2:00,100000
Menunggu Bunda,No,,100000,1:28,100000
Mere Dad Ki Maruti // मेरे डैड की मारुति,Yes,,100000,1:41,100000
Merindu Cahaya De Amstel,No,,100000,1:47,100000
Merry Christmas // Joyeux Noel,No,,100000,1:56,100000
Merry Men 2: Another Mission,No,,100000,1:55,100000
Merry Men: The Real Yoruba Demons,No,,100000,1:46,100000
Metamorphosis // 변신,No,,100000,1:53,100000
Mi amigo Alexis,No,,100000,1:42,100000
Mia and the White Lion,No,,100000,1:38,100000
Miami Bici,No,,100000,1:39,100000
Miami Bici 2,No,,100000,1:42,100000
Michael (1996),No,,100000,1:45,100000
Micin Generation Vs Kevin // Generasi Micin vs Kevin,No,,100000,1:29,100000
Microhabitat // 소공녀,No,,100000,1:45,100000
Midnight // 미드나이트,No,,100000,1:43,100000
Milly & Mamet // Milly & Mamet: Ini Bukan Cinta & Rangga,No,,100000,1:41,100000
Mina-Anud,No,,100000,1:45,100000
Miracle // Mirakel,No,,100000,1:40,100000
Miracle On 1st Street // 1번가의 기적,No,,100000,1:52,100000
Mirciulica // Mirciulică,No,,100000,1:32,100000
"Mirror, Mirror // Espejo, espejo",No,2022-09-16,100000,1:19,100000
Misfit (2017),No,,100000,1:21,100000
Misfit 2,No,,100000,1:22,100000
Misfit 3: The Finale // Misfit 3: De finale,No,2021-04-23,100000,1:23,100000
Miss Baek // 미쓰백,No,,100000,1:38,100000
Miss Italia Mustn’t Die // Miss Italia non Deve Morire,Yes,2025-02-26,100000,1:39,100000
Missed Connections,Yes,2023-06-02,100000,1:48,100000
Mission Pays Basque,No,,100000,1:33,100000
Mission: Possible // 미션 파서블,No,,100000,1:45,100000
Mist & the Maiden // La Niebla Y La Doncella,No,,100000,1:39,100000
Mister Mummy // मॉमी,No,,100000,1:37,100000
Mistletoe Mixup,No,,100000,1:23,100000
Mixed by Erry,Yes,2023-05-31,100000,1:52,100000
Mobile Suit Gundam Narrative // 機動戦士ガンダムNT,No,,100000,1:29,100000
Mobile Suit Gundam: Cucuruz Doan's Island // 機動戦士ガンダム ククルス・ドアンの島,No,,100000,1:49,100000
Mobile Suit Z Gundam III: Love Is the Pulse of the Stars // 機動戦士ΖガンダムIII -星の鼓動は愛-,No,,100000,1:39,100000
Mobile Suit Z Gundam: A New Translation - Heirs to the Stars // 機動戦士Ζガンダム -星を継ぐ者-,No,,100000,1:34,100000
Mobile Suit Z Gundam: A New Translation II - Lovers // 機動戦士ΖガンダムII -恋人たち-,No,,100000,1:38,100000
Modest Heroes: Ponoc Short Films Theatre // ポノック短編劇場・ちいさな英雄,No,2019-09-06,100000,0:54,100000
Moei: The Promised // เหมรฺย,No,,100000,1:34,100000
Momshies! Your Soul is Mine // Momshies! Ang Soul Mo'y Akin,No,,100000,1:49,100000
Money // 돈,No,,100000,1:55,100000
Money Games // 半斤百兩 // 半斤百两,No,,100000,1:38,100000
Moonlight (2016),No,,100000,1:51,100000
More Than Blue (2021),No,,100000,1:53,100000
Mortal Kombat (1995),No,,100000,1:41,100000
Mortal Kombat: Annihilation,No,,100000,1:35,100000
Motherhood // 母性,No,,100000,1:56,100000
Mothers // Matky,No,,100000,1:36,100000
Motif,No,,100000,1:27,100000
Mouse Hunt,No,,100000,1:38,100000
Mr Easy Loo,No,,100000,1:37,100000
Mr. Frog // Meester Kikker,No,,100000,1:23,100000
Mr. Holmes,No,,100000,1:44,100000
Mr. Monk's Last Case: A Monk Movie,No,,100000,1:37,100000
Mr. Osomatsu // 映画 おそ松さん,No,,100000,1:51,100000
Mr. Right (2015),No,,100000,1:36,100000
Mr. Robot // 미스터 로봇,No,,100000,1:30,100000
Mr. Socrates // 미스터 소크라테스,No,,100000,1:51,100000
Mr. Zoo: The Missing VIP // 미스터 주: 사라진 VIP,No,,100000,1:54,100000
Mrs. Reyes and Mrs. Reyes // Ang Dalawang Mrs. Reyes,No,,100000,1:45,100000
Mucho Mucho Amor: The Legend of Walter Mercado,Yes,2020-07-08,100000,1:36,100000
Munafik,No,,100000,1:39,100000
Mungkin Esok Lusa Atau Nanti,Yes,,100000,1:58,100000
Muoi: The Curse Returns // Mười: Lời nguyền trở lại,No,,100000,1:35,100000
Must Love Dogs,No,,100000,1:38,100000
Muzzle,No,,100000,1:40,100000
Mvera,No,,100000,1:52,100000
My 11th Mother // 열한번째 엄마,No,,100000,1:44,100000
My Amanda,Yes,2021-07-15,100000,1:30,100000
My Annoying Brother // 형,No,,100000,1:50,100000
My Beautiful Man -eternal- // 劇場版 美しい彼〜eternal〜,No,,100000,1:43,100000
My Best Friend's Girlfriend,No,,100000,1:53,100000
My Best Summer // 最好的我們 // 最好的我们,No,,100000,1:48,100000
My Boyfriend In Orange // モエカレはオレンジ色,No,,100000,1:37,100000
My Brother is up on the Tree // اخي فوق الشجرة,Yes,,100000,1:47,100000
My Cousin and I // أنا و ابن خالتي,No,,100000,1:43,100000
My Dad's on Death Row,No,,100000,1:01,100000
My Dead Friend Zoe,No,,100000,1:43,100000
My Dearest Senorita // Mi querida señorita,No,,100000,1:20,100000
My Father is a Playboy // Dân chơi không sợ con rơi,Yes,,100000,1:28,100000
My Favorite Love Story // 어쩌면 해피엔딩,No,,100000,1:36,100000
My Lady Boss,No,,100000,1:46,100000
My Life,No,,100000,1:57,100000
My Love Story!! // 俺物語!!,No,,100000,1:45,100000
"My Love, My Bride // 나의 사랑 나의 신부",No,,100000,1:51,100000
My Lucky Stars // 福星高照,No,,100000,1:37,100000
My Man // Mon homme,No,,100000,1:39,100000
My Name Is Eftihia // Ευτυχία,No,,100000,1:58,100000
My Neighbors the Yamadas // ホーホケキョ となりの山田くん,No,,100000,1:44,100000
My Precious // รักแรก โคตรลืมยาก,No,,100000,2:00,100000
My Rebound Girl,No,,100000,1:50,100000
My Suicide,No,,100000,1:51,100000
My Sweet Little Village // Vesnicko má stredisková,No,,100000,1:38,100000
"My Teacher, Mr. Kim // 선생 김봉두",No,,100000,1:57,100000
My Wife Is a Gangster 3: HK Edition // 조폭 마누라 3,No,,100000,1:56,100000
My Zombabe,No,,100000,1:46,100000
Mystery Writers // 鬼天廈,No,,100000,1:23,100000
Mørke,No,,100000,2:00,100000
Mørkeland,No,,100000,1:38,100000
NAGA // ناقة,Yes,2023-12-07,100000,1:53,100000
Nail Bomber: Manhunt,Yes,2021-05-26,100000,1:13,100000
Namaste Wahala,Yes,2021-02-14,100000,1:47,100000
Napoleon Dynamite (2004),No,,100000,1:30,100000
Naruto Shippuden: Road to Ninja,No,,100000,1:46,100000
Natale da chef,No,,100000,1:33,100000
Natsume's Book of Friends the Movie: Ephemeral Bond // 劇場版 夏目友人帳 ～うつせみに結ぶ～,No,,100000,1:45,100000
Nazar Andaaz // नज़रअंदाज़,No,,100000,1:43,100000
Neal 'n' Nikki // नील 'एन' निक्की,Yes,,100000,1:41,100000
Never Say Never // Nikdy neříkej nikdy,No,,100000,1:46,100000
New Year Blues // 새해전야,No,,100000,1:54,100000
Nganu,No,,100000,1:41,100000
Nice View // 奇蹟．笨小孩 // 奇迹．笨小孩,No,,100000,1:46,100000
Night Courier // مندوب الليل,No,,100000,1:52,100000
Night Drive (2022),No,,100000,1:56,100000
Night of the Living Dead (1968),No,,100000,1:37,100000
Night Shift // Police,No,,100000,1:38,100000
Nimbe,No,,100000,1:55,100000
NiNoKuni // 二ノ国,Yes,2020-01-16,100000,1:46,100000
No (2012),No,,100000,1:58,100000
No Cap: 2 Years of Light,No,,100000,1:47,100000
"No Game, No Life the Movie: Zero // ノーゲーム・ノーライフ ゼロ",No,,100000,1:46,100000
No Good Deed (2002),No,,100000,1:38,100000
No Lo Llames Amor… Llámalo X,No,,100000,1:29,100000
No Mercy // Sfora: Bez litości,No,,100000,1:56,100000
No Rest for the Wicked // No habrá paz para los malvados,No,,100000,1:49,100000
No Return // Sin retorno,No,,100000,1:40,100000
Nobody Knows I'm Here // Nadie sabe que estoy aquí,No,2020-06-24,100000,1:32,100000
Nobody Speak: Trials of the Free Press,Yes,2017-06-23,100000,1:36,100000
Nodame Cantabile: The Movie I // のだめカンタービレ 最終楽章 前編,No,,100000,2:00,100000
Noites Alienígenas,No,,100000,1:31,100000
Non ci resta che piangere,No,,100000,1:47,100000
Non essere cattivo,No,,100000,1:38,100000
Non si ruba a casa dei ladri,No,,100000,1:30,100000
Nora's Will // 5 días sin Nora,No,,100000,1:32,100000
Norma (2023),No,,100000,1:33,100000
North Hollywood,No,,100000,1:34,100000
North of Normal,No,,100000,1:30,100000
Notebook // नोटबुक,Yes,,100000,1:52,100000
Nothing Serious // 연애 빠진 로맨스,No,,100000,1:35,100000
NOUVELLE VAGUE,No,2025-11-14,100000,1:46,100000
Number 2 // 男儿王2,No,,100000,1:35,100000
Nymphomaniac: Volume 1,No,,100000,1:57,100000
"O Brother, where art thou?",No,,100000,1:47,100000
O Palhaço,No,,100000,1:30,100000
O Último Virgem,No,,100000,1:23,100000
Obara'M,No,,100000,1:40,100000
Obediencia Perfecta,No,,100000,1:39,100000
Obsessed (2009),No,,100000,1:49,100000
Obsession // Rendez-Vous,No,,100000,1:40,100000
Obvious Child,No,,100000,1:25,100000
Och Karol 2,No,,100000,1:43,100000
Off Course // Perdiendo el norte,No,,100000,1:46,100000
Off Track // Ur spår,Yes,2022-02-25,100000,1:50,100000
Office // 오피스,No,,100000,1:51,100000
Office Invasion,Yes,,100000,1:53,100000
Oh! My Ghost // 오! 마이 고스트,No,,100000,1:38,100000
On My Own Way // Kendi Yolumda,No,,100000,1:59,100000
On the Line // 보이스,No,,100000,1:49,100000
On Your Wedding Day // 너의 결혼식,No,,100000,1:50,100000
On-Gaku: Our Sound // アニメーション映画『音楽』,No,,100000,1:11,100000
Once Upon A Time In Bethlehem // Il primo Natale,No,,100000,1:40,100000
Once Upon a Time in High School: The Spirit of Jeet Kune Do // 말죽거리 잔혹사,No,,100000,1:58,100000
Once Upon a Time in Mexico,No,,100000,1:42,100000
One Direction: This Is Us,No,,100000,1:32,100000
One Fine Spring Day // 봄날은 간다,No,,100000,1:55,100000
One More Try,No,,100000,1:42,100000
One Night // Isang Gabi,No,,100000,1:31,100000
One Night Stand (2021),Yes,,100000,1:21,100000
One Piece The Movie: Dead End no Boken // ワンピース THE MOVIE デッドエンドの冒険,No,,100000,1:35,100000
One Summer // Le passager de l'été,No,,100000,1:37,100000
One Week Friends // 一周的朋友,No,,100000,1:46,100000
One-Way to Tomorrow // Yarına Tek Bilet,Yes,2020-06-19,100000,1:30,100000
Ong-Bak // องค์บาก,No,,100000,1:48,100000
Only You // Ikaw,Yes,,100000,1:50,100000
Opa Cor,No,,100000,1:26,100000
Operación Camarón,No,,100000,1:41,100000
Operasi X,No,,100000,1:47,100000
Operation Chromite // 인천상륙작전,No,,100000,1:50,100000
Operation Mayfair // ऑपरेशन मेफ़ेयर,No,,100000,1:55,100000
Operation: Nation // Kryptonim: Polska,Yes,2023-04-12,100000,1:32,100000
Opposites Attract // Poli opposti,No,,100000,1:30,100000
Organize Isler,No,,100000,1:44,100000
Other People's Children // Les Enfants des Autres,No,,100000,1:44,100000
Our Family Three More // I nostri figli,No,,100000,1:40,100000
Our Lovely Pig Slaughter // Mord,No,,100000,1:24,100000
Our Season // 3일의 휴가,No,,100000,1:46,100000
Out for Justice,No,,100000,1:31,100000
Out of Darkness (2022),No,,100000,1:28,100000
Out of the Nest // องครักษ์พิทักษ์เจี๊ยบ,No,,100000,1:27,100000
Outback (2019),No,,100000,1:26,100000
Outland (1981),No,,100000,1:49,100000
Outside In (2018),Yes,,100000,1:50,100000
Outstanding: A Comedy Revolution,Yes,2024-06-18,100000,1:40,100000
Owner of the Story // A Dona da História,No,,100000,1:27,100000
Pachamama,No,2019-06-07,100000,1:12,100000
Paddleton,Yes,2019-02-22,100000,1:29,100000
Padmini (2023),Yes,,100000,2:00,100000
Paid in Blood // Pau D'Arco,No,,100000,1:29,100000
Pain and Glory // Dolor y Gloria,No,,100000,1:53,100000
Palestine 36 // فلسطين 36,No,,100000,1:59,100000
Palm Springs,No,,100000,1:30,100000
Panic Room (2002),No,,100000,1:52,100000
Para Betina Pengikut Iblis,Yes,,100000,1:30,100000
Para Betina Pengikut Iblis Part 2,Yes,,100000,1:30,100000
Para Kang Papa Mo,No,,100000,1:18,100000
Paradise (2023),Yes,,100000,1:33,100000
Parchís: the Documentary // Parchís: El documental,Yes,2019-07-10,100000,1:46,100000
Parents’ Meeting // Батьківські Збори,No,,100000,1:36,100000
Pari e dispari,No,,100000,1:50,100000
Park Hwa-Young // 박화영,No,,100000,1:39,100000
Part-Time Daddy // Tati Part-Time,No,,100000,1:41,100000
Partikelir,No,,100000,1:37,100000
Partners: The Movie // 相棒 -劇場版- 絶体絶命! 42.195km 東京ビッグシティマラソン,No,,100000,1:57,100000
Partners: The Movie II // 相棒 -劇場版II- 警視庁占拠! 特命係の一番長い夜,No,,100000,1:59,100000
Partners: The Movie III // 相棒 -劇場版III- 巨大密室! 特命係 絶海の孤島へ,No,,100000,1:54,100000
Partners: The Movie IV // 相棒-劇場版IV- 首都クライシス 人質は50万人! 特命係 最後の決断,No,,100000,2:00,100000
Partners:CSI Files // 相棒シリーズ 鑑識・米沢守の事件簿,No,,100000,1:44,100000
Partners:X-Day // 相棒シリーズ X DAY,No,,100000,1:45,100000
Passport (2022),No,,100000,1:50,100000
Pat & Mat in a Movie,No,,100000,1:20,100000
Pat & Mat in Action Again // Pat a Mat znovu v akci,No,,100000,1:12,100000
Pat & Mat: Winter Fun,No,,100000,0:58,100000
Pattaya Heat // ปิดเมืองล่า,No,,100000,1:58,100000
Pawn // 담보,No,,100000,1:53,100000
Pegasus // 飛馳人生 // 飞驰人生,No,,100000,1:38,100000
Pelangi Tanpa Warna,No,,100000,1:22,100000
Penduko,No,,100000,1:50,100000
Perfect As You Are // Így vagy tökéletes,No,,100000,1:45,100000
Perfect Number // 용의자X,No,,100000,1:59,100000
Perfect Strangers (2017) // Perfectos desconocidos,No,,100000,1:40,100000
Perfect Strangers // Známi neznámi,No,,100000,1:43,100000
Perhaps Love // 장르만 로맨스,No,,100000,1:53,100000
Permitidos,No,,100000,1:46,100000
Peter Bell // Pietje Bell,No,,100000,1:47,100000
Peter Bell II: The Hunt for the Czar Crown // Pietje Bell 2: De jacht op de tsarenkroon,No,,100000,1:51,100000
Petites mains,No,,100000,1:28,100000
Photosensitive // Światłoczuła,No,,100000,1:32,100000
Piano Love,No,,100000,1:45,100000
Picnic // 소풍,No,,100000,1:54,100000
Picture of Spring // 春画先生,No,,100000,1:54,100000
Pilecki's Report // Raport Pileckiego,No,,100000,1:59,100000
Pink and Gray // ピンクとグレー,No,,100000,2:00,100000
Pino,No,,100000,1:34,100000
Pinoy Sunday,No,,100000,1:22,100000
Pirate Hunting,No,,100000,0:58,100000
Plan 75,No,,100000,1:53,100000
Plan B (2018),No,,100000,1:22,100000
Planet Single 2 // Planeta Singli 2,No,,100000,1:54,100000
Planet Single 3 // Planeta Singli 3,No,,100000,1:41,100000
Please Don't Destroy: The Treasure of Foggy Mountain,No,,100000,1:32,100000
Point Blank // À Bout Portant,No,,100000,1:24,100000
Pokémon The Movie: Arceus and the Jewel of Life // 극장판 포켓몬스터 DP: 아르세우스 초극의 시공으로,No,,100000,1:34,100000
Pokémon The Movie: Giratina and the Sky Warrior // 劇場版ポケットモンスター ダイヤモンド&パール ギラティナと氷空の花束 シェイミ,No,,100000,1:36,100000
Pokémon the Movie: I Choose You!,No,,100000,1:37,100000
Pokémon The Movie: Lucario and the Mystery of Mew // 劇場版ポケットモンスター アドバンスジェネレーション ミュウと波導の勇者 ルカリオ,No,,100000,1:40,100000
Pokémon the Movie: The Power of Us,No,,100000,1:38,100000
Pokémon The Movie: The Rise of Darkrai // 劇場版ポケットモンスター ダイヤモンド・パール ディアルガVSパルキアVSダークライ,No,,100000,1:30,100000
Police Story // 警察故事,No,,100000,1:40,100000
Polish Roulette // Sztos 2,No,,100000,1:41,100000
Politically Incorrect // Políticamente incorrectos,No,,100000,1:32,100000
Polowanie,No,,100000,1:54,100000
Poltergeist Activity,No,,100000,1:23,100000
Polícia Federal - A Lei É para Todos,No,,100000,1:48,100000
Poolman,No,,100000,1:40,100000
Por la libre,No,,100000,1:37,100000
Pororo and Friends: Virus Busters // 극장판 뽀로로와 친구들: 바이러스를 없애줘!,No,,100000,1:03,100000
"Pororo, Cyberspace Adventure // 뽀로로 극장판 컴퓨터 왕국 대모험",No,,100000,1:02,100000
"Pororo, Dragon Castle Adventure // 뽀로로 극장판 드래곤캐슬 대모험",No,,100000,1:10,100000
"Pororo, The Racing Adventure // 뽀로로 극장판 슈퍼썰매 대모험",No,,100000,1:16,100000
Pororo: Popstar Adventure // 뽀로로 극장판 슈퍼스타 대모험,No,,100000,1:18,100000
Portrait of a Beauty // 미인도,No,,100000,1:49,100000
Possession: Kerasukan,Yes,,100000,1:33,100000
Precure All Stars F the Movie // 映画プリキュアオールスターズF,No,,100000,1:13,100000
Pret Arbut // เปรต อาบัติ,No,,100000,1:38,100000
Pretty Young Love // Smukkere,No,,100000,1:41,100000
Pretty Young Thing // Smuk,No,,100000,1:35,100000
Prince of the Seas // أمير البحار,No,,100000,1:51,100000
Princess Cursed in Time // Princezna zakletá v case,No,,100000,1:50,100000
Prison On Fire // 監獄風雲 // 监狱风云,No,,100000,1:42,100000
Prison On Fire II // 監獄風雲 II 逃犯 // 监狱风云 2,No,,100000,1:54,100000
Problemista,No,,100000,1:45,100000
Professor Marston and the Wonder Women,No,,100000,1:48,100000
PROJECT SILENCE // 탈출: 프로젝트 사일런스,No,,100000,1:36,100000
Prophet // Prorok,No,,100000,2:00,100000
Protégé // 門徒 // 门徒,No,,100000,1:49,100000
Psycho-Pass: Providence // 劇場版 PSYCHO-PASS サイコパス PROVIDENCE,No,,100000,2:00,100000
Psycho-Pass: The Movie // 劇場版 PSYCHO-PASS サイコパス,No,,100000,1:54,100000
Puella Magi Madoka Magica the Movie: Rebellion // 劇場版 魔法少女まどか☆マギカ ［新編］叛逆の物語,No,,100000,1:57,100000
Pulang,No,2018-09-27,100000,1:59,100000
Pulang (2022),No,,100000,1:25,100000
Pulimada,Yes,,100000,1:48,100000
Punch // 완득이,No,,100000,1:47,100000
Punch-Drunk Love,No,,100000,1:35,100000
Puppy Love (2023),No,,100000,1:42,100000
Puzzle (2018),No,,100000,1:43,100000
Queenpins,No,,100000,1:50,100000
Qué pena tu vida (2016),No,,100000,1:37,100000
R-Point // 알 포인트,No,,100000,1:47,100000
Race to Freedom: Um Bok Dong // 자전차왕 엄복동,No,,100000,1:56,100000
Radiation House: The Movie // 劇場版ラジエーションハウス,No,,100000,1:54,100000
Radio Star // 라디오 스타,No,,100000,1:56,100000
Radioactive,No,2021-04-15,100000,1:50,100000
Rafters // Rafťáci,No,,100000,1:44,100000
Rahsia,No,,100000,1:30,100000
Rajma Chawal // राजमा चावल,Yes,2018-11-30,100000,1:59,100000
Ram Prasad Ki Tehrvi,No,,100000,1:53,100000
Ramon,No,,100000,1:36,100000
Ranveer vs. Wild with Bear Grylls,No,2025-01-23,100000,1:13,100000
Rascal Does Not Dream of a Dreaming Girl // 青春ブタ野郎はゆめみる少女の夢を見ない,No,,100000,1:30,100000
Rascal Does Not Dream of a Knapsack Kid // 青春ブタ野郎はランドセルガールの夢を見ない,No,,100000,1:16,100000
Rascal Does Not Dream of a Sister Venturing Out // 青春ブタ野郎はおでかけシスターの夢を見ない,No,,100000,1:14,100000
Raya Heist,No,,100000,1:25,100000
Real Estate Sisters,No,,100000,1:24,100000
"Reality, Love, and Rock'n Roll // Realita, Cinta dan Rock'n Roll",No,,100000,1:48,100000
Rebel (2024),No,,100000,1:40,100000
Rebels @ School // Luizenmoeder - De Film,No,,100000,1:48,100000
Rebirth,Yes,2016-07-15,100000,1:41,100000
Recalled // 내일의 기억,No,,100000,1:39,100000
Red // Pula,No,,100000,1:55,100000
Red Dawn (2012),No,,100000,1:33,100000
Red Dog (2012),No,,100000,1:32,100000
Red Poppies // Czerwone Maki,No,,100000,1:58,100000
Red Riding Hood (2011),No,,100000,1:40,100000
Red Riding Trilogy: Part 2: 1980,No,,100000,1:37,100000
Red Riding Trilogy: Part 3: 1983,No,,100000,1:44,100000
"Red, White & Brass",No,,100000,1:25,100000
ReMastered: Devil at the Crossroads,Yes,2019-04-26,100000,0:49,100000
ReMastered: The Miami Showband Massacre,Yes,2019-03-22,100000,1:11,100000
ReMastered: The Two Killings of Sam Cooke,Yes,2019-02-08,100000,1:14,100000
ReMastered: Tricky Dick & The Man in Black,Yes,2018-11-02,100000,0:59,100000
ReMastered: Who Shot the Sheriff,Yes,2018-10-12,100000,0:57,100000
Reminiscence (2021),No,,100000,1:56,100000
Reroute,No,,100000,1:54,100000
Reunion Z // Reuni Z,No,,100000,1:37,100000
Reva Guna Guna,No,,100000,1:29,100000
Revenge of the Green Dragons,No,,100000,1:35,100000
Revenge of the Pontianak // Dendam Pontianak,Yes,,100000,1:32,100000
Riam Fighting Angel // อีเรียมซิ่ง,No,,100000,1:43,100000
Rich Flu,No,,100000,1:56,100000
Ride Like a Girl,No,,100000,1:39,100000
Riders of Justice // Retfærdighedens ryttere,No,,100000,1:56,100000
Rise // En Corps,No,,100000,1:57,100000
Rita Moreno: Just a Girl Who Decided to Go for It,No,,100000,1:30,100000
River's Edge // リバーズ・エッジ,Yes,2019-02-15,100000,1:58,100000
Road Trip (2024),No,,100000,1:49,100000
Rock My Heart,No,2019-01-17,100000,1:49,100000
Rocko's Modern Life: Static Cling,Yes,2019-08-08,100000,0:46,100000
Rogue (2020),No,,100000,1:41,100000
Rohan at the Louvre // 岸辺露伴 ルーヴルへ行く,No,,100000,1:59,100000
Rolling Family // Familia rodante,No,,100000,1:43,100000
Rolling Snake Eyes 5: Is That Ours? // HEP YEK 5: Bizim Şeyimiz Mi Altan,No,,100000,1:38,100000
Romance of Their Own // 늑대의 유혹,No,,100000,1:55,100000
Romeo È Giulietta,No,,100000,1:48,100000
"Romina, My Life // Romina, VTM",No,,100000,1:23,100000
Ronaldo Vs Messi: Face Off!,No,,100000,1:06,100000
Rooting for Roona,Yes,2020-10-15,100000,0:42,100000
Roped,No,,100000,1:30,100000
Royal Tramp II // 鹿鼎記 II 神龍教 // 鹿鼎记 2,No,,100000,1:38,100000
Rugrats Go Wild,No,,100000,1:21,100000
Rules of Dating // 연애의 목적,No,,100000,2:00,100000
Rumah Teteh: Story of Helena,No,,100000,1:26,100000
Rumble in the Bronx // 紅番區 // 红番区,No,,100000,1:29,100000
Rumble Through the Dark,No,,100000,1:56,100000
Rumpelstiltskin and the Golden Secret // Das Zaubermännchen,No,,100000,1:12,100000
Run For Money The Movie // 逃走中 THE MOVIE,No,,100000,1:36,100000
Run to the Beach // Kulari ke Pantai,No,,100000,1:52,100000
Runaway Mum // Matka v trapu,No,,100000,1:36,100000
Sabar Bonda,No,,100000,1:54,100000
Sabtu Bersama Bapak,No,,100000,1:43,100000
Sacramento,No,,100000,1:30,100000
Sacred 2 // Keramat 2: Caruban Larang,No,,100000,1:32,100000
Sacred Demijohn // Kutsal Damacana,No,,100000,1:39,100000
Sacred Demijohn 2 // Kutsal Damacana 2: Itmen,No,,100000,1:33,100000
Sadako DX // 貞子 DX,No,,100000,1:40,100000
Saga of Tanya the Evil: The Movie // 劇場版 幼女戦記,No,,100000,1:38,100000
Sakuran // さくらん,No,,100000,1:51,100000
Sampai Jadi Debu,No,,100000,1:30,100000
Samsara (2024),No,,100000,1:25,100000
sanah NA STADIONACH,No,,100000,1:45,100000
Santa Bootcamp,No,,100000,1:28,100000
Santo Forte,No,,100000,1:19,100000
Sapore Di Mare 2 – Un Anno Dopo,No,,100000,1:41,100000
Sarbath,No,,100000,1:53,100000
Sattar - The Return of the Legendary Slap // سطّار - عودة المخمس الأسطوري,No,,100000,1:46,100000
Satu untuk Selamanya,No,,100000,1:14,100000
Savage Salvation,No,,100000,1:41,100000
Save the Green Planet! // 지구를 지켜라!,No,,100000,1:57,100000
Scandal Makers // 과속스캔들,No,,100000,1:49,100000
Scarlet Innocence // 마담 뺑덕,No,,100000,1:52,100000
Scott Pilgrim vs. the World,No,,100000,1:52,100000
Screwed Up // Wkręceni,No,,100000,1:36,100000
Screwed Up 2 // Wkręceni 2,No,,100000,1:32,100000
Scrooged,No,,100000,1:41,100000
Se mi vuoi bene,No,,100000,1:43,100000
Se son rose,No,,100000,1:26,100000
Sea Fog // 해무,No,,100000,1:51,100000
Seasons Change // เพราะอากาศเปลี่ยนแปลงบ่อย,No,,100000,1:57,100000
"Secluded, Near Woods // Na samotě u lesa",No,,100000,1:36,100000
Second Act,No,2019-02-22,100000,1:44,100000
Secret // 不能說的秘密 // 不能说的秘密,No,,100000,1:41,100000
Secret Wars // Służby Specjalne,No,,100000,1:55,100000
Secret: A Hidden Score // 言えない秘密,No,,100000,1:55,100000
Secrets in the Hot Spring // 切小金家的旅館 // 切小金家的旅馆,No,,100000,1:48,100000
Seklusyon,No,,100000,1:26,100000
Senario Lang Buana,No,,100000,1:55,100000
"Sensei, Would You Sit Beside Me? // 先生、私の隣に座っていただけませんか?",No,,100000,1:59,100000
Sepeda Presiden,No,,100000,1:27,100000
Seratus,No,,100000,1:41,100000
Serendipity (2001),No,,100000,1:31,100000
Serenity,No,2019-03-08,100000,1:46,100000
Sergeant Keroro -The Super Duper Movie- // 超劇場版ケロロ軍曹,No,,100000,1:00,100000
Sergeant Keroro -The Super Duper Movie- Adventure in Space-Time Island // 超劇場版ケロロ軍曹 誕生! 究極ケロロ 奇跡の時空島であります!!,No,,100000,1:14,100000
Sergeant Keroro -The Super Duper Movie- Dragon Wars // 超劇場版ケロロ軍曹 撃侵ドラゴンウォリアーズであります!,No,,100000,1:38,100000
Sergeant Keroro -The Super Duper Movie2- Princess of the Deep Sea // 超劇場版ケロロ軍曹2 深海のプリンセスであります!,No,,100000,1:35,100000
Sergeant Keroro -The Super Duper Movie3- Keroro vs Keroro The Battle of the Sky- // 超劇場版ケロロ軍曹3 ケロロ対ケロロ 天空大決戦であります!,No,,100000,1:50,100000
Serial (Bad) Weddings 2 // Qu'est-ce qu'on a encore fait au bon Dieu?,No,,100000,1:38,100000
Serpent’s Path // 蛇の道,No,,100000,1:25,100000
Servants of War // Sługi wojny,No,,100000,1:42,100000
Sevillanas de Brooklyn,No,,100000,1:37,100000
Sgt. Pepper's Lonely Hearts Club Band,No,,100000,1:51,100000
Shadows in the Palace // 궁녀,No,,100000,1:53,100000
Shaitaan,No,,100000,1:53,100000
Shall We Die? // 找死俱樂部,No,,100000,1:33,100000
She's Funny That Way,No,,100000,1:33,100000
She's the One (2013),No,,100000,1:51,100000
Sheep's Clothing // Entre Nós,No,,100000,1:41,100000
Sherlock Gnomes,No,,100000,1:26,100000
Shield of Straw // 藁の楯 わらのたて,No,,100000,1:57,100000
Shimajiro and the Fantastic Flying Ship // 映画しまじろう しまじろうとそらとぶふね,No,,100000,0:53,100000
Shina,No,,100000,1:38,100000
Shinbi's Haunted House Special: The Red-Eyed Grim Reaper // 신비아파트 특별편 :  붉은 눈의 사신,No,,100000,1:17,100000
Shinbi's Haunted House: The Dimension Ghost and the Seven Worlds // 신비아파트 극장판 차원도깨비와 7개의 세계,No,,100000,1:43,100000
Shining Boy & Little Randy // 星になった少年　Shining Boy & Little Randy,No,,100000,1:53,100000
Shitsurakuen // 失楽園,No,,100000,1:59,100000
Shooters (2000),No,,100000,1:11,100000
Shéhérazade,No,2019-05-10,100000,1:51,100000
Si Accettano Miracoli,No,,100000,1:46,100000
Si Juki The Movie: Harta Pulau Monyet,Yes,,100000,1:47,100000
Si saben como me pongo 2 // Si saben cómo me pongo ¿pa' qué me invitan? 2,No,,100000,1:26,100000
Siam Square // สยามสแควร์,No,,100000,1:48,100000
Siapa Buka Lampu,No,,100000,1:30,100000
Siapa Dia,No,,100000,1:43,100000
Silence of the Sea // 海の沈黙,No,,100000,1:52,100000
Silent Love // サイレントラブ,No,,100000,1:56,100000
Simona Kossak,No,,100000,1:40,100000
Sing Street,No,,100000,1:45,100000
Singing Mates // I Ragazzi Dello Zecchino D'Oro,No,,100000,1:46,100000
Single Street // Singel 39,No,,100000,1:29,100000
Sissi: The Story of Vickie // Mädchenjahre einer Königin,No,,100000,1:45,100000
Sisters On Skis // Špindl,No,,100000,1:34,100000
Six-Pack (2000),No,,100000,1:50,100000
Sixteen Candles,No,,100000,1:33,100000
Sixty Million Dollar Man // 百變星君 // 百变星君,No,,100000,1:31,100000
Sleight,No,,100000,1:29,100000
Slice // เฉือน,No,,100000,1:36,100000
Slyth The Hunt Saga // SLYTH โปรเจกต์ ล่า,Yes,,100000,1:40,100000
Small Town Rivals // 이장과 군수,No,,100000,1:53,100000
Smart Casuals,No,,100000,1:37,100000
Smilla's Sense of Snow // Fräulein Smillas Gespür für Schnee,No,,100000,1:56,100000
"Snow Tea and Love 2: With Some Luck // Zăpadă, Ceai și Dragoste 2: Cu Puțin Noroc",No,,100000,1:37,100000
"Snow, Tea and Love // Zăpadă, Ceai și Dragoste",No,,100000,1:55,100000
Snowflowers: Seeds of Hope // 雪の花 ―ともに在りて―,No,,100000,1:57,100000
Soccer Poker // Piłkarski Poker,No,,100000,1:41,100000
Soccer Season: Playmaker,No,,100000,1:27,100000
Solo Con Tu Pareja,Yes,,100000,1:34,100000
Som Pla Noi // ส้ม ปลา น้อย,No,,100000,1:38,100000
Someday or One Day // 想見你,No,,100000,1:47,100000
Someone You Loved // 어쩌면 우린 헤어졌는지 모른다,No,,100000,1:43,100000
Something in the Water (2024),No,,100000,1:26,100000
Son of Cain // Fill de Caín,No,,100000,1:27,100000
Song of the South // Đất rừng phương nam,Yes,,100000,1:50,100000
Soni // सोनी,Yes,2019-01-18,100000,1:37,100000
Sons Of 'Ndrangheta // Figli Di 'Ndrangheta,No,,100000,1:48,100000
Sound! Euphonium The Movie-Our Promise: A Brand New Day- // 劇場版 響け! ユーフォニアム〜誓いのフィナーレ〜,No,,100000,1:40,100000
Southerly,No,,100000,1:43,100000
Soólè,No,,100000,1:56,100000
Spawn (1997),No,,100000,1:36,100000
Spookley and the Christmas Kittens,No,,100000,0:45,100000
Spread Your Wings // Donne-Moi Des Ailes,No,,100000,1:53,100000
Starfish // स्टारफ़िश,Yes,,100000,1:59,100000
Start Up Never Give Up,No,,100000,1:39,100000
Steig. Nicht. Aus!,No,,100000,1:49,100000
Stellungswechsel,No,,100000,1:34,100000
Still Out of My League // Ancora più bello,Yes,2021-11-10,100000,1:53,100000
Stolen Identity // スマホを落としただけなのに,No,,100000,1:56,100000
Stolen Identity 2 // スマホを落としただけなのに 囚われの殺人鬼,No,,100000,1:58,100000
Stop-Loss,No,,100000,1:52,100000
Storia di una notte,No,,100000,1:29,100000
Stormforce // Windkracht 10: Koksijde Rescue,No,,100000,1:57,100000
Story of Kale: When Someone's in Love,No,,100000,1:18,100000
Strained,Yes,,100000,1:43,100000
Strange Voices,No,,100000,1:36,100000
Strawberry Shortcake and the Beast of Berry Bog,No,,100000,0:45,100000
Strawberry Shortcake’s Perfect Holiday,No,,100000,0:45,100000
Strawberry Shortcake’s Spring Spectacular,No,,100000,0:45,100000
Stromberg - Der Film,No,,100000,1:58,100000
Strong Island,Yes,2017-09-15,100000,1:48,100000
Stronger (2017),No,,100000,1:59,100000
Stuck Apart // Azizler,Yes,2021-01-08,100000,1:37,100000
Stuck with You // Happy Nous Year,Yes,2022-12-28,100000,0:59,100000
Sue-On,No,,100000,1:40,100000
"Suffer, You Prick // Sufre Mamón!",No,,100000,1:41,100000
Suffocating Love // 愛的噩夢 // 爱的噩梦,Yes,,100000,1:42,100000
Sumikko Gurashi the Movie // 映画 すみっコぐらし とびだす絵本とひみつのコ,No,,100000,1:05,100000
Sumikkogurashi: The Little Wizard in the Blue Moonlight // 映画 すみっコぐらし 青い月夜のまほうのコ,No,,100000,1:04,100000
Sumikkogurashi: The Patched-Up Factory in the Woods // 映画 すみっコぐらし ツギハギ工場のふしぎなコ,No,,100000,1:09,100000
Summer Time // 썸머타임,No,,100000,1:44,100000
Sumpahan Malam Raya,No,,100000,1:50,100000
Sun in My Eyes // Con Il Sole Negli Occhi,No,,100000,1:39,100000
"Sunday Morning // Co Mi Zrobisz, Jak Mnie Złapiesz",No,,100000,1:40,100000
Sundown (2022),No,,100000,1:23,100000
Sune - Best Man,No,,100000,1:25,100000
Sune i fjällen,No,,100000,1:28,100000
Sune vs. Sune,No,,100000,1:25,100000
Sune – Mission: Midsummer // Sune – Uppdrag: Midsommar,No,,100000,1:22,100000
Sunflower // 해바라기,No,,100000,1:57,100000
Super Fantozzi,No,,100000,1:30,100000
Superagente Makey,No,,100000,1:36,100000
Surf's Up: Wave Mania,No,,100000,1:24,100000
Surfer's Time // Czas surferów,No,,100000,1:22,100000
Surga Yang Tak Dirindukan 2,No,,100000,1:59,100000
Susah Sinyal,No,,100000,1:50,100000
Swearnet: The Movie,Yes,,100000,1:52,100000
Sweeney Todd: The Demon Barber of Fleet Street (2007),No,,100000,1:56,100000
Sweet 20 (2017),No,,100000,1:50,100000
Sweet Bean // あん,No,,100000,1:53,100000
Sweethearts // Bábovky,No,,100000,1:34,100000
Switch // ドラマスペシャル「スイッチ」,No,,100000,1:41,100000
Switch // 스위치,No,,100000,1:53,100000
Sword Art Online the Movie -Progressive- Aria of a Starless Night // 劇場版 ソードアート・オンライン -プログレッシブ- 星なき夜のアリア,No,,100000,1:37,100000
Sword Art Online the Movie -Progressive- Scherzo of Deep Night // 劇場版 ソードアート・オンライン-プログレッシブ- 冥き夕闇のスケルツォ,No,,100000,1:41,100000
Sword Art Online the Movie: Ordinal Scale // 劇場版 ソードアート・オンライン -オーディナル・スケール-,No,,100000,2:00,100000
Sylvanian Families the Movie: A Gift from Freya // 劇場版 シルバニアファミリー フレアからのおくりもの,No,,100000,1:06,100000
Sócrates,No,,100000,1:11,100000
Süskind,No,,100000,1:58,100000
Tabula Rasa (2014),No,,100000,1:47,100000
Tag // تاج,No,,100000,1:51,100000
Take the 10,Yes,2017-01-20,100000,1:20,100000
Take Your Pills,Yes,2018-03-16,100000,1:28,100000
Talak 3,No,,100000,1:41,100000
Tang // TANG タング,No,,100000,1:55,100000
Tarot // 타로,No,,100000,1:34,100000
Tazza: The Poker Queen // 여타짜,No,,100000,1:37,100000
Te estoy amando locamente,No,,100000,1:48,100000
Te presento a Laura,No,,100000,1:38,100000
Team Foxcatcher,Yes,2016-04-29,100000,1:31,100000
Teambuilding (2022),No,,100000,1:31,100000
Tears of Shark in Kunlun // 昆仑劫之鲛人泪,No,,100000,1:24,100000
Ted - Show Me Love // Ted: För kärlekens skull,No,,100000,1:56,100000
Teenage Mutant Ninja Turtles (2007),No,,100000,1:27,100000
Teer Enta // طير إنت,No,,100000,1:57,100000
Teng’s Angel // เทวดาท่าจะเท่ง,No,,100000,1:26,100000
Tersanjung the Movie,Yes,2021-04-01,100000,1:54,100000
Testament (1983),No,,100000,1:30,100000
Text for You // SMS für Dich,No,,100000,1:48,100000
Thai Massage // थाई मसाज,No,,100000,2:00,100000
Thank You for Coming // थैंक यू फ़ॉर कमिंग,Yes,,100000,1:58,100000
That Thing Called Tadhana,No,,100000,1:31,100000
The 101-Year-Old Man Who Skipped Out on the Bill and Disappeared // Hundraettåringen som smet från notan och försvann,No,2017-04-24,100000,1:48,100000
The 9th Precinct // 第九分局,Yes,,100000,1:35,100000
The Accidental Detective // 탐정 : 더 비기닝,No,,100000,2:00,100000
The Accidental Detective 2: In Action // 탐정: 리턴즈,No,,100000,1:56,100000
The Accidental Getaway Driver,No,,100000,1:42,100000
The Action Pack // Haita de Acțiune,No,,100000,1:43,100000
The Adventure of Ice Planet // 아기공룡 둘리: 얼음별 대모험 리마스터링,No,,100000,1:24,100000
The Adventure of Panda and Friends: Season 1 // パンダコパンダ: シーズン1,No,,100000,1:11,100000
The Adventures of Elmo in Grouchland,No,,100000,1:13,100000
The Advocate: A Missing Body // 성난 변호사,No,,100000,1:57,100000
The Age of Blood // 역모 - 반란의 시대,No,,100000,1:42,100000
The Amazing Journey of the Letters // Sakaling Hindi Makarating,Yes,,100000,1:27,100000
The Amazing Maurice,No,,100000,1:34,100000
The Ambush (2022),No,,100000,1:51,100000
The Ancestral // Bóng đè,No,,100000,1:40,100000
The Animal (2001),No,,100000,1:23,100000
The Antisocial Network: Memes to Mayhem,Yes,2024-04-05,100000,1:25,100000
The Architecture of Love,No,,100000,1:50,100000
The Art of the Steal (2013),No,,100000,1:30,100000
The Baby Sitters Club (1995),No,,100000,1:34,100000
The Bag Man,No,,100000,1:49,100000
The Bank Job,No,,100000,1:52,100000
The Battered Bastards of Baseball,Yes,2014-07-11,100000,1:20,100000
The Beast of Comedy // 笑いのカイブツ,No,,100000,1:56,100000
The Beautician and the Beast,No,,100000,1:47,100000
The Bedside Detective // สายลับจับบ้านเล็ก,No,,100000,1:56,100000
The Best Christmas Pageant Ever (2024),No,,100000,1:39,100000
The Big Swindle // 범죄의 재구성,No,,100000,1:55,100000
The Birth of Kitaro: The Mystery of GeGeGe TRUBORN EDITION // 鬼太郎誕生 ゲゲゲの謎 真生版,No,,100000,1:45,100000
The Black Death // ผีห่าอโยธยา,No,,100000,1:21,100000
The Black Godfather,Yes,2019-06-07,100000,1:58,100000
The Bleeder (2016),No,,100000,1:34,100000
The Bleeding Edge,Yes,2018-07-27,100000,1:41,100000
The Bling Ring (2013),No,,100000,1:30,100000
The Block Island Sound,Yes,,100000,1:39,100000
The Blue Sky You Have Lost // 君が落とした青空,No,,100000,1:33,100000
The Bodyguard // บอดี้การ์ดหน้าเหลี่ยม,No,,100000,1:38,100000
The Bodyguard 2 // บอดี้การ์ดหน้าเหลี่ยม 2,No,,100000,1:35,100000
The Bravest // 烈火英雄,No,,100000,1:59,100000
The Breaker Upperers,No,2019-02-15,100000,1:22,100000
The Breakup Playlist,No,,100000,1:58,100000
The Bride // Невеста,No,,100000,1:36,100000
The Bros // 부라더,No,,100000,1:42,100000
The Butterfly House // Pernikahan Arwah,No,,100000,1:41,100000
The Cage // Klec,No,,100000,1:27,100000
The Can // Gympl,No,,100000,1:49,100000
The Canterville Ghost // Le Fantôme de Canterville,No,,100000,1:28,100000
The Champion (2020),No,,100000,1:32,100000
The Cheating Game,Yes,,100000,1:45,100000
The Children of Karim's Ladies // اولاد حريم كريم,No,,100000,1:46,100000
The Chosen One // 流氓驱魔师,No,,100000,1:44,100000
The Christening // Chrzciny,No,,100000,1:25,100000
The Christmas Classic,No,,100000,1:26,100000
The Classified File // 극비수사,No,,100000,1:47,100000
The Claus Family 2 // De Familie Claus 2,Yes,2021-12-07,100000,1:38,100000
The Claus Family 3 // De Familie Claus 3,Yes,2022-12-07,100000,1:13,100000
The Cliche // คุณชายน์,Yes,,100000,1:53,100000
The Closet // 클로젯,No,,100000,1:38,100000
The Cobbler,No,,100000,1:38,100000
The Commandant's Shadow,No,,100000,1:43,100000
The Commune // Kollektivet,No,,100000,1:47,100000
The Con Artists // 기술자들,No,,100000,1:57,100000
The Concierge // 北極百貨店のコンシェルジュさん,No,,100000,1:10,100000
The Conman // 賭俠 1999 // 赌侠 1999,No,,100000,1:52,100000
The Cost,No,,100000,1:51,100000
The Culprit // 진범,No,,100000,1:40,100000
The Curse // Pwera usog,No,,100000,1:34,100000
The Deal // 살인의뢰,No,,100000,1:43,100000
The Debutantes (2017),No,,100000,1:28,100000
The Deep Blue Sea,No,,100000,1:39,100000
The Demon Prince // Hoàng Tử Quỷ,No,,100000,1:57,100000
The Detective Is in the Bar // 探偵はBARにいる2 ススキノ大交差点,No,,100000,2:00,100000
The Devil's Deal // 대외비,No,,100000,1:51,100000
The Devil's Deception // Talbis Iblis,No,,100000,1:36,100000
The Devil's Lair // Pemukiman Setan,No,,100000,1:36,100000
The Diary of a Teenage Girl,No,,100000,1:42,100000
The Diary of Paulina P. // Dnevnik Pauline P.,No,,100000,1:36,100000
The Disaster Artist,No,,100000,1:44,100000
The Divine Move // 신의 한 수,No,,100000,1:58,100000
The Divine Move 2: The Wrathful // 신의 한 수: 귀수편,No,,100000,1:46,100000
The Drover's Wife: The Legend of Molly Johnson,No,,100000,1:48,100000
The Dry (2021),No,,100000,1:57,100000
The Dry Spell // 渇水,No,,100000,1:40,100000
The Duke (2021),No,,100000,1:35,100000
The End of the Tour,No,,100000,1:46,100000
The End of the World or Egg Nogg 4 // Koniec świata czyli Kogel Mogel 4,No,,100000,1:31,100000
The Exorcism,No,,100000,1:35,100000
The Exorcism Of Karen Walker,No,,100000,1:22,100000
The Fake // 사이비,No,,100000,1:41,100000
The Family Holiday,No,,100000,1:28,100000
The Famous and the Dead // Os Famosos E Os Duendes da Morte,No,,100000,1:42,100000
The Fighter // Fighter,No,,100000,1:34,100000
The Final Destination,No,,100000,1:22,100000
The Final Girls,No,,100000,1:32,100000
The Final Race // Ett Sista Race,No,,100000,1:53,100000
The Fix-It Man // Tamirhane,No,,100000,1:53,100000
The Floor Plan // 変な家,No,,100000,1:50,100000
The Forbidden Kingdom,No,,100000,1:45,100000
The Gangster // อันธพาล,No,,100000,1:50,100000
"The Gangster, The Cop, The Devil // 악인전",No,,100000,1:50,100000
The Garden of Words // 言の葉の庭,No,,100000,0:46,100000
The Gardener’s Year // Zahradníkův rok,No,,100000,1:39,100000
The Ghost and the Tout Too,No,,100000,1:51,100000
The Ghost Station // 옥수역귀신,No,,100000,1:20,100000
The Girl and the Gun // Babae at Baril,No,,100000,1:18,100000
The Girl with All the Gifts,No,2017-05-25,100000,1:51,100000
The Goat and Her Three Kids // Capra cu trei iezi,No,,100000,1:23,100000
The Golden Ball // Le ballon d'or,No,,100000,1:33,100000
The Golden Holiday // 국제수사,No,,100000,1:46,100000
The Golden Spurtle,No,,100000,1:15,100000
The Good Neighbor (2022),No,,100000,1:45,100000
The Great Hack,Yes,2019-07-24,100000,1:54,100000
The Great Waldo Pepper,No,,100000,1:48,100000
The Groove Under the Groove - os Sons de Paulinho da Costa,No,,100000,1:30,100000
The Guardian of the Monarchs // El Guardián de las Monarcas,Yes,2024-05-09,100000,1:32,100000
The Guardians of Christmas // Вартові Різдва,No,,100000,1:35,100000
The Haunted House: The Secret of the Cave // 극장판1신비아파트: 금빛 도깨비와 비밀의 동굴,No,,100000,1:08,100000
The Haunted House: The Sky Ghost VS Jormungandr // 신비아파트 극장판 하늘도깨비 대 요르문간드,No,,100000,1:36,100000
The Host // 괴물,No,,100000,2:00,100000
The Hound of the Baskervilles: Sherlock the Movie // バスカヴィル家の犬 シャーロック劇場版,No,,100000,1:59,100000
The Hours with You // Las horas contigo,No,,100000,1:33,100000
The Housemaid // 하녀,No,,100000,1:47,100000
The Hovering Blade // さまよう刃,No,,100000,1:52,100000
The Hunt // Jagten,No,,100000,1:51,100000
The Hunter (1980),No,,100000,1:37,100000
The Ideal Squad // Biệt đội rất ổn,No,,100000,1:43,100000
The Immature // Immaturi,No,,100000,1:47,100000
The Incredible Hulk (2008),No,,100000,1:52,100000
The Incredible Jessica James,Yes,2017-07-28,100000,1:24,100000
The Inheritance // Dědictví aneb Kurvahošigutntág,No,,100000,1:58,100000
The Invisible Thread // Il filo invisibile,Yes,2022-03-04,100000,1:50,100000
The Invisibles // Les Invisibles,No,,100000,1:42,100000
The Irregular at Magic High School The Movie: The Girl Who Summons the Stars // 劇場版 魔法科高校の劣等生 星を呼ぶ少女,No,,100000,1:30,100000
The Italian Job (1969),No,,100000,1:39,100000
The Janitor (2014),No,,100000,1:55,100000
The Jönsson Gang Gets Gold Fever // Jönssonligan får guldfeber,No,,100000,1:41,100000
The Jönsson Gang In Mallorca // Jönssonligan på Mallorca,No,,100000,1:41,100000
The Jönsson Gang Returns // Jönssonligan kommer tillbaka,No,,100000,1:44,100000
The Jönsson Gang Turns Up Again // Jönssonligan Dyker Upp Igen,No,,100000,1:29,100000
The Killers // 더 킬러스,No,,100000,1:59,100000
The Kindergarten Teacher,No,2018-10-12,100000,1:37,100000
The King of Minami Returns ～Ginjiro’s New Enemy is a God?!～ // 新・ミナミの帝王~銀次郎の新たな敵は神様!?~,No,,100000,1:38,100000
The King of Minami Returns: Expose the Scandal! // 新・ミナミの帝王～スキャンダルを暴け! 銀次郎に託された遺言～,No,,100000,1:38,100000
The King's Daughter,No,,100000,1:38,100000
The King's Letters // 나랏말싸미,No,,100000,1:50,100000
The King's Speech,No,,100000,1:59,100000
The King’s Case Note // 임금님의 사건수첩,No,,100000,1:54,100000
The Lady Shogun and Her Men // 大奥,No,,100000,1:56,100000
The Lair (2022),No,,100000,1:36,100000
The Land // Kraj,No,,100000,1:43,100000
The Last Aristocrat // Poslední aristokratka,No,,100000,1:50,100000
The Last Aristocrat 2 // Aristokratka ve varu,No,,100000,1:35,100000
The Last Exorcism Part II,No,,100000,1:29,100000
The Last Frenzy // 末路狂花錢 // 末路狂花钱,No,,100000,1:47,100000
The Last Man on Earth // El último hombre sobre la Tierra,No,,100000,1:27,100000
The Last Note // Το Τελευταίο Σημείωμα,No,,100000,1:57,100000
The Last Showgirl,No,,100000,1:25,100000
The Last Whistle,No,,100000,1:28,100000
The Lazarus Effect,No,,100000,1:23,100000
The Legacy of a Whitetail Deer Hunter,Yes,2018-07-06,100000,1:23,100000
The Legend of Baron To'a,No,,100000,1:46,100000
The Liar and His Lover // カノジョは嘘を愛しすぎてる,No,,100000,1:57,100000
The Lie: The Murder of Grace Millane,No,,100000,1:32,100000
The Lord Musang King,No,,100000,1:30,100000
The Lost City of Melbourne,No,,100000,1:25,100000
The Lost Dream Team // Izgubljeni Dream Team,No,,100000,1:21,100000
The Lover (1992),No,,100000,1:56,100000
The Lovers of the Arctic Circle // Los amantes del círculo polar,No,,100000,1:44,100000
The LXD: Secrets of the Ra,No,,100000,1:41,100000
The Mad Monk // 濟公 // 济公,No,,100000,1:25,100000
The Mafia Kills Only in Summer // La mafia uccide solo d'estate,No,,100000,1:25,100000
The Magic Quill // Čertí brko,No,,100000,1:40,100000
The Magnificent Scoundrels // 情聖 // 情圣,No,,100000,1:37,100000
The Maid (2005),No,,100000,1:29,100000
The Majestic Life of Queen Elizabeth II,No,,100000,1:35,100000
The Making of a Japanese // 小学校〜それは小さな社会〜,No,,100000,1:39,100000
The Man Who Knew Infinity,No,,100000,1:49,100000
The Maniacs // Wariaci,No,,100000,1:57,100000
The Many Saints of Newark,No,,100000,2:00,100000
The Marco Effect // Marco Effekten,No,,100000,2:00,100000
The Martha Mitchell Effect,Yes,2022-06-17,100000,0:41,100000
The Medicine // Medicinen,No,,100000,1:55,100000
The Memory Game // Het Geheugenspel,No,,100000,1:47,100000
The Mentors // Mentorii,No,,100000,1:40,100000
The Merciless // 불한당: 나쁜 놈들의 세상,No,,100000,2:00,100000
The Method // El Método,No,,100000,1:57,100000
The Mexican Experiment // التجربة المكسيكية,No,,100000,1:32,100000
The Mighty Angel // Pod mocnym aniołem,No,,100000,1:45,100000
The Mimic // 장산범,No,,100000,1:40,100000
The Miseducation of Cameron Post,No,,100000,1:32,100000
The Misfits (2021),No,,100000,1:35,100000
The Monster Squad,No,,100000,1:22,100000
The Motive // El autor,No,2018-08-17,100000,1:54,100000
The Mountain Within Me,No,,100000,1:29,100000
The Mustang,No,,100000,1:37,100000
The Mystery of Henri Pick // Le Mystère Henri Pick,No,,100000,1:41,100000
The Nanny Diaries,No,,100000,1:45,100000
The Negotiation // 협상,No,,100000,1:53,100000
The November Man,No,,100000,1:48,100000
The Number 23,No,,100000,1:38,100000
The Nutty Professor II: The Klumps,No,,100000,1:47,100000
The Oddsockeaters // Lichožrouti,No,,100000,1:23,100000
The Old Blunderbuss Mystery 2 // Tajemství Staré Bambitky 2,No,,100000,1:39,100000
The One and Only // Den Eneste Ene,No,,100000,1:43,100000
The Orphanage // El orfanato,No,,100000,1:46,100000
The Oskars Fantasy // Ang Pangarap Kong Oskars,Yes,,100000,1:50,100000
The Other Shore: The Diana Nyad Story,Yes,,100000,1:37,100000
The Other Side of the Bed // El Otro Lado de la Cama,No,,100000,1:44,100000
The Overture // โหมโรง,No,,100000,1:41,100000
The Perfect Candidate // Candidatul perfect,No,,100000,1:38,100000
The Phoenician Scheme,No,,100000,1:41,100000
The Phone // 더 폰,No,,100000,1:55,100000
The Pin // Szpilka,No,,100000,1:56,100000
The Pleasure of Your Company,No,,100000,1:28,100000
The Policeman's Lineage // 경관의 피,No,,100000,2:00,100000
The Post-Truth World // 罪後真相 // 罪后真相,Yes,2023-01-21,100000,2:00,100000
The Precious memory of Gogo Brothers // 추억의 검정고무신,No,,100000,1:20,100000
The Prenup,No,,100000,1:59,100000
The President's Cake // مملكة القصب,No,,100000,1:46,100000
The Priests // 검은 사제들​,No,,100000,1:48,100000
The Prince of Egypt,No,,100000,1:39,100000
The Princess and the Matchmaker // 궁합,No,,100000,1:50,100000
The Promise // เพื่อน..ที่ระลึก,No,,100000,1:53,100000
The Promised Neverland // 約束のネバーランド,No,,100000,1:59,100000
The Purge (2013),No,,100000,1:25,100000
The Quiet Maid // Calladita,No,,100000,1:33,100000
The Red Thread // 赤い糸,No,,100000,1:47,100000
The Replacements (2000),No,,100000,1:58,100000
The Reunion // Klassefesten,No,,100000,1:31,100000
The Reunion 3 // Klassefesten 3: Dåben,No,,100000,1:37,100000
The Revenge of the Shiny Shrimps // La Revanche des Crevettes pailletées,No,,100000,1:53,100000
The Royal Hotel,No,,100000,1:31,100000
The Ryan White Story,No,,100000,1:34,100000
The Saint of Second Chances,Yes,2023-09-19,100000,1:34,100000
The Shameless // 무뢰한,No,,100000,1:58,100000
The Sheriff in Town // 보안관,No,,100000,1:55,100000
The Shiny Shrimps // Les Crevettes pailletées,No,,100000,1:43,100000
The Shore of Life // 好好說再見 // 好好说再见,No,,100000,1:45,100000
The Short Game,Yes,2013-12-12,100000,1:40,100000
The Show Must Go On // 우아한 세계,No,,100000,1:50,100000
The Sidemen Story,No,,100000,1:40,100000
The Sins // Nie cudzołóż i nie kradnij,No,,100000,1:41,100000
The Skin I Live In // La piel que habito,No,,100000,2:00,100000
The Slurb // Das Sams,No,,100000,1:42,100000
The Son-in-Law of My Life // Le gendre de ma vie,No,,100000,1:41,100000
The Soul Reaper // Kẻ ăn hồn,No,,100000,1:50,100000
The Story of a Godfather // Příběh kmotra,No,,100000,1:35,100000
The Substitute // El suplente,No,,100000,1:52,100000
The Sun Sets on Us // Güneşi Söndürmem Gerek,No,,100000,1:46,100000
The Sunlit Night,No,,100000,1:22,100000
The Suspect: Muroi Shinji // 容疑者 室井慎次,No,,100000,1:57,100000
The Swan Princess Christmas,No,,100000,1:24,100000
The Sweet Taste of Salted Bread and Undies // Pan de Salawal,No,,100000,1:32,100000
The Taste of Others // Le Goût des autres,No,,100000,1:53,100000
The Teacher's Diary // คิดถึงวิทยา,No,,100000,1:49,100000
The Teddy Bear // Miś,No,,100000,1:52,100000
The Third Party,No,,100000,1:58,100000
The Throwaways (2015),No,,100000,1:27,100000
The Transporter Refueled,No,,100000,1:36,100000
"The Tunnel to Summer, the Exit of Goodbyes // 夏へのトンネル、さよならの出口",No,,100000,1:23,100000
The Twelve Stories of Glen Anggara // 12 Cerita Glen Anggara,No,,100000,1:58,100000
The Unbearable Weight of Massive Talent,No,,100000,1:47,100000
The Uninvited (2009),No,,100000,1:28,100000
The Unseeable // เปนชู้กับผี,No,,100000,1:37,100000
The Utah Cabin Murders,No,,100000,1:20,100000
The Vanished (2020),No,,100000,1:55,100000
The Vow (2023),Yes,,100000,1:03,100000
The Way I Love You,No,,100000,1:34,100000
The Way of The Househusband: The Movie // 極主夫道 ザ・シネマ,No,,100000,1:58,100000
The Wedding // Wesele,No,,100000,1:42,100000
The Wildflower,No,,100000,1:47,100000
The Witness // 목격자,No,,100000,1:51,100000
THE WOLF HOUR,No,,100000,1:39,100000
The Woman of S.R.I. The Movie // 科捜研の女 -劇場版-,No,,100000,1:49,100000
The Wood,No,,100000,1:47,100000
The World of Us // 우리들,No,,100000,1:34,100000
The Worst Christmas of My Life // Il peggior Natale della mia vita,No,,100000,1:26,100000
The Yellow Duck // البطة الصفرا,No,,100000,1:36,100000
"Them, Behind the Door // 鬼們之蝴蝶大廈",No,,100000,1:42,100000
There Is a What-If // El hubiera sí existe,No,,100000,1:36,100000
There There (2022),No,,100000,1:34,100000
Thermae Romae // テルマエ・ロマエ,No,,100000,1:48,100000
Thesis // Tesis,No,,100000,1:59,100000
Third World Romance,Yes,,100000,1:53,100000
Thiruvin Kural,No,,100000,1:58,100000
This Christmas,No,,100000,1:59,100000
This Life // Hvidsten Gruppen,No,,100000,1:58,100000
Three // 三人行,No,,100000,1:28,100000
Three Brothers // Tři bratři,No,,100000,1:27,100000
Three Kings (1999),No,,100000,1:55,100000
Three of Us // थ्री ऑफ़ अस,Yes,,100000,1:39,100000
Three Sisters // 세자매,No,,100000,1:55,100000
Three Thousand Years of Longing,No,,100000,1:48,100000
"Three Turkish Men, One Baby – No Idea // 3 Türken & ein Baby",No,,100000,1:33,100000
Three Wishes for Cinderella // Drei Haselnüsse für Aschenbrödel ,No,,100000,1:22,100000
Thrishanku,No,,100000,1:51,100000
Through Thick and Thin // V Dobrém I Zlém,No,,100000,1:34,100000
Thunder Monk // อาตมาฟ้าผ่า,No,,100000,1:29,100000
Thursday's Widows // Las viudas de los jueves,No,,100000,1:58,100000
Tidal Wave // 해운대,No,,100000,2:00,100000
Tiger Running // เสือเผ่น ๑,No,,100000,1:46,100000
Tightrope (1984),No,,100000,1:54,100000
"Till Then, Hanna! // Sampai Nanti, Hanna!",No,,100000,1:51,100000
TIM (2023),No,,100000,1:41,100000
Time for Loving // Sapore Di Mare,No,,100000,1:35,100000
Time of Happiness // Mutluluk Zamanı,No,,100000,1:44,100000
Timeline (2003),No,,100000,1:55,100000
Titip Surat Untuk Tuhan,Yes,,100000,1:21,100000
To Russia with Love (2022),Yes,,100000,1:56,100000
"TOC - Transtornada, Obsessiva, Compulsiva",No,,100000,1:45,100000
Today We Fix the World // Hoy se arregla el mundo,No,2022-03-16,100000,1:54,100000
Todos lo hacen,No,,100000,1:40,100000
Tokyo Ghoul S // 東京喰種 トーキョーグール【S】,No,,100000,1:41,100000
Tom Yum Goong // ต้มยำกุ้ง,No,,100000,1:46,100000
Tomb of the River // 강릉,No,,100000,1:59,100000
Tomcats (2001),No,,100000,1:35,100000
Toni Morrison: The Pieces I Am,No,,100000,2:00,100000
Too Young the Hero,No,,100000,1:34,100000
Torno indietro e cambio vita,No,,100000,1:23,100000
Totto-Chan The Little Girl at the Window // 窓ぎわのトットちゃん,No,,100000,1:54,100000
Tout le bleu du ciel,No,2025-01-27,100000,1:37,100000
Tow-Truck Pluck // Pluk Van De Petteflet,No,,100000,1:35,100000
Trabant: There and Back Again // Trabantem tam a zase zpátky,No,,100000,1:53,100000
Trading Places (2023),Yes,,100000,1:36,100000
Tragic Jungle // Selva trágica,No,2021-06-09,100000,1:37,100000
Trailer Park Boys: Say Goodnight to the Bad Guys,Yes,,100000,0:47,100000
Trailer Park Boys: Xmas Special,Yes,,100000,0:46,100000
TRANSMITZVAH,No,2024-11-22,100000,1:41,100000
Travis Scott: Look Mom I Can Fly,Yes,2019-08-28,100000,1:25,100000
Trespassers // 侵入者たちの晩餐,No,,100000,1:31,100000
Tricky Brains // 整蠱專家 // 整蛊专家,No,,100000,1:47,100000
Trippin' with the Kandasamys,Yes,2021-06-04,100000,1:34,100000
Trivisa // 樹大招風 // 树大招风,No,,100000,1:37,100000
Trois couleurs: Blanc,No,,100000,1:28,100000
Trois couleurs: Bleu,No,,100000,1:34,100000
Troppo napoletano,No,,100000,1:37,100000
Trouble Girl // 小曉,No,,100000,1:43,100000
True Friends // Amitiés Sincères,No,,100000,1:40,100000
Tsotsi,No,,100000,1:27,100000
Tuesdays & Fridays,No,,100000,1:46,100000
Turn Right Barcelona // Belok Kanan Barcelona,No,,100000,1:47,100000
Tuscan Wedding // Toscaanse bruiloft,No,,100000,1:49,100000
Tutta La Verità: Giallo Pantani,No,,100000,1:38,100000
Twenty // 스물,No,,100000,1:55,100000
Twittering Birds Never Fly: The Clouds Gather // 囀る鳥は羽ばたかない The clouds gather,No,,100000,1:26,100000
Two Blue Stripes // Dua Garis Biru,No,,100000,1:53,100000
Two Brides and One Wedding // Dvě nevěsty a jedna svatba,No,,100000,1:28,100000
Two For Rent // اثنين للإيجار,No,,100000,1:42,100000
Two Hearts // Două inimi,No,,100000,1:38,100000
Two Sinners and a Mule,No,,100000,1:37,100000
Two Weeks Notice,No,,100000,1:41,100000
U Are the Universe // Ти – Космос,No,,100000,1:41,100000
U Motherbaker–The Movie // 我的婆婆怎麼把OO搞丟了,No,,100000,1:54,100000
Uang Panai' Maha(R)L,No,,100000,2:00,100000
Ultraviolet (2006),No,,100000,1:28,100000
Uma Loucura de Mulher,No,,100000,1:32,100000
Uma Professora muito maluquinha,No,,100000,1:27,100000
Ummah - Unter Freunden,No,,100000,1:43,100000
Un Dia En El Paraiso // Un día en el paraíso,No,,100000,1:37,100000
Una Vida No Tan Simple,No,,100000,1:47,100000
Uncle Truther // Wujek Foliarz,No,,100000,1:24,100000
Under Cover (2022),No,,100000,1:31,100000
Under Parallel Skies,Yes,,100000,1:51,100000
Under the Same Roof // Bajo el mismo techo,No,,100000,1:38,100000
Unforgettable (2019),No,,100000,1:26,100000
Unforgivable // 비밀,No,,100000,1:51,100000
Unspeakable Acts,No,,100000,1:35,100000
Untouchable Lawmen // 치외법권,No,,100000,1:44,100000
Upcoming Summer // 盛夏未來 // 盛夏未来,Yes,2021-10-03,100000,1:55,100000
Uproar,No,,100000,1:50,100000
Urban Myths // 서울괴담,No,,100000,1:58,100000
US: A Movie About Bloody Hawk // ΕΜΕΙΣ: Μια Ταινία για τον Bloody Hawk,No,,100000,1:38,100000
Usury Academy // 사채소년,No,,100000,1:45,100000
Valentina (2020),No,,100000,1:35,100000
Vanguard (2020),No,,100000,1:48,100000
Varsity Blues (1999),No,,100000,1:45,100000
Vehicle 19,No,,100000,1:22,100000
Vengeance (2017),No,,100000,1:39,100000
Vicious // Vals,No,,100000,1:36,100000
Victoria Angel // Andílek na nervy,No,,100000,1:42,100000
Vidas Secas,No,,100000,1:40,100000
Vijay 69 // विजय 69,Yes,2024-11-08,100000,1:52,100000
Vikrithi,No,,100000,2:00,100000
Vince and Kath and James,No,,100000,1:55,100000
Violet Evergarden: Recollections // ヴァイオレット・エヴァーガーデン 総集編,Yes,2022-12-15,100000,1:35,100000
Virunga,Yes,2014-11-07,100000,1:40,100000
Visaranai,No,,100000,1:56,100000
Voltes V Legacy: The Movie,No,,100000,1:37,100000
Voy! Voy! Voy! // ڤوي! ڤوي! ڤوي!,No,,100000,1:47,100000
VR Fighter // 神兵特攻,No,,100000,1:22,100000
VS. (2018),No,,100000,1:39,100000
Vyšehrad: Fylm,No,,100000,1:41,100000
Waiting for Spring // 春待つ僕ら,No,,100000,1:49,100000
Waking up yesterday // Probudím se včera,No,,100000,1:58,100000
Walwal,No,,100000,1:44,100000
Warkop DKI Reborn 3,No,,100000,1:36,100000
Warkop DKI Reborn: Jangkrik Boss! Part 2,No,,100000,1:31,100000
Way Down,No,,100000,1:58,100000
We Have Always Lived in the Castle,No,,100000,1:35,100000
We Started Together // Együtt kezdtük,No,,100000,1:37,100000
Wedding Agreement,No,,100000,1:35,100000
Wedding High // ウェディング・ハイ,No,,100000,1:58,100000
Welcome Home (2018),No,,100000,1:37,100000
Welcome Mr. President! // Benvenuto Presidente!,No,,100000,1:39,100000
Wet Woman in the Wind // 風に濡れた女,No,,100000,1:18,100000
Whale Rider,No,,100000,1:41,100000
What a Man Wants // 바람 바람 바람,No,,100000,1:40,100000
What If,Yes,2023-09-07,100000,1:52,100000
What's Love Got to Do with It? (2022),No,,100000,1:49,100000
Wheels on Meals // 快餐車 // 快餐车,No,,100000,1:49,100000
When Fortune Smiles // 無敵幸運星 // 无敌幸运星,No,,100000,1:35,100000
When Will You Get Divorced? // Коли Ти Розлучишся?,No,,100000,1:26,100000
While We're Young,No,,100000,1:37,100000
Whisper of the Heart (2022) // 耳をすませば,No,,100000,1:55,100000
Whispers in the Wind,Yes,,100000,1:35,100000
Who cares? - The Movie - // 映画 おっさんのパンツがなんだっていいじゃないか!,No,,100000,1:55,100000
Who Finds a Friend Finds a Treasure // Chi trova un amico trova un tesoro,No,,100000,1:42,100000
Who Killed Santa? A Murderville Murder Mystery,Yes,2022-12-15,100000,0:52,100000
Why Not! // Dlaczego nie!,No,,100000,1:37,100000
Wild Card // 와일드 카드,No,,100000,1:54,100000
Wild Flowers // Girasoles silvestres,No,,100000,1:46,100000
Wild Wild West,No,,100000,1:46,100000
Will You Marry,Yes,,100000,1:26,100000
Willy Wonka & the Chocolate Factory,No,,100000,1:40,100000
Winnie the Pooh: Blood and Honey,No,,100000,1:24,100000
Winnie-the-Pooh: Blood and Honey 2,No,,100000,1:34,100000
Winter Bay // Vinterviken,No,,100000,1:42,100000
Wise Guys // Băieți deștepți,No,,100000,1:35,100000
Wish You Were the One,No,,100000,1:49,100000
With Mother: Surikae Kamen wo Tsukamaero! // 映画 おかあさんといっしょ すりかえかめんをつかまえろ!,No,,100000,1:05,100000
Women & Life // Ženy a život,No,,100000,1:24,100000
Women on the Verge of a Nervous Breakdown // Mujeres al borde de un ataque de nervios,No,,100000,1:29,100000
Wrong Turn (2003),No,,100000,1:24,100000
Wrong Turn at Tahoe,No,,100000,1:31,100000
X (2022),No,,100000,1:47,100000
XOXO,Yes,2016-08-26,100000,1:32,100000
Ya Boy Kongming! The Movie // パリピ孔明 The Movie,No,,100000,1:58,100000
Yamazaki Ichimon Nihontouitsu The Movie // 劇場版 山崎一門～日本統一～,No,,100000,1:36,100000
Yeh Ballet // ये बैले,Yes,2020-02-21,100000,1:57,100000
Yes Man,No,,100000,1:44,100000
Yesterday Today Tomorrow (2011),No,,100000,1:56,100000
You and Me and the Ending // Ikaw at Ako at ang Ending,No,,100000,1:29,100000
You Are on My Mind // 你在我心上,No,,100000,1:49,100000
You Kiss Like a God // Líbáš jako Bůh,No,,100000,1:56,100000
You Shine in the Moonlight // 君は月夜に光り輝く,No,,100000,1:41,100000
You Take the Kids! // S tebou mě baví svět,No,,100000,1:23,100000
You to Me Are Everything,No,,100000,1:57,100000
You Will Die In 6 Hours // 6시간 후 너는 죽는다,No,,100000,1:31,100000
"You're Killing Me Susana // Me estás matando, Susana",No,,100000,1:42,100000
Young & Dangerous 3 // 古惑仔 3 之隻手遮天 // 古惑仔 3 之只手遮天,No,,100000,1:38,100000
Young Guns II,No,,100000,1:44,100000
Yowamushi Pedal The Movie // 劇場版 弱虫ペダル,No,,100000,1:30,100000
Yowis Ben 2,No,,100000,1:49,100000
Yowis Ben 3,No,,100000,1:52,100000
Zaara,No,,100000,1:47,100000
Ziarno prawdy,No,,100000,1:46,100000
Zurli Super Pedestrians // Superpietonii Zurli,No,,100000,1:22,100000
¡Asu Mare! Los amigos,No,,100000,1:52,100000
"¡Ay, mi madre!",Yes,,100000,1:21,100000
¿Qué le dijiste a Dios?,No,,100000,1:28,100000
Çakallarla Dans 4,No,,100000,1:50,100000
Çakallarla Dans 5,No,,100000,1:44,100000
Érase una vez en Euskadi,No,,100000,1:41,100000
Čtyřlístek Ve Službách Krále,No,,100000,1:29,100000
נדל״ן-סיפור אהבה,No,,100000,1:39,100000
أصحاب ...ولا أعزّ,No,2022-01-20,100000,1:40,100000
حظك اليوم,No,,100000,1:34,100000
وحش البنوك,No,,100000,1:30,100000
وحش حولي,No,,100000,1:34,100000
Ẹlẹṣin Ọba: The King's Horseman,Yes,2022-11-04,100000,1:37,100000
Other Movies,*,*,102900000,*,*
