Title,Available Globally?,Release Date,Hours Viewed,Runtime,Views
His & Hers: Limited Series,Yes,2026-01-08,454300000,4:22,104000000
Bridgerton: Season 4,Yes,2026-01-29,889800000,8:53,100200000
I Will Find You: Limited Series,Yes,2026-06-18,350500000,5:29,63900000
Stranger Things 5,Yes,2025-11-26,578400000,10:24,55600000
Run Away: Limited Series,Yes,2026-01-01,315300000,6:16,50300000
Teach You a Lesson: Limited Series // 참교육: 리미티드 시리즈,Yes,2026-06-05,514700000,10:41,48200000
ONE PIECE: Season 2,Yes,2026-03-10,383500000,8:06,47300000
Man on Fire: Season 1,Yes,2026-04-30,224300000,5:33,40400000
Ms. Rachel: Season 1,Yes,,113100000,3:02,37300000
The Night Agent: Season 3,Yes,2026-02-19,314500000,8:43,36100000
The Lincoln Lawyer: Season 4,Yes,2026-02-05,295500000,8:26,35000000
Nemesis: Season 1,Yes,2026-05-14,253700000,7:47,32600000
Unfamiliar: Season 1,Yes,2026-02-05,165400000,5:14,31600000
The Dinosaurs: Season 1,Yes,2026-03-06,97700000,3:06,31500000
Ms. Rachel: Season 2,Yes,,94900000,3:02,31300000
"XO, Kitty: Season 3",Yes,2026-04-02,127000000,4:20,29300000
Michael Jackson: The Verdict: Season 1,Yes,2026-06-03,76200000,2:38,28900000
Virgin River: Season 7,Yes,2026-03-12,237500000,8:15,28800000
Can This Love Be Translated?: Limited Series // 이 사랑 통역 되나요?: 리미티드 시리즈,Yes,2026-01-16,377700000,13:11,28600000
Agatha Christie's Seven Dials: Season 1,Yes,2026-01-15,77300000,2:42,28600000
Unchosen: Season 1,Yes,2026-04-21,127800000,4:30,28400000
The Witness: Limited Series,Yes,2026-06-04,72400000,2:35,28000000
Berlin and the Lady with an Ermine: Limited Series // Berlín y la dama del armiño: Miniserie,Yes,2026-05-15,204400000,7:24,27600000
Should I Marry A Murderer?: Limited Series,Yes,2026-04-29,66900000,2:31,26600000
Worst Ex Ever: Season 2,Yes,2026-05-06,106500000,4:01,26500000
Danny Go!: Season 1,Yes,,53600000,2:02,26400000
Stranger Things,Yes,2016-07-15,175800000,6:49,25800000
The Art of Sarah: Limited Series // 레이디 두아: 리미티드 시리즈,Yes,2026-02-13,154000000,5:58,25800000
Salish & Jordan Matter: Season 1,No,,91000000,3:32,25800000
Bloodhounds: Season 2 // 사냥개들: 시즌 2,Yes,2026-04-03,169100000,6:58,24300000
Trust Me: The False Prophet: Season 1,Yes,2026-04-08,79400000,3:17,24200000
Bridgerton: Season 1,Yes,2020-12-25,194400000,8:12,23700000
Stranger Things 4,Yes,2022-05-27,303300000,13:04,23200000
Bridgerton: Season 3,Yes,2024-05-16,185500000,7:59,23200000
The Boroughs: Season 1,Yes,2026-05-21,144300000,6:15,23100000
Stranger Things 3,Yes,2019-07-04,172100000,7:33,22800000
Reality Check: Inside America's Next Top Model: Season 1,Yes,2026-02-16,62400000,2:47,22400000
Radioactive Emergency: Season 1 // Emergência Radioativa: Temporada 1,Yes,2026-03-18,112300000,5:08,21900000
Stranger Things 2,Yes,2017-10-27,172100000,7:53,21800000
Detective Hole: Season 1 // Harry Hole: Sesong 1,Yes,2026-03-26,160800000,7:24,21700000
Jeffrey Epstein: Filthy Rich: Limited Series,Yes,2020-05-27,81700000,3:46,21700000
ONE PIECE: Season 1,Yes,2023-08-31,162900000,7:34,21500000
Emily in Paris: Season 5,Yes,2025-12-18,122600000,5:47,21200000
Running Point: Season 2,Yes,2026-04-23,101000000,4:47,21100000
The Roast of Kevin Hart,No,2026-05-10,60400000,2:52,21100000
Finding Her Edge: Season 1,Yes,2026-01-22,127000000,6:03,21000000
BTS THE COMEBACK LIVE | ARIRANG // BTS 컴백 라이브: ARIRANG,No,2026-03-21,22400000,1:02*,20700000
Something Very Bad Is Going to Happen: Season 1,Yes,2026-03-26,128800000,6:21,20300000
Sheriff Labrador: Season 1,Yes,,110500000,5:27,20300000
The WONDERfools: Limited Series // 원더풀스: 리미티드 시리즈,Yes,2026-05-15,188400000,9:26,20000000
If Wishes Could Kill: Limited Series // 기리고: 리미티드 시리즈,Yes,2026-04-24,118400000,5:59,19800000
Beauty in Black: Season 2,Yes,2025-09-11,270600000,13:52,19500000
Bridgerton: Season 2,Yes,2022-03-25,166100000,8:30,19500000
Legends: Season 1,Yes,2026-05-07,114000000,5:54,19300000
KPop Demon Hunters Lyric Videos,Yes,2025-10-08,7500000,0:24,18800000
KPop Demon Hunters Bonus Content: Fan Collection,Yes,2026-03-06,2700000,0:09,18000000
The Good Doctor: Season 1,No,,217900000,12:55,16900000
The Polygamist: Season 1,Yes,2026-06-12,159100000,9:39,16500000
Peppa Pig: Season 6,No,,33100000,2:02,16300000
Boyfriend on Demand: Limited Series // 월간남친: 리미티드 시리즈,Yes,2026-03-06,160900000,9:59,16100000
Taskaree: The Smuggler's Web: Season 1 // तस्करी: द स्मगलर्स वेब: सीज़न 1,Yes,2026-01-13,87000000,5:24,16100000
The Four Seasons: Season 2,Yes,2026-05-28,66200000,4:12,15800000
My Royal Nemesis: Limited Series // 멋진 신세계: 리미티드 시리즈,Yes,2026-05-08,253400000,16:09,15700000
The Beast in Me: Limited Series,Yes,2025-11-13,100900000,6:36,15300000
Bloodhounds: Season 1 // 사냥개들: 시즌 1,Yes,2023-06-09,122900000,8:08,15100000
Young Sheldon: Season 1,No,,109300000,7:13,15100000
Mark Rober's CrunchLabs: Season 2,Yes,,28000000,1:57,14400000
Gabby's Dollhouse: Season 13,Yes,2026-03-02,28500000,2:02,14000000
Peaky Blinders: Season 1,No,2014-09-30,78400000,5:39,13900000
Ronaldinho: The One and Only: Limited Series // Ronaldinho Gaúcho: Minissérie,Yes,2026-04-16,38400000,2:47,13800000
The Night Agent: Season 2,Yes,2025-01-23,115300000,8:36,13400000
The Night Agent: Season 1,Yes,2023-03-23,109800000,8:11,13400000
Love Is Blind: S10: Ohio,No,2026-02-11,179100000,13:38,13100000
Bandi: Season 1,Yes,2026-04-09,101500000,7:48,13000000
Queen Charlotte: A Bridgerton Story,Yes,2023-05-04,83500000,6:29,12900000
BEEF: Season 2,Yes,2026-04-16,75100000,5:52,12800000
Lead Children: Limited Series // Ołowiane dzieci: Miniserial,Yes,2026-02-11,73400000,5:45,12800000
The Predator of Seville: Limited Series,Yes,2026-03-27,30800000,2:24,12800000
Peppa Pig: Season 3,No,,26100000,2:02,12800000
Peppa Pig: Season 1,No,,51700000,*,12700000
Skyscraper Live,No,2026-01-24,24400000,1:57*,12600000
Sold Out on You: Limited Series // 오늘도 매진했습니다: 리미티드 시리즈,Yes,2026-04-22,164500000,13:19,12400000
The Cleaning Lady (2022): Season 1,No,,90300000,7:16,12400000
Peppa Pig: Season 4,No,,25300000,2:03,12300000
Avatar: The Last Airbender: Season 2,Yes,2026-06-25,90000000,7:28,12100000
Big Mistakes: Season 1,Yes,2026-04-09,54000000,4:27,12100000
That Night: Limited Series // Esa noche: Miniserie,Yes,2026-03-13,48800000,4:07,11900000
Sullivan's Crossing: Season 1,No,,86400000,7:21,11800000
Young Sheldon: Season 2,No,,84600000,7:10,11800000
Gabby's Dollhouse: Season 1,Yes,2021-01-05,47700000,4:02,11800000
The Mentalist (2008): Season 1,No,,193400000,16:36,11700000
Pursuit of Jade: Season 1 // 逐玉: 第 1 季,Yes,,356700000,30:47,11600000
Animal Kingdom (2016): Season 1,No,,95500000,8:13,11600000
Masha and the Bear: Season 5,No,,38000000,3:16,11600000
"A Friend, a Murderer: Limited Series // En ven, en morder: Miniserie",Yes,2026-03-05,24700000,2:08,11600000
Gabby's Dollhouse: Season 12,Yes,2025-11-17,23400000,2:01,11600000
Katt Williams: The Last Report,No,2026-02-10,11300000,0:59,11500000
Breaking Bad: Season 1,No,,65300000,5:48,11300000
Love on the Spectrum: Season 4,No,2026-04-01,66400000,5:57,11200000
Rick and Morty: Season 8,No,,41700000,3:44,11200000
"XO, Kitty: Season 2",Yes,2025-01-16,45300000,4:04,11100000
Fake Profile: Season 3 // Perfil falso: Temporada 3,Yes,2026-04-15,71700000,6:32,11000000
Flunked: Season 1 // Recalé: Saison 1,Yes,2026-04-23,45300000,4:08,11000000
Masha and the Bear: Season 1,No,,36700000,3:20,11000000
Peppa Pig: Season 5,No,,22500000,2:03,11000000
Age of Attraction: Season 1,No,2026-03-11,88100000,8:04,10900000
Young Sheldon: Season 3,No,,73800000,6:47,10900000
Homicide: New York: Season 2,Yes,2026-03-25,45100000,4:13,10700000
Agent Kim Reactivated: Limited Series // 김부장: 리미티드 시리즈,Yes,2026-06-26,23000000,2:09,10700000
Beauty in Black: Season 1,Yes,2024-10-24,133200000,12:36,10600000
"XO, Kitty: Season 1",Yes,2023-05-18,54000000,5:05,10600000
"The Chestnut Man: Hide and Seek // Kastanjemanden: Tælle til en, tælle til to",Yes,2026-05-07,51600000,4:52,10600000
Vladimir: Limited Series,Yes,2026-03-05,42700000,4:01,10600000
The Good Doctor: Season 2,No,,135600000,12:56,10500000
The Creature Cases: Chapter 7,Yes,2026-02-09,29100000,2:46,10500000
The Amazing Digital Circus: Season 1,Yes,,51400000,4:56,10400000
Love & Death: Season 1,No,,64800000,6:17,10300000
Oasis: Season 1,Yes,2026-06-19,59200000,5:44,10300000
The Creature Cases: Chapter 1,Yes,2022-04-12,58900000,5:43,10300000
Young Sheldon: Season 4,No,,56900000,5:33,10300000
Cashero: Limited Series // 캐셔로: 리미티드 시리즈,Yes,2025-12-26,70800000,6:59,10100000
Bebefinn: Season 1,Yes,,25600000,2:32,10100000
The TikTok Killer: Limited Series // El asesino de TikTok: Miniserie,Yes,2026-03-06,15900000,1:34,10100000
Single’s Inferno: Season 5 // 솔로지옥: 시즌 5,No,2026-01-20,167300000,16:39,10000000
Person of Interest: Season 1,No,,167000000,16:47,10000000
Peaky Blinders: Season 2,No,2014-11-14,58500000,5:51,10000000
Free Bert: Season 1,Yes,2026-01-22,26100000,2:36,10000000
Absentia: Season 1,Yes,,72700000,7:20,9900000
11.22.63: Season 1,No,,71700000,7:15,9900000
In the Mud: Season 2 // En el barro: Temporada 2,Yes,2026-02-13,56300000,5:40,9900000
The Museum of Innocence: Limited Series // Masumiyet Müzesi: Mini Dizi,Yes,2026-02-13,75500000,7:40,9800000
Peppa Pig: Season 2,No,,40100000,*,9800000
Alpha Males: Season 4 // Machos alfa: Temporada 4,Yes,2026-01-09,35300000,3:36,9800000
Land of Sin: Limited Series // Synden: Miniserie,Yes,2026-01-02,34800000,3:32,9800000
The Vampire Diaries: Season 1,No,,145900000,15:07,9700000
Young Sheldon: Season 5,No,,69400000,7:09,9700000
Man Vs Baby: Season 1,Yes,2025-12-11,19000000,1:58,9700000
The Handmaid's Tale: Season 1,No,,85100000,8:51,9600000
Salvador: Season 1,Yes,2026-02-06,58300000,6:06,9600000
Younger: Season 1,No,,40600000,4:13,9600000
Mark Rober's CrunchLabs: Season 3,Yes,,21200000,2:13,9600000
Straight to Hell: Season 1 // 地獄に堕ちるわよ: シーズン1,Yes,2026-04-27,79100000,8:22,9500000
Formula 1: Drive to Survive: Season 8,Yes,2026-02-27,57600000,6:04,9500000
Unicorn Academy: Secrets Revealed: Chapter 1,Yes,2026-03-19,33200000,3:30,9500000
Ripple: Season 1,No,,52600000,5:35,9400000
Jujutsu Kaisen: Season 3 // 呪術廻戦: 第3期 死滅回游 前編,No,,46000000,4:55,9400000
Young Sheldon: Season 7,No,,43300000,4:38,9300000
Wednesday: Season 2,Yes,2025-08-06,71300000,7:47,9200000
Cash Queens: Season 1 // Les Lionnes: Saison 1,Yes,2026-02-05,53100000,5:45,9200000
Marcello Hernández: American Boy,No,2026-01-07,10000000,1:05,9200000
Avatar: The Last Airbender: Season 1,Yes,2024-02-22,65900000,7:15,9100000
The Hunting Party: Season 1,No,,64400000,7:05,9100000
Running Point: Season 1,Yes,2025-02-27,45900000,5:04,9100000
Devil May Cry: Season 2,Yes,2026-05-12,43600000,4:46,9100000
Smallville: Season 1,No,,137000000,15:18,9000000
Suits (2011): Season 1,No,,83200000,*,9000000
Young Sheldon: Season 6,No,,64400000,7:08,9000000
Hulk Hogan: Real American: Limited Series,Yes,2026-04-22,37000000,4:08,9000000
The Lincoln Lawyer: Season 1,Yes,2022-05-13,74000000,8:19,8900000
Sullivan's Crossing: Season 2,No,,65600000,7:20,8900000
Little Angel: Volume 7,Yes,,27100000,3:03,8900000
Money Heist: Part 1 // La casa de papel: Parte 1,Yes,2017-07-01,91600000,*,8800000
La Brea: Season 1,No,,63400000,7:11,8800000
Love from 9 to 5: Season 1 // Amor de oficina: Temporada 1,Yes,2026-01-01,42500000,4:51,8800000
Between Father and Son: Season 1 // Entre padre e hijo: Temporada 1,Yes,2026-05-13,24900000,2:50,8800000
Breaking Bad: Season 2,No,,89800000,10:18,8700000
Jujutsu Kaisen: Season 1 // 呪術廻戦: 第1期,No,,83100000,9:30,8700000
Sweet Magnolias: Season 5,Yes,2026-06-11,69000000,7:54,8700000
Sandokan: The Pirate Prince: Season 1,No,,67800000,7:46,8700000
Worst Ex Ever: Season 1,Yes,2024-08-28,33400000,3:50,8700000
Pinkfong Little Dino School: Season 1,Yes,,6100000,0:42,8700000
Phantom Lawyer: Season 1 // 신이랑 법률사무소: 시즌 1,No,,146800000,17:10,8600000
Sins of Kujo: Season 1 // 九条の大罪: シーズン1,Yes,2026-04-02,63900000,7:28,8600000
The Lincoln Lawyer: Season 3,Yes,2024-10-17,72500000,8:31,8500000
The Walking Dead: Season 1,No,,41600000,4:53,8500000
Bebefinn: Season 3,Yes,,22200000,2:36,8500000
Sesame Street: Volume 1,No,2025-11-10,17200000,2:02,8500000
Dynamite Kiss: Limited Series // 키스는 괜히 해서!: 리미티드 시리즈,Yes,2025-11-12,128400000,15:19,8400000
The Good Doctor: Season 3,No,,120500000,14:22,8400000
Wayward: Limited Series,Yes,2025-09-25,49600000,5:56,8400000
Barbie Life in the Dreamhouse: Season 1,Yes,,40500000,4:48,8400000
2026 World Baseball Classic: Japan vs. Australia // 2026 ワールドベースボールクラシック: 日本 対 オーストラリア,No,2026-03-08,18000000,*,8400000
Mark Rober's CrunchLabs: Season 1,Yes,,17700000,2:07,8400000
Peaky Blinders: Season 3,No,2016-05-31,47000000,5:40,8300000
UNTAMED: Season 1,Yes,2025-07-17,40500000,4:52,8300000
Stranger Things: Tales From '85: Season 1,Yes,2026-04-23,40400000,4:52,8300000
Funny AF with Kevin Hart: Auditions: New York City,No,2026-04-20,6700000,0:49,8300000
STEEL BALL RUN JoJo’s Bizarre Adventure: 1st STAGE // スティール・ボール・ラン ジョジョの奇妙な冒険: 1st STAGE,Yes,2026-03-19,6500000,0:47,8300000
Is It Cake? Valentines: Season 1,No,2026-02-04,6200000,0:45,8300000
Undercover Miss Hong: Limited Series // 언더커버 미쓰홍: 리미티드 시리즈,Yes,2026-01-17,155500000,19:16,8100000
Culinary Class Wars: Season 2 // 흑백요리사: 요리 계급 전쟁: 시즌 2,No,2025-12-16,139000000,17:07,8100000
PAW Patrol: Season 8,No,,80700000,10:00,8100000
The Cleaning Lady (2022): Season 2,No,,70300000,8:41,8100000
Outlast: The Jungle: Season 1,No,2026-06-10,58100000,7:13,8100000
The Chestnut Man // Kastanjemanden,Yes,2021-09-29,45200000,5:33,8100000
Gabby's Dollhouse: Season 2,Yes,2021-08-10,26200000,3:14,8100000
Ronda Rousey vs. Gina Carano,No,2026-05-16,19500000,*,8100000
BAKI-DOU: The Invincible Samurai: Season 1 // 刃牙道: シーズン1,Yes,2026-02-26,84800000,10:34,8000000
2026 World Baseball Classic: Japan vs. Korea // 2026 ワールドベースボールクラシック: 日本 対 韓国,No,2026-03-07,19300000,*,8000000
Bebefinn Playtime: 시즌 1,Yes,,8100000,1:01,8000000
The Middle: Season 1,No,,68300000,8:37,7900000
The Four Seasons: Season 1,Yes,2025-05-01,34100000,4:18,7900000
2026 World Baseball Classic Quarterfinals: Japan vs. Venezuela // 2026 ワールドベースボールクラシック: 準々決勝 日本 対 ベネズエラ,No,2026-03-14,22800000,*,7900000
Breaking Bad: Season 3,No,,80600000,10:17,7800000
Animal Kingdom (2016): Season 2,No,,81100000,10:28,7700000
The Staircase (2022): Season 1,No,,66800000,8:40,7700000
How To Get To Heaven From Belfast: Season 1,Yes,2026-02-12,51500000,6:43,7700000
Being Gordon Ramsay: Season 1,Yes,2026-02-18,35000000,4:32,7700000
Bebefinn: Season 2,Yes,,19200000,2:30,7700000
Booba: Season 1,Yes,,16100000,2:05,7700000
The Vampire Diaries: Season 2,No,,115000000,15:05,7600000
Wednesday: Season 1,Yes,2022-11-23,51500000,6:49,7600000
Masha and the Bear: Season 2,No,,22400000,2:58,7600000
Million Dollar Secret: Season 2,No,2026-04-15,58200000,7:46,7500000
Southland: Season 1,No,,37300000,5:00,7500000
Younger: Season 2,No,,31600000,4:14,7500000
Alpha Males: Season 5 // Machos alfa: Temporada 5,Yes,2026-04-17,26000000,3:28,7500000
The Creature Cases: Chapter 2,Yes,2022-11-30,3500000,0:28,7500000
Everwood: Season 1,No,,124800000,16:57,7400000
No Tail to Tell: Limited Series // 오늘부터 인간입니다만: 리미티드 시리즈,Yes,2026-01-16,90900000,12:17,7400000
Henry Danger: Season 1,No,,72700000,9:50,7400000
Falling Skies: Season 1,No,,51300000,6:55,7400000
Peaky Blinders: Season 4,No,2017-12-20,42400000,5:47,7300000
Younger: Season 7,No,,41500000,5:41,7300000
Younger: Season 6,No,,36100000,4:56,7300000
Baby Shark Hospital Play: Season 1,Yes,,17400000,2:23,7300000
The Mentalist (2008): Season 2,No,,119000000,16:25,7200000
Breaking Bad: Season 4,No,,73200000,10:14,7200000
Victorious: Season 1,No,,56600000,7:53,7200000
Younger: Season 4,No,,34300000,4:46,7200000
Younger: Season 3,No,,32200000,4:29,7200000
Little Angel: Volume 1,Yes,,26800000,3:44,7200000
"Instadocs: Alex Murdaugh, Unconvicted",Yes,2026-05-30,3600000,0:30,7200000
Lottie Dottie Chicken: 1ª temporada // Galinha Pintadinha: 1ª temporada,No,,3600000,0:30,7200000
The Rookie: Season 7,No,,91500000,12:52,7100000
The Thundermans: Season 1,No,,53500000,7:34,7100000
The Abandons: Season 1,Yes,2025-12-04,36000000,5:05,7100000
The Creature Cases: Chapter 3,Yes,2023-05-22,23800000,3:20,7100000
Bad Dinosaurs: Season 1,Yes,2024-03-28,20000000,2:50,7100000
Trolls Holiday Special,Yes,,3200000,0:27,7100000
The Lincoln Lawyer: Season 2,Yes,2023-07-06,57500000,8:11,7000000
Envious: Season 4 // Envidiosa: Temporada 4,Yes,2026-04-29,30900000,4:23,7000000
The Vampire Diaries: Season 3,No,,104900000,15:06,6900000
Animal Kingdom (2016): Season 3,No,,67100000,9:43,6900000
The Amazing World of Gumball: Season 2,No,,51400000,7:30,6900000
Sullivan's Crossing: Season 3,No,,50700000,7:20,6900000
Heartbreak High: Season 3,Yes,2026-03-25,43500000,6:19,6900000
The Law According to Lidia Poët: Season 3 // La legge di Lidia Poët: Stagione 3,Yes,2026-04-15,35300000,5:09,6900000
Younger: Season 5,No,,34100000,4:55,6900000
Masha and the Bear: Season 3,No,,24500000,3:33,6900000
The Good Doctor: Season 4,No,,98600000,14:26,6800000
Brooklyn Nine-Nine: Season 5,Yes,,54800000,8:01,6800000
Money Heist: Part 2 // La casa de papel: Parte 2,Yes,2017-11-30,46800000,*,6800000
Peaky Blinders: Season 5,No,2019-10-04,39300000,5:48,6800000
Dynasty: The Murdochs: Season 1,Yes,2026-03-13,22900000,3:23,6800000
Gabby's Dollhouse: Season 3,Yes,2021-10-19,19200000,2:50,6800000
2026 World Baseball Classic: Japan vs. Czechia // 2026 ワールドベースボールクラシック: 日本 対 チェコ,No,2026-03-10,15000000,*,6800000
Bebefinn: Season 4,Yes,,7300000,1:04,6800000
Teen Titans Go!: Season 5,No,,61100000,9:07,6700000
Jujutsu Kaisen: Season 2 // 呪術廻戦: 第2期 懐玉・玉折／渋谷事変,No,,61000000,9:08,6700000
Temptation Island: Season 2,No,2026-04-10,58300000,8:43,6700000
At Home With The Furys: Season 2,No,2026-04-12,40000000,6:00,6700000
Adolescence: Limited Series,Yes,2025-03-13,25800000,3:50,6700000
Rick and Morty: Season 7,No,,25100000,3:45,6700000
La Palma: Limited Series,Yes,2024-12-12,20700000,3:04,6700000
True Beauty: Limited Series // 여신강림: 리미티드 시리즈,No,,132200000,20:01,6600000
"Bon Appétit, Your Majesty: Limited Series // 폭군의 셰프: 리미티드 시리즈",Yes,2025-08-23,102800000,15:41,6600000
Suits (2011): Season 2,No,,76100000,11:30,6600000
Sonic Prime: Season 1,Yes,2022-12-15,24500000,3:43,6600000
Mike Epps: Delusional,No,2026-01-27,6600000,1:00,6600000
Lottie Dottie Chicken: 2ª temporada // Galinha Pintadinha: 2ª temporada,No,,4700000,0:43,6600000
Breaking Bad: Season 5,No,,83100000,12:50,6500000
The Cleaning Lady (2022): Season 3,No,,56500000,8:41,6500000
Fool Me Once: Limited Series,Yes,2024-01-01,42000000,6:25,6500000
Peaky Blinders: Season 6,No,2022-06-10,40500000,6:12,6500000
Weak Hero: Class 2 // 약한영웅: Class 2,Yes,2025-04-25,37500000,5:46,6500000
Hot Wheels Let's Race: Season 1,Yes,2024-03-04,26400000,4:02,6500000
Funny AF with Kevin Hart: Auditions: Los Angeles,No,2026-04-20,6000000,0:55,6500000
The Rookie: Season 1,No,,91300000,14:14,6400000
The Price of Confession: Season 1 // 자백의 대가: 시즌 1,Yes,2025-12-05,66200000,10:22,6400000
PAW Patrol: Season 7,No,,64100000,10:03,6400000
Animal Kingdom (2016): Season 4,No,,62600000,9:45,6400000
Lucifer: Season 1,No,2017-07-23,60000000,9:26,6400000
Perfect Match: Season 4,No,2026-05-13,55100000,8:35,6400000
Absentia: Season 2,Yes,,46200000,7:11,6400000
Henry Danger: Season 2,No,,46200000,7:16,6400000
Money Heist: Part 3 // La casa de papel: Parte 3,Yes,2019-07-19,41800000,6:30,6400000
Gangs of Galicia: Season 2 // Clanes: Temporada 2,Yes,2026-04-03,30300000,4:43,6400000
Ricky Gervais: Mortality,No,2025-12-30,6300000,0:59,6400000
Person of Interest: Season 2,No,,100400000,16:03,6300000
SpongeBob SquarePants: Season 9,No,,64400000,10:10,6300000
Henry Danger: Season 3,No,,47700000,7:36,6300000
Vikings (2013): Season 1,Yes,,42800000,6:48,6300000
Brooklyn Nine-Nine: Season 6,Yes,,40900000,6:31,6300000
Booba: Season 4,Yes,,19000000,3:02,6300000
2026 World Baseball Classic: Chinese Taipei vs. Japan // 2026 ワールドベースボールクラシック: チャイニーズ・タイペイ 対 日本,No,2026-03-06,13900000,*,6300000
The Walking Dead: Season 2,No,,60000000,9:39,6200000
"To Love, To Lose: Season 1 // Ayrılık da Sevdaya Dahil: 1. Sezon",Yes,2026-01-15,43900000,7:04,6200000
Boots: Season 1,Yes,2025-10-09,36300000,5:51,6200000
Victorious: Season 2,No,,31600000,*,6200000
Henry Danger: Season 5,No,,91500000,15:05,6100000
Sam & Cat: Season 1,No,,82600000,13:33,6100000
2 Broke Girls (2011): Season 1,No,,52700000,8:35,6100000
Brooklyn Nine-Nine: Season 3,Yes,,50000000,8:15,6100000
"Thank You, Next: Season 3 // Kimler Geldi Kimler Geçti: 3. Sezon",Yes,2026-05-08,30000000,4:57,6100000
Motorvalley: Season 1,Yes,2026-02-10,28300000,4:39,6100000
The Creature Cases: Chapter 6,Yes,2025-12-15,16900000,2:45,6100000
The Vampire Diaries: Season 4,No,,95500000,15:52,6000000
The Handmaid's Tale: Season 2,No,,72200000,12:06,6000000
Homeland: Season 1,No,,65200000,10:57,6000000
Animal Kingdom (2016): Season 5,No,,58500000,9:44,6000000
The Rookie: Season 6,No,,42800000,7:09,6000000
Brooklyn Nine-Nine: Season 7,Yes,,28000000,4:42,6000000
"Made with Love: Season 1 // Luka, Makan, Cinta: Season 1",Yes,2026-04-15,28000000,4:39,6000000
Play and Discover With José Totoy // José Totoy 3,No,,4500000,0:45,6000000
Lottie Dottie Chicken: 5ª temporada // Galinha Pintadinha: 5ª temporada,No,,3500000,0:35,6000000
Lottie Dottie Chicken: 3ª temporada // Galinha Pintadinha: 3ª temporada,No,,3400000,0:34,6000000
Bebefinn Dance Time: Season 1 // 베베핀 댄스타임: 시즌 1,Yes,,2100000,0:21,6000000
The Queen of Flow: Season 3 // La reina del flow: Temporada 3,No,2026-01-14,299500000,51:02,5900000
PAW Patrol: Season 2,No,,58500000,9:54,5900000
Shameless (U.S.): Season 1,No,,58500000,9:55,5900000
The Thundermans: Season 3,No,,57600000,9:47,5900000
Teen Titans Go!: Season 1,No,,56100000,9:26,5900000
Emily in Paris: Season 4,Yes,2024-08-15,35400000,5:57,5900000
Fatal Seduction: Season 3,Yes,2026-03-13,33300000,5:41,5900000
A Good Girl's Guide to Murder: Season 2,No,2026-05-27,28200000,4:46,5900000
Gabby's Dollhouse: Season 4,Yes,2022-02-01,19100000,3:14,5900000
The Mentalist (2008): Season 3,No,,99400000,*,5800000
All of Us Are Dead: Season 1 // 지금 우리 학교는: 시즌 1,Yes,2022-01-28,70400000,12:14,5800000
The Thundermans: Season 4,No,,70300000,12:03,5800000
PAW Patrol: Season 3,No,,58100000,10:04,5800000
AMERICA'S SWEETHEARTS: Dallas Cowboys Cheerleaders: Season 3,Yes,2026-06-16,40400000,7:01,5800000
Berlin and the Jewels of Paris: Limited Series // Berlín y las joyas de París: Miniserie,Yes,2023-12-29,38100000,6:34,5800000
Weak Hero: Class 1 // 약한영웅: Class 1,Yes,2025-03-25,32100000,5:31,5800000
Sean Combs: The Reckoning: Limited Series,Yes,2025-12-02,23900000,4:08,5800000
Funny AF with Kevin Hart: Auditions: Chicago,No,2026-04-20,5200000,0:54,5800000
Brooklyn Nine-Nine: Season 1,No,,45200000,7:58,5700000
Brooklyn Nine-Nine: Season 4,Yes,,45100000,7:53,5700000
Furies: Season 2: Furies: Resistance,Yes,2026-03-18,26000000,4:36,5700000
The Accident: Season 2 // Accidente: Temporada 2,Yes,2025-12-10,25800000,4:32,5700000
Little Angel: Volume 2,Yes,,20000000,3:30,5700000
Lottie Dottie Chicken: 4ª temporada // Galinha Pintadinha: 4ª temporada,No,,3300000,0:35,5700000
Animal Kingdom (2016): Season 6,No,,56900000,10:14,5600000
The Thundermans: Season 2,No,,53300000,9:27,5600000
Ginny & Georgia: Season 1,Yes,2021-02-24,51100000,9:08,5600000
Maid: Limited Series,Yes,2021-10-01,50600000,9:05,5600000
Outer Banks: Season 1,Yes,2020-04-15,47500000,8:25,5600000
Absentia: Season 3,Yes,,41300000,7:23,5600000
The Amazing World of Gumball: Season 1,No,,38000000,*,5600000
Fake Profile: Season 1 // Perfil falso: Temporada 1,Yes,2023-05-31,35600000,6:20,5600000
Jurassic World Camp Cretaceous: Season 1,Yes,2020-09-18,18300000,3:15,5600000
Rosario Tijeras (Mexico): Season 5,No,2026-06-10,167800000,30:20,5500000
Virgin River: Season 6,Yes,2024-12-19,45900000,8:19,5500000
Avatar: The Last Airbender (2005): Book 1,No,,44800000,8:08,5500000
The Evil Lawyer: Season 1 // ทนายปีศาจ: ซีซั่น 1,Yes,2026-06-11,37500000,6:51,5500000
Money Heist: Part 4 // La casa de papel: Parte 4,Yes,2020-04-03,36600000,6:42,5500000
Unlocked: A Jail Experiment: Season 2,Yes,2026-01-07,32700000,5:54,5500000
7 Bears: Limited Series,Yes,2025-07-10,25500000,4:36,5500000
High Tides: Season 3 // Knokke Off: Seizoen 3,No,2026-04-02,21400000,3:52,5500000
CoComelon: Season 14,Yes,2025-12-23,16500000,2:59,5500000
Gabby's Dollhouse: Season 5,Yes,2022-07-25,13300000,2:26,5500000
Booba: Season 3,Yes,,11300000,2:04,5500000
Defying Destiny: Season 1 // María la caprichosa: Temporada 1,Yes,2026-01-05,265600000,48:55,5400000
The Rookie: Season 2,No,,76600000,14:17,5400000
Suits (2011): Season 3,No,,63300000,11:41,5400000
The Walking Dead: Season 3,No,,62000000,11:30,5400000
Ginny & Georgia: Season 3,Yes,2025-06-05,56700000,10:34,5400000
Brooklyn Nine-Nine: Season 2,No,,44900000,8:19,5400000
The Hunting Wives: Season 1,No,,36200000,6:41,5400000
Viral Hit: Season 1 // 喧嘩独学: シーズン1,Yes,2026-06-11,27200000,5:00,5400000
A Good Girl's Guide to Murder: Season 1,No,2024-08-01,25100000,4:37,5400000
Rafa: Limited Series,Yes,2026-05-29,20700000,3:48,5400000
Dog Days Out: Part 1,Yes,2025-02-13,11500000,2:07,5400000
Numberblocks: Season 1,No,,9100000,1:41,5400000
Superhero Baby Shark: Season 1,Yes,,2600000,0:29,5400000
Smallville: Season 2,No,,87400000,16:30,5300000
Pro Bono: Limited Series // 프로보노: 리미티드 시리즈,Yes,2025-12-06,76900000,14:29,5300000
Business Proposal: Limited Series // 사내맞선: 리미티드 시리즈,Yes,2022-02-28,64200000,12:03,5300000
La Brea: Season 2,No,,53100000,9:56,5300000
Losing Judgment: Season 1 // Perdiendo el juicio: Temporada 1,No,2026-06-12,46500000,8:46,5300000
As You Stood By: Limited Series // 당신이 죽였다: 리미티드 시리즈,Yes,2025-11-07,44300000,8:20,5300000
Virgin River: Season 1,Yes,2019-12-06,39100000,7:25,5300000
Squid Game: Season 3 // 오징어 게임: 시즌 3,Yes,2025-06-27,32600000,6:08,5300000
The Crystal Cuckoo: Limited Series // El cuco de cristal: Miniserie,Yes,2025-11-14,25500000,4:51,5300000
Gabby's Dollhouse: Season 6,Yes,2022-11-01,12800000,2:26,5300000
Sesame Street: Volume 2,No,2026-03-09,10800000,2:02,5300000
The Rats: A Witcher Tale,Yes,2025-10-30,7400000,1:23,5300000
Chip and Potato: Chip’s Holiday,No,2022-06-27,2100000,0:24,5300000
DOC: Season 1,No,2026-03-04,162000000,31:21,5200000
The Rookie: Season 5,No,,81600000,15:44,5200000
S.W.A.T. (2017): Season 1,No,,81500000,15:49,5200000
The Rookie: Season 4,No,,81200000,15:45,5200000
Money Heist: Part 5 // La casa de papel: Parte 5,Yes,2021-09-03,47500000,9:05,5200000
The Cleaning Lady (2022): Season 4,No,,45100000,8:44,5200000
Everybody Hates Chris: Season 1,No,,38300000,7:21,5200000
Last Samurai Standing: Season 1 // イクサガミ: シーズン1,Yes,2025-11-13,26900000,5:09,5200000
Emily in Paris: Season 1,Yes,2020-10-02,25000000,4:49,5200000
Santita: Season 1,Yes,2026-04-22,23800000,4:33,5200000
Rick and Morty: Season 1,No,,21200000,4:04,5200000
The Bad Guys: The Series: Season 1,Yes,2025-11-06,19900000,3:49,5200000
Missing You: Limited Series,Yes,2025-01-01,19600000,3:46,5200000
CoComelon: Season 1,No,2020-05-31,15300000,2:58,5200000
Shaun the Sheep: Adventures from Mossy Bottom: Season 1,Yes,2020-03-16,11600000,2:15,5200000
Booba: Season 5,Yes,,6600000,1:16,5200000
Go! Go! Cory Carson: Chrissy Takes the Wheel,Yes,2021-09-21,5300000,1:01,5200000
The Mentalist (2008): Season 4,No,,85300000,16:50,5100000
SpongeBob SquarePants: Season 8,No,,51800000,10:13,5100000
The Rookie: Season 3,No,,51600000,10:03,5100000
Teen Wolf (2011): Season 1,No,,42800000,8:19,5100000
Lucas the Spider: Season 1,No,,42300000,8:17,5100000
Lawmen: Bass Reeves: Season 1,No,,31000000,6:05,5100000
The Fragrant Flower Blooms With Dignity: Season 1 // 薫る花は凛と咲く: シーズン1,No,2025-07-05,26600000,5:12,5100000
Brooklyn Nine-Nine: Season 8,Yes,,19200000,3:44,5100000
Trash Truck: Season 1,Yes,2020-11-10,14300000,2:47,5100000
Octonauts & the Great Barrier Reef,Yes,2020-10-13,4000000,0:47,5100000
Person of Interest: Season 3,No,,83400000,16:41,5000000
The Vampire Diaries: Season 5,No,,76000000,15:08,5000000
Grizzy and the Lemmings: Season 4,No,,45700000,9:09,5000000
The Middle: Season 2,No,,43100000,8:35,5000000
My Life With the Walter Boys: Season 2,Yes,2025-08-28,37000000,7:27,5000000
The Witcher: Season 4,Yes,2025-10-30,35700000,7:11,5000000
Desi Bling: Season 1 // देसी ब्लिंग: सीज़न 1,No,2026-05-20,25100000,5:03,5000000
Never Have I Ever: Season 1,Yes,2020-04-27,23100000,4:35,5000000
Funny AF with Kevin Hart: The Callbacks,No,2026-04-20,5500000,1:06,5000000
Homeland: Season 2,No,,52300000,10:35,4900000
The Good Doctor: Season 7,No,,35400000,7:12,4900000
Fake Profile: Season 2 // Perfil falso: Temporada 2,Yes,2025-01-08,35000000,7:08,4900000
Agent from Above: Season 1 // 乩身: 第 1 季,Yes,2026-04-02,27900000,5:44,4900000
Frieren: Beyond Journey's End: Season 2 // 葬送のフリーレン: シーズン2,No,,19700000,4:00,4900000
Rick and Morty: Season 6,No,,18000000,3:41,4900000
Morphle: Season 1,Yes,,12900000,2:39,4900000
Fireplace for Your Home: Crackling Birchwood Fireplace,Yes,,4900000,1:00,4900000
Bones (2005): Season 1,No,,77400000,16:06,4800000
Everwood: Season 2,No,,76800000,16:08,4800000
The Handmaid's Tale: Season 3,No,,53900000,11:08,4800000
Maamla Legal Hai: Season 2 // मामला लीगल है: सीज़न 2,Yes,2026-04-03,23200000,4:53,4800000
Gabby's Dollhouse: Season 8,Yes,2023-08-07,13600000,2:50,4800000
Gabby's Dollhouse: Season 7,Yes,2023-03-20,11800000,2:26,4800000
El Camino: A Breaking Bad Movie,Yes,2019-10-11,9900000,2:03,4800000
Hot Wheels Let's Race: Season 3,Yes,2025-03-03,9700000,2:02,4800000
Hot Wheels Let's Race: Season 2,Yes,2024-09-09,9600000,1:59,4800000
Dave Chappelle: The Unstoppable...,No,2025-12-19,6100000,1:16,4800000
Famous Last Words: Eric Dane,Yes,2026-02-20,4000000,0:50,4800000
Homeland: Season 3,No,,48700000,10:24,4700000
Avatar: The Last Airbender (2005): Book 2,No,,38700000,*,4700000
Vikings (2013): Season 2,Yes,,37200000,7:55,4700000
Old Money: Season 1 // Enfes Bir Akşam: 1. Sezon,Yes,2025-10-10,26700000,5:39,4700000
Emily in Paris: Season 3,Yes,2022-12-21,25600000,5:30,4700000
Ángela: Limited Series,No,2025-07-04,23800000,5:01,4700000
Mercy For None: Limited Series // 광장: 리미티드 시리즈,Yes,2025-06-06,23500000,5:01,4700000
Blue Therapy: Season 1,No,2026-03-04,22300000,4:46,4700000
Lupin: Part 1,Yes,2021-01-08,18900000,3:59,4700000
Rick and Morty: Season 3,No,,17900000,3:50,4700000
India’s Got Latent: Season 2,No,,4800000,1:01,4700000
Idol I: 시즌 1 // 아이돌아이: 시즌 1,Yes,,57200000,12:20,4600000
Manifest: Season 1,No,2021-06-10,53000000,11:26,4600000
The Walking Dead: Season 4,No,,52900000,11:29,4600000
Victorious: Season 3,No,,49200000,10:37,4600000
Shameless (U.S.): Season 2,No,,48300000,10:30,4600000
Ginny & Georgia: Season 2,Yes,2023-01-05,45000000,9:47,4600000
Avatar: The Last Airbender (2005): Book 3,No,,39300000,*,4600000
Squid Game: Season 1 // 오징어 게임: 시즌 1,Yes,2021-09-17,38600000,8:19,4600000
My Life With the Walter Boys: Season 1,Yes,2023-12-07,35100000,7:37,4600000
Resident Alien: Season 1,No,,35100000,7:33,4600000
Rulers of Fortune: Season 1 // Os Donos do Jogo: Temporada 1,Yes,2025-10-29,34800000,7:34,4600000
Yellowstone: Season 1,No,,34800000,7:32,4600000
Record of Ragnarok: Season 3 // 終末のワルキューレ: シーズン3,No,2025-12-10,29000000,6:18,4600000
Glory: Season 1 // ग्लोरी: सीज़न 1,Yes,2026-05-01,28700000,6:14,4600000
The Upshaws: Part 7,Yes,2026-01-15,25400000,5:33,4600000
Kohrra: Season 2,Yes,2026-02-11,22700000,4:58,4600000
Rick and Morty: Season 2,No,,17400000,3:49,4600000
Rick and Morty: Season 5,No,,17300000,3:44,4600000
Little Angel: Volume 3,Yes,,15500000,3:23,4600000
American Manhunt: Osama bin Laden: Season 1,Yes,2025-05-14,14200000,3:04,4600000
Sharkdog: Season 1,Yes,2021-09-03,13000000,2:49,4600000
Gabby's Dollhouse: Season 11,Yes,2025-02-17,11200000,2:26,4600000
Lucifer: Season 2,No,2017-08-31,59300000,13:07,4500000
Suits (2011): Season 4,No,,51600000,11:35,4500000
Still Shining: Limited Series // 샤이닝: 리미티드 시리즈,Yes,2026-03-06,48200000,10:45,4500000
Found (2023): Season 1,No,,41700000,9:11,4500000
Mr. Mercedes: Season 1,No,,39100000,8:47,4500000
Fatal Seduction: Season 1,Yes,2023-07-07,32300000,7:12,4500000
Squid Game: Season 2 // 오징어 게임: 시즌 2,Yes,2024-12-26,32000000,7:10,4500000
Falling Skies: Season 2,No,,31900000,7:01,4500000
Emily in Paris: Season 2,Yes,2021-12-22,22800000,5:05,4500000
Someone Has to Know: Limited Series // Alguien tiene que saber: Miniserie,Yes,2026-04-15,22400000,5:01,4500000
Peppa Pig: Season 8,No,,18200000,4:03,4500000
Gabby's Dollhouse: Season 10,Yes,2024-08-05,10900000,2:26,4500000
The Mentalist (2008): Season 5,No,,68200000,15:28,4400000
The Walking Dead: Season 5,No,,52500000,11:51,4400000
Spartacus (2010): Blood and Sand,No,,50200000,11:26,4400000
The Loud House: Season 3,No,,42900000,9:47,4400000
2 Broke Girls (2011): Season 2,No,,38400000,8:38,4400000
Better Call Saul: Season 1,No,2015-02-08,34500000,7:52,4400000
Billionaires' Bunker // El refugio atómico,Yes,2025-09-19,32000000,7:21,4400000
In the Mud: Season 1 // En el barro: Temporada 1,Yes,2025-08-14,31200000,7:03,4400000
BEEF: Season 1,Yes,2023-04-06,26100000,5:53,4400000
City of Shadows: Limited Series // Ciudad de sombras: Miniserie,Yes,2025-12-12,21200000,4:47,4400000
Mating Season: Season 1,Yes,2026-05-22,20000000,4:31,4400000
Murder Mindfully: Season 2 // Achtsam Morden: Staffel 2,Yes,2026-05-28,19700000,4:29,4400000
Rick and Morty: Season 4,No,,16800000,3:48,4400000
Kylie: Limited Series,Yes,2026-05-20,13400000,3:04,4400000
Gabby's Dollhouse: Season 9,Yes,2024-03-25,10800000,2:26,4400000
Pinkfong Car Mechanic: Season 1,Yes,,4700000,1:04,4400000
Funny AF with Kevin Hart: The Roast of Marshawn Lynch,No,2026-04-27,3700000,0:50,4400000
King the Land: Limited Series // 킹더랜드: 리미티드 시리즈,Yes,2023-06-17,81200000,19:00,4300000
Smallville: Season 3,No,,67300000,15:44,4300000
Teen Titans Go!: Season 2,No,,40100000,9:18,4300000
Narcos: Season 1,Yes,2015-08-28,36000000,8:19,4300000
Life on Our Planet: Season 1,Yes,2023-10-25,29600000,6:56,4300000
The Chosen: Season 1,No,,27300000,6:18,4300000
Cobra Kai: Season 1,Yes,2020-08-28,22000000,5:05,4300000
Southland: Season 2,No,,18300000,4:14,4300000
CoComelon Lane: Season 1,Yes,2023-11-17,16900000,3:55,4300000
Devil May Cry: Season 1,Yes,2025-04-03,16900000,3:56,4300000
Funny AF with Kevin Hart: Headlines & Heckles,No,2026-04-27,4200000,0:58,4300000
Sharkdog's Fintastic Halloween,Yes,2021-10-15,1800000,0:25,4300000
The Vampire Diaries: Season 6,No,,63700000,15:08,4200000
The Great Indian Kapil Show: Season 4 // द ग्रेट इंडियन कपिल शो: सीज़न 4,No,2025-12-20,61000000,14:40,4200000
Shameless (U.S.): Season 3,No,,46000000,10:51,4200000
Homeland: Season 4,No,,41800000,9:52,4200000
BLUE LOCK // ブルーロック: シーズン1,No,,40300000,9:39,4200000
The Middle: Season 3,No,,35700000,8:34,4200000
Outer Banks: Season 2,Yes,2021-07-30,34300000,8:12,4200000
The Witcher: Season 1,Yes,2019-12-20,33600000,8:00,4200000
Winx Club – the Magic Is Back: Season 1,Yes,,23100000,5:27,4200000
Gangs of Galicia: Season 1 // Clanes: Temporada 1,Yes,2024-06-21,22400000,5:21,4200000
Dark Winds: Season 1,No,,18400000,4:21,4200000
Girl From Nowhere The Reset: Season 1 // เด็กใหม่ The Reset: ซีซั่น 1,Yes,,17200000,4:05,4200000
Solar Opposites: Season 1,No,,12800000,3:01,4200000
Larva Island: Season 1,Yes,2018-10-19,7500000,1:46,4200000
CoComelon Lane: Season 6,Yes,2025-12-01,4100000,0:59,4200000
The Mentalist (2008): Season 6,No,,63000000,15:28,4100000
Gilmore Girls: Season 1,Yes,,62300000,15:14,4100000
We Are All Trying Here: Limited Series // 모두가 자신의 무가치함과 싸우고 있다: 리미티드 시리즈,Yes,2026-04-18,55000000,13:24,4100000
Suits (2011): Season 5,No,,46800000,11:31,4100000
Homeland: Season 5,No,,43700000,10:37,4100000
Miraculous: Tales of Ladybug & Cat Noir: Season 1,No,,38700000,9:29,4100000
The Apothecary Diaries: Season 1 // 薬屋のひとりごと: シーズン1,No,,37100000,9:09,4100000
The Handmaid's Tale: Season 4,No,,36000000,8:43,4100000
Teen Wolf (2011): Season 2,No,,34400000,8:25,4100000
You: Season 1,Yes,2018-12-26,31100000,7:31,4100000
The Ramparts of Ice: Season 1 // 氷の城壁: シーズン1,Yes,2026-04-02,21400000,5:13,4100000
Behind Her Eyes: Limited Series,Yes,2021-02-17,20800000,5:02,4100000
Never Have I Ever: Season 2,Yes,2021-07-15,20400000,4:58,4100000
Queer Eye: Season 10,No,2026-01-21,19600000,4:46,4100000
Nobody Wants This: Season 2,Yes,2025-10-23,18100000,4:26,4100000
Lord of the Flies: Limited Series,No,2026-05-04,16500000,4:03,4100000
Demon Slayer: Kimetsu no Yaiba: Hashira Training Arc // 鬼滅の刃: 柱稽古編,No,,16400000,3:58,4100000
Single's Inferno Reunion: Limited Series // 솔로지옥 리유니언: 리미티드 시리즈,No,,14700000,3:36,4100000
Little Angel: Volume 4,Yes,,12500000,3:04,4100000
My Melody & Kuromi: Season 1,Yes,2025-07-24,11200000,2:45,4100000
Trevor Noah: Joy in The Trenches,No,2026-04-14,4700000,1:09,4100000
Booba: Season 2 (Part 1),Yes,,2100000,0:31,4100000
Shameless (U.S.): Season 4,No,,42900000,10:44,4000000
"Demon Slayer: Kimetsu no Yaiba: Tanjiro Kamado, Unwavering Resolve Arc // 鬼滅の刃: 竈門炭治郎 立志編",No,,40600000,10:16,4000000
Homeland: Season 8,No,,40500000,10:12,4000000
Homeland: Season 6,No,,39200000,9:53,4000000
Vikings (2013): Season 3,Yes,,30800000,7:39,4000000
The Trauma Code: Heroes on Call: Season 1 // 중증외상센터: 시즌 1,Yes,2025-01-24,27600000,6:56,4000000
Our Oceans: Season 1,Yes,2024-11-20,20400000,5:07,4000000
The Red Road: Season 1,No,,17800000,4:25,4000000
Secrets We Keep: Limited Series // Reservatet: Miniserie,Yes,2025-05-15,15100000,3:44,4000000
Tyson Fury vs. Arslanbek Makhmudov,No,2026-04-11,14500000,*,4000000
Ghosts (2021): Season 3,No,,13900000,3:30,4000000
Sonic Prime: Season 2,Yes,2023-07-13,12900000,3:14,4000000
CoComelon: Season 2,No,2020-12-17,11300000,2:49,4000000
The Creature Cases: Chapter 4,Yes,2024-11-25,10900000,2:43,4000000
Shrill: Season 1,No,,10300000,2:34,4000000
Taylor Tomlinson: Prodigal Daughter,No,2026-02-24,4600000,1:09,4000000
Bita e os Animais,No,,1800000,0:27,4000000
Person of Interest: Season 4,No,,62500000,15:57,3900000
The Walking Dead: Season 6,No,,49300000,12:35,3900000
Homeland: Season 7,No,,41700000,10:34,3900000
Shameless (U.S.): Season 5,No,,41700000,10:44,3900000
Juvenile Justice: Season 1 // 소년심판: 시즌 1,Yes,2022-02-25,40400000,10:15,3900000
The Man in the High Castle: Season 1,No,,36300000,9:17,3900000
The Mentalist (2008): Season 7,No,,34700000,8:59,3900000
2 Broke Girls (2011): Season 3,No,,33300000,8:35,3900000
Dark: Season 1,Yes,2017-12-01,32400000,8:20,3900000
Falling Skies: Season 3,No,,27600000,7:00,3900000
Sirens: Limited Series,Yes,2025-05-22,18600000,4:44,3900000
Never Have I Ever: Season 3,Yes,2022-08-12,18500000,4:42,3900000
Simon (2016): Season 1,No,,18300000,4:43,3900000
Homicide: Los Angeles,Yes,2024-07-16,17800000,4:33,3900000
Mark Rober's CrunchLabs: Season 4,Yes,,9900000,2:31,3900000
Booba: Season 2 (Part 2),Yes,,3100000,0:48,3900000
When Life Gives You Tangerines: Limited Series // 폭싹 속았수다: 리미티드 시리즈,Yes,2025-03-07,63200000,16:35,3800000
Gilmore Girls: Season 2,Yes,,60200000,16:03,3800000
Frieren: Beyond Journey's End: Season 1 // 葬送のフリーレン: シーズン1,No,,43300000,11:31,3800000
The Handmaid's Tale: Season 5,No,,32000000,8:32,3800000
Black Rabbit: Limited Series,Yes,2025-09-18,29200000,7:36,3800000
Virgin River: Season 2,Yes,2020-11-27,28300000,7:27,3800000
3 Body Problem: Season 1,Yes,2024-03-21,27900000,7:24,3800000
House of Guinness: Season 1,Yes,2025-09-25,26100000,6:54,3800000
The Queen's Gambit: Limited Series,Yes,2020-10-23,24900000,6:37,3800000
Stay Close: Limited Series,Yes,2021-12-31,23500000,6:15,3800000
Anne with an E: Season 1,Yes,2017-05-12,22500000,5:53,3800000
Anne Rice's Mayfair Witches: Season 1,No,,22200000,5:52,3800000
High Tides: Season 1 // Knokke Off: Seizoen 1,Yes,2023-07-19,21800000,5:46,3800000
Fatal Seduction: Season 2,Yes,2025-08-15,20600000,5:24,3800000
My Hero Academia: Season 1 // 僕のヒーローアカデミア: シーズン1,No,,20300000,*,3800000
Demon Slayer: Kimetsu no Yaiba: Entertainment District Arc // 鬼滅の刃: 遊郭編,No,,18600000,4:53,3800000
Never Have I Ever: Season 4,Yes,2023-06-08,18500000,4:55,3800000
The InBESTigators: Season 1,Yes,2019-08-09,17700000,4:42,3800000
Jurassic World Camp Cretaceous: Season 2,Yes,2021-01-22,12300000,3:14,3800000
Keep Sweet: Pray and Obey: Limited Series,Yes,2022-06-08,12300000,3:15,3800000
Little Angel: Volume 5,Yes,,11900000,3:10,3800000
Missing: Dead or Alive?: Season 2,Yes,2025-11-24,10700000,2:50,3800000
The Creature Cases: Chapter 5,Yes,2025-06-09,9900000,2:37,3800000
The Office (U.S.): Season 1,No,,8500000,2:14,3800000
Funny AF with Kevin Hart: The Live Semifinals,No,2026-05-04,4500000,1:11*,3800000
Dragons: Rescue Riders: Secrets of the Songwing,Yes,2020-07-24,2900000,0:46,3800000
LEGO City 2017,No,,1500000,0:24,3800000
Lucifer: Season 3,No,2017-10-03,70200000,19:00,3700000
Teen Wolf (2011): Season 3,No,,62200000,16:49,3700000
Everwood: Season 3,No,,59800000,16:01,3700000
Gilmore Girls: Season 3,Yes,,58400000,15:54,3700000
Death Note (2006) // DEATH NOTE -デスノート-,No,,51800000,14:03,3700000
Suits (2011): Season 6,No,,41600000,11:20,3700000
Shameless (U.S.): Season 6,No,,40500000,10:52,3700000
The Smurfs (2021): Season 2,Yes,,36600000,9:58,3700000
The Loud House: Season 2,No,,36300000,9:49,3700000
Outer Banks: Season 3,Yes,2023-02-23,32900000,8:53,3700000
Henry Danger: Season 4,No,,30400000,8:16,3700000
The Handmaid's Tale: Season 6,No,,29600000,7:57,3700000
Sex/Life: Season 1,Yes,2021-06-25,24000000,6:27,3700000
The Waterfront: Season 1,Yes,2025-06-19,23900000,6:25,3700000
The Empress: Season 1 // Die Kaiserin: Staffel 1,Yes,2022-09-29,20900000,5:43,3700000
The Watcher: Season 1,Yes,2022-10-13,20700000,5:37,3700000
Blood Coast: Season 1 // Pax Massilia: Saison 1,Yes,2023-12-06,19800000,5:17,3700000
Dragons: Race to the Edge: Season 1,Yes,2015-06-26,18400000,4:59,3700000
Hell's Paradise: Jigokuraku: Season 2 // 地獄楽: 第2期,No,,18300000,4:54,3700000
A Man on the Inside: Season 2,Yes,2025-11-20,16200000,4:25,3700000
Gymnastics Academy: A Second Chance: Season 1,Yes,2022-09-16,16200000,4:20,3700000
"Raw: April 20, 2026",No,2026-04-20,7400000,1:59*,3700000
CMXXIV,No,2025-12-31,7000000,1:53,3700000
"Raw: January 5, 2026",No,2026-01-05,6800000,1:45*,3700000
Funny AF with Kevin Hart: Homecoming: The Live Finale,No,2026-05-05,4300000,1:10,3700000
The Boss Baby: Christmas Bonus,Yes,2022-12-06,2800000,0:46,3700000
Pinkfong Super Rescue Team: Season 1,Yes,,2500000,0:41,3700000
Gilmore Girls: Season 4,Yes,,58300000,16:03,3600000
Gilmore Girls: Season 5,Yes,,58200000,16:00,3600000
Smallville: Season 4,No,,57600000,15:49,3600000
The Blacklist: Season 1,No,,55700000,15:39,3600000
The Vampire Diaries: Season 7,No,,54600000,15:06,3600000
Shameless (U.S.): Season 7,No,,39100000,10:59,3600000
Shangri-La Frontier: 1st Season // シャングリラ・フロンティア: 1st Season,No,,37900000,10:25,3600000
Virgin River: Season 5,Yes,2023-09-07,33500000,9:16,3600000
Love Through a Prism: Season 1 // プリズム輪舞曲: シーズン1,Yes,2026-01-15,33400000,9:18,3600000
Teen Titans Go!: Season 3,No,,32900000,9:14,3600000
Outer Banks: Season 4,Yes,2024-10-10,32500000,8:58,3600000
The Middle: Season 4,No,,31000000,8:33,3600000
Monster: The Ed Gein Story,Yes,2025-10-03,26600000,7:27,3600000
Southland: Season 3,No,,25300000,6:59,3600000
The Big C: Season 1,No,,22100000,6:04,3600000
Blippi's Adventures: Season 2,Yes,,17100000,4:47,3600000
Unicorn Academy: Chapter 1,Yes,2023-11-02,16900000,4:38,3600000
Testament: The Story of Moses: Season 1,Yes,2024-03-27,15300000,4:16,3600000
Single Papa: Season 1 // सिंगल पापा: सीज़न 1,Yes,2025-12-12,14100000,3:58,3600000
Supernova Strikers: Genesis,No,2026-04-26,12200000,*,3600000
Blippi's Job Show: Season 2,Yes,2025-09-22,11600000,3:13,3600000
Little Angel: Volume 6,Yes,,11000000,3:03,3600000
Sharkdog: Season 3,Yes,2023-04-27,9900000,2:45,3600000
Salish & Jordan Matter: Season 2,No,,8000000,2:13,3600000
S.W.A.T. (2017): Season 2,No,,56700000,16:22,3500000
Vikings (2013): Season 4,Yes,,53500000,15:14,3500000
"Genie, Make a Wish: Season 1 // 다 이루어질지니: 시즌 1",Yes,2025-10-03,44800000,12:49,3500000
Cobra Kai: Season 6,Yes,2024-07-18,35500000,10:07,3500000
Person of Interest: Season 5,No,,32500000,9:25,3500000
Seinfeld: Season 6,Yes,,31900000,9:13,3500000
Lucifer: Season 4,Yes,2019-05-08,29600000,8:25,3500000
Seinfeld: Season 5,Yes,,29600000,8:21,3500000
Falling Skies: Season 4,No,,29400000,8:26,3500000
2 Broke Girls (2011): Season 4,No,,27300000,7:51,3500000
Yellowstone: Season 2,No,,26900000,7:46,3500000
The Residence: Season 1,Yes,2025-03-20,26800000,7:44,3500000
Virgin River: Season 3,Yes,2021-07-09,26600000,7:32,3500000
Néro the Assassin: Season 1 // Néro: Saison 1,Yes,2025-10-08,24500000,7:00,3500000
Cobra Kai: Season 2,Yes,2020-08-28,18600000,5:20,3500000
One-Punch Man: Season 3 // ワンパンマン: シーズン3,No,,17000000,4:48,3500000
Mermaid Magic: Season 1,Yes,,14900000,4:19,3500000
Trash Truck: Season 2,Yes,2021-05-04,12600000,3:33,3500000
"Raw: February 2, 2026",No,2026-02-02,6700000,1:49*,3500000
"Raw: March 2, 2026",No,2026-03-02,6100000,1:41*,3500000
Crash Landing on You: Limited Series // 사랑의 불시착: 리미티드 시리즈,Yes,2019-12-14,75300000,22:28,3400000
The Walking Dead: Season 7,No,,45700000,13:18,3400000
Gossip Girl (2007): Season 1,No,,42900000,12:31,3400000
Alone: Season 11,No,,42800000,12:44,3400000
Suits (2011): Season 7,No,,40200000,11:44,3400000
Shameless (U.S.): Season 8,No,,37500000,11:03,3400000
Love Is Blind: Germany: Season 2,No,2026-01-08,32000000,9:20,3400000
Seinfeld: Season 7,Yes,,30800000,9:06,3400000
Virgin River: Season 4,Yes,2022-07-20,30100000,8:52,3400000
Black Mirror: Season 7,Yes,2025-04-10,20900000,6:11,3400000
Crooks: Season 2,Yes,2026-04-14,18900000,5:36,3400000
Members Only: Palm Beach: Season 1,No,2025-12-29,18700000,5:32,3400000
The Boss Baby: Back in Business: Season 4,Yes,2020-11-17,16700000,4:53,3400000
Dear Child: Limited Series // Liebes Kind: Miniserie,Yes,2023-09-07,16500000,4:49,3400000
The InBESTigators: Season 2,Yes,2020-01-10,16200000,4:47,3400000
The Asset: Season 1 // Legenden: Sæson 1,Yes,2025-10-27,16100000,4:46,3400000
La Brea: Season 3,No,,14200000,4:11,3400000
Jurassic World: Chaos Theory: Season 1,Yes,2024-05-24,13300000,3:56,3400000
Solar Opposites: Season 2,No,,11700000,3:24,3400000
Demon Slayer: Kimetsu no Yaiba: Mugen Train Arc // 鬼滅の刃: 無限列車編,No,,9700000,2:50,3400000
Sonic Prime: Season 3,Yes,2024-01-11,9700000,2:50,3400000
"Raw: March 16, 2026",No,2026-03-16,6700000,1:56*,3400000
"Raw: March 30, 2026",No,2026-03-30,6200000,1:47*,3400000
The Last Kids on Earth: Book 1,Yes,2019-09-17,3900000,1:08,3400000
Gilmore Girls: Season 6,Yes,,53200000,15:56,3300000
Bones (2005): Season 2,No,,50700000,15:20,3300000
The Glory: Season 1 // 더 글로리: 시즌 1,Yes,2022-12-30,47100000,14:16,3300000
Outlander: Season 7,No,2023-06-16,43700000,*,3300000
Love Is Blind: Poland: Season 1 // Love Is Blind: Polska: Sezon 1,No,2026-05-06,37400000,11:21,3300000
Unspeakable Sins: Season 1 // Pecados inconfesables: Temporada 1,Yes,2025-07-30,36600000,11:10,3300000
Seinfeld: Season 4,Yes,,30600000,9:16,3300000
SAKAMOTO DAYS: Season 1,Yes,2025-01-11,28500000,8:44,3300000
Better Call Saul: Season 2,No,2016-02-15,25700000,7:41,3300000
The Accident: Season 1 // Accidente: Temporada 1,Yes,2024-08-21,24300000,7:22,3300000
Yellowstone: Season 3,No,,23400000,7:12,3300000
El Chapo: Season 1,Yes,2017-06-16,23000000,7:04,3300000
The Gentlemen: Season 1,Yes,2024-03-07,22000000,6:41,3300000
Blood Coast: Season 2 // Pax Massilia: Saison 2,Yes,2025-12-09,16800000,5:10,3300000
Daemons of the Shadow Realm: Season 1 // 黄泉のツガイ: シーズン1,No,,15400000,4:44,3300000
Haunted Hotel: Season 1,Yes,2025-09-19,13900000,4:14,3300000
Jurassic World Camp Cretaceous: Season 3,Yes,2021-05-21,13300000,4:03,3300000
Lupin: Part 2,Yes,2021-06-11,12400000,3:47,3300000
Worst Roommate Ever: Season 2,Yes,2024-06-26,11700000,3:36,3300000
CoComelon: Season 3,No,2021-05-31,9500000,2:51,3300000
Take That: Limited Series,Yes,2026-01-27,8500000,2:34,3300000
"Raw: March 23, 2026",No,2026-03-23,6300000,1:51*,3300000
"Raw: April 6, 2026",No,2026-04-06,6200000,1:46*,3300000
"Raw: February 9, 2026",No,2026-02-09,5900000,1:43*,3300000
"Raw: March 9, 2026",No,2026-03-09,5700000,1:41*,3300000
Masha and the Bear: Season 4,No,,5000000,1:30,3300000
The Bad Guys: Haunted Heist,Yes,2024-10-03,1300000,0:24,3300000
LEGO City: Where Ravens Crow,No,,600000,0:11,3300000
Law & Order: Special Victims Unit: The Twelfth Year,No,,52900000,16:45,3200000
Everwood: Season 4,No,,50800000,15:39,3200000
Outlander: Season 1,No,2016-03-31,48800000,15:28,3200000
Lucifer: Season 5,Yes,2020-08-21,48300000,15:16,3200000
Shameless (U.S.): Season 9,No,,41400000,13:01,3200000
The Good Doctor: Season 5,No,,41100000,12:56,3200000
The Walking Dead: Season 8,No,,40800000,12:43,3200000
The Vampire Diaries: Season 8,No,,36000000,11:16,3200000
The Closer (2005): Season 1,No,,32300000,10:02,3200000
The Resident: Season 1,No,,32300000,10:15,3200000
ALVINNN!!! And the Chipmunks: Season 2,No,,31800000,10:02,3200000
Seinfeld: Season 3,Yes,,28700000,8:51,3200000
The Middle: Season 5,No,,27700000,8:36,3200000
Teen Wolf (2011): Season 4,No,,27600000,8:36,3200000
Seinfeld: Season 8,Yes,,27000000,8:31,3200000
The Office (U.S.): Season 2,No,,25900000,8:02,3200000
Rizzoli & Isles: Season 1,No,,23200000,7:13,3200000
Crooks: Season 1,Yes,2024-04-04,22600000,7:04,3200000
Falling Skies: Season 5,No,,22500000,7:05,3200000
The Office (U.S.): Season 4,No,,21800000,6:47,3200000
Cobra Kai: Season 5,Yes,2022-09-09,20000000,6:20,3200000
Another Self: Season 3 // Zeytin Ağacı: 3. Sezon,Yes,2026-06-24,19800000,6:13,3200000
Cobra Kai: Season 3,Yes,2021-01-01,18100000,5:43,3200000
Hell's Paradise: Jigokuraku: Season 1 // 地獄楽: 第1期,No,,16700000,5:18,3200000
Solar Opposites: Season 3,No,,15100000,4:39,3200000
Animal Control: Season 1,No,,13800000,4:16,3200000
Murder Mindfully: Season 1 // Achtsam Morden: Staffel 1,Yes,2024-10-31,13800000,4:22,3200000
American Godfathers: The Five Families: Season 1,No,,13600000,4:18,3200000
The Monster of Florence: Limited Series // Il Mostro: Miniserie,Yes,2025-10-22,12700000,3:59,3200000
Chip and Potato: Season 1,Yes,2019-05-17,11800000,3:43,3200000
Dr. Seuss’s Horton!: Season 1,Yes,2025-10-06,9000000,2:49,3200000
Chip and Potato: Season 4,No,2022-10-03,7900000,2:27,3200000
"Raw: February 23, 2026",No,2026-02-23,6400000,1:53*,3200000
"Raw: April 13, 2026",No,2026-04-13,6200000,1:53*,3200000
"Raw: April 27, 2026",No,2026-04-27,5900000,1:47*,3200000
"Raw: February 16, 2026",No,2026-02-16,5600000,1:43*,3200000
Smallville: Season 5,No,,48500000,15:27,3100000
Found (2023): Season 2,No,,47500000,15:32,3100000
Gilmore Girls: Season 7,Yes,,47300000,15:28,3100000
Ozark: Season 1,Yes,2017-07-21,30700000,10:01,3100000
The Office (U.S.): Season 3,No,,30300000,9:38,3100000
Yellowstone: Season 4,No,,27800000,8:54,3100000
Better Call Saul: Season 3,No,2017-04-11,25800000,8:22,3100000
Mike & Molly: Season 1,No,,25300000,8:11,3100000
Sweet Magnolias: Season 1,Yes,2020-05-19,24900000,8:09,3100000
2 Broke Girls (2011): Season 5,No,,23800000,7:47,3100000
Homicide Squad: New Orleans: Season 1,No,,22400000,7:11,3100000
Southland: Season 4,No,,21700000,6:59,3100000
Vikings: Valhalla: Season 1,Yes,2022-02-25,21400000,6:52,3100000
Heartbreak High: Season 1,Yes,2022-09-14,21100000,6:43,3100000
My Name: Season 1 // 마이 네임: 시즌 1,Yes,2021-10-15,20900000,6:40,3100000
Alice in Borderland: Season 3 // 今際の国のアリス: シーズン3,Yes,2025-09-25,20600000,6:35,3100000
The Diplomat: Season 3,Yes,2025-10-16,20100000,6:29,3100000
Cobra Kai: Season 4,Yes,2021-12-31,18800000,6:00,3100000
Alpha Males: Season 1 // Machos alfa: Temporada 1,Yes,2022-12-30,17700000,5:40,3100000
Lupin: Part 3,Yes,2023-10-05,17000000,5:31,3100000
The Empress: Season 2 // Die Kaiserin: Staffel 2,Yes,2024-11-22,16700000,5:28,3100000
The Perfect Couple: Season 1,Yes,2024-09-05,15600000,5:06,3100000
The Survivors: Limited Series,Yes,2025-06-06,15300000,4:58,3100000
Tires: Season 2,Yes,2025-06-05,15200000,4:54,3100000
Seinfeld: Season 2,Yes,,14200000,4:38,3100000
High Tides: Season 2 // Knokke Off: Seizoen 2,Yes,2025-01-31,13700000,4:21,3100000
Royal Rumble 2026,No,2026-01-31,11800000,3:40*,3100000
Blippi's Job Show: Season 1,Yes,2025-04-07,10200000,3:16,3100000
Glitter & Gold: Ice Dancing: Season 1,Yes,2026-02-01,8400000,2:44,3100000
CoComelon Lane: Season 2,Yes,2024-04-22,6500000,2:06,3100000
"Raw: January 26, 2026",No,2026-01-26,5800000,1:49*,3100000
"Raw: May 4, 2026",No,2026-05-04,5200000,1:36*,3100000
True: Tricky Treat Day,Yes,2019-09-20,1200000,0:23,3100000
Shine on Me: Season 1 // 驕陽似我: 第 1 季 // 骄阳似我: 第 1 季,No,,79600000,26:48,3000000
S.W.A.T. (2017): Season 3,No,,45000000,14:51,3000000
Shameless (U.S.): Season 10,No,,33700000,11:12,3000000
Bones (2005): Season 3,No,,32500000,10:58,3000000
The Office (U.S.): Season 5,No,,30600000,10:12,3000000
My Hero Academia: Season 2 // 僕のヒーローアカデミア: シーズン2,No,,29800000,*,3000000
1883: Season 1,No,,28300000,9:22,3000000
Mr. Mercedes: Season 2,No,,27400000,9:02,3000000
Mushoku Tensei: Jobless Reincarnation: Season 1 // 無職転生 ～異世界行ったら本気だす～: 第1期,No,,27400000,*,3000000
Grizzy and the Lemmings: Season 1,No,,27000000,9:09,3000000
Dept. Q: Season 1,Yes,2025-05-29,24900000,8:16,3000000
Batwheels: Season 1,No,,22000000,7:16,3000000
Million-Follower Detective: Season 1 // 百萬人推理: 第 1 季 // 百万人推理: 第 1 季,Yes,2026-02-12,18400000,6:09,3000000
Dark Winds: Season 3,No,,18200000,6:10,3000000
Wind Breaker: Season 1,No,,15300000,5:10,3000000
Talamasca: The Secret Order: Season 1,No,,14300000,4:46,3000000
Paparazzi King: Limited Series // Fabrizio Corona: io sono notizia: Miniserie,Yes,2026-01-09,13700000,4:33,3000000
Homicide: New York: Season 1,Yes,2024-03-20,13600000,4:31,3000000
Parish: Season 1,No,,13200000,4:28,3000000
Oddballs: Season 1,Yes,2022-10-07,11600000,3:51,3000000
WWE WrestleMania: WrestleMania 42 Sunday,No,2026-04-19,9600000,3:05*,3000000
Time Flies: Season 1 // El tiempo de las moscas: Temporada 1,Yes,2026-01-01,9400000,3:08,3000000
"Dr. Seuss’s Red Fish, Blue Fish: Season 2",Yes,2026-01-01,6200000,2:02,3000000
Bad Thoughts: Season 2,Yes,2026-05-24,6100000,2:02,3000000
Seinfeld: Season 1,Yes,,5800000,1:56,3000000
Larva Island: Season 2,Yes,2019-03-01,5500000,1:49,3000000
"Raw: January 12, 2026",No,2026-01-12,5500000,1:47*,3000000
"Raw: January 19, 2026",No,2026-01-19,5500000,1:46*,3000000
"Raw: May 11, 2026",No,2026-05-11,5400000,1:47*,3000000
This Is a Gardening Show: Season 1,Yes,2026-04-22,4900000,1:38,3000000
CoComelon Lane: Season 3,Yes,2024-08-19,1700000,0:34,3000000
Shaun the Sheep: The Flight Before Christmas,Yes,2021-12-03,1500000,0:30,3000000
Love Next Door: Limited Series // 엄마친구아들: 리미티드 시리즈,Yes,2024-08-17,62200000,21:15,2900000
"House, M.D.: Season 1",No,,47100000,16:00,2900000
Vikings (2013): Season 5,Yes,,43800000,15:16,2900000
The Walking Dead: Season 9,No,,36400000,12:36,2900000
Jae-seok's B&B Rules!: Season 1 // 유재석 캠프: 시즌 1,No,2026-05-26,31400000,10:51,2900000
My Little Pony: Friendship Is Magic: Season 1,No,,27900000,9:44,2900000
Manifest: Season 2,No,2021-06-10,27300000,9:19,2900000
Teen Titans Go!: Season 4,No,,26700000,9:09,2900000
The Middle: Season 6,No,,24800000,8:38,2900000
Better Call Saul: Season 4,No,2018-08-07,23800000,8:15,2900000
Badly in Love: Season 1 // ラヴ上等: シーズン1,No,2025-12-09,21900000,7:30,2900000
The Witcher: Season 2,Yes,2021-12-17,21900000,7:41,2900000
Anne with an E: Season 2,Yes,2018-07-06,21400000,7:21,2900000
The Recruit: Season 1,Yes,2022-12-16,21000000,7:20,2900000
The Chosen: Season 2,No,,19600000,6:46,2900000
Alice in Borderland: Season 1 // 今際の国のアリス: シーズン1,Yes,2020-12-10,18800000,6:29,2900000
The Stranger: Limited Series,Yes,2020-01-30,17800000,6:07,2900000
The Big C: Season 2,No,,17500000,6:06,2900000
BLUE LOCK VS. U-20 JAPAN // ブルーロック VS. U-20 JAPAN,No,,16800000,5:50,2900000
Alexa & Katie: Part 1,Yes,2018-03-23,16700000,5:47,2900000
Spartacus (2010): Gods of the Arena,No,,16000000,5:33,2900000
The Manny: Season 3 // El niñero: Temporada 3,Yes,2025-12-17,14800000,5:05,2900000
Zero Day: Limited Series,Yes,2025-02-20,14800000,5:09,2900000
The Law According to Lidia Poët: Season 1 // La legge di Lidia Poët: Stagione 1,Yes,2023-02-15,14200000,4:49,2900000
KILL BLUE: Season 1 // キルアオ: シーズン1,Yes,,13500000,4:44,2900000
Solar Opposites: Season 4,No,,13200000,4:32,2900000
The Baby-Sitters Club: Season 1,Yes,2020-07-03,13100000,4:30,2900000
The Red Road: Season 2,No,,12800000,4:25,2900000
No One Saw Us Leave: Season 1 // Nadie nos vio partir: Temporada 1,Yes,2025-10-15,11900000,4:08,2900000
Our Planet II,Yes,2023-06-14,9900000,3:23,2900000
CoComelon: Season 4,No,2021-10-14,8200000,2:51,2900000
Floor Is Lava: Season 3,No,2022-09-30,8000000,2:43,2900000
Obsession: Limited Series,Yes,2023-04-13,7500000,2:36,2900000
Derry Girls: Season 1,Yes,2018-12-21,6800000,2:21,2900000
"Raw: May 18, 2026",No,2026-05-18,5200000,1:43*,2900000
AFI Life Achievement Award: A Tribute to Eddie Murphy,No,2026-05-31,4000000,1:24,2900000
Bruce Bruce: I Ain’t Playin’,No,2026-03-03,2700000,0:56,2900000
The Bad Guys: A Very Bad Holiday,Yes,2023-11-30,1200000,0:25,2900000
One Piece: East Blue // ワンピース: イーストブルー編,No,,69300000,25:00,2800000
S.W.A.T. (2017): Season 8,No,,42700000,15:28,2800000
Prodigal Son: Season 1,No,,41400000,14:35,2800000
S.W.A.T. (2017): Season 4,No,,35100000,12:42,2800000
Resident Alien: Season 2,No,,32900000,11:47,2800000
Suits (2011): Season 8,No,,32800000,11:32,2800000
Shameless (U.S.): Season 11,No,,31200000,11:08,2800000
The Seven Deadly Sins // 七つの大罪,No,2015-08-31,27300000,9:46,2800000
The Crown: Season 1,Yes,2016-11-04,27200000,9:46,2800000
Sweet Magnolias: Season 4,Yes,2025-02-06,23700000,8:24,2800000
Blippi's Adventures: Season 1,Yes,,23600000,8:34,2800000
You: Season 2,Yes,2019-12-26,23300000,8:14,2800000
Assassination Classroom: Season 1 // 暗殺教室: 第1期,No,,23200000,8:25,2800000
The Witcher: Season 3,Yes,2023-06-29,21400000,7:36,2800000
Everybody Hates Chris: Season 2,No,,21300000,7:36,2800000
The Way Home: Season 1,No,,19500000,7:00,2800000
Heartbreak High: Season 2,Yes,2024-04-11,18800000,6:47,2800000
FOREVER: Season 1,Yes,2025-05-08,18100000,6:30,2800000
Safe: Season 1,Yes,2018-05-10,16800000,6:00,2800000
Brazil '70: The Third Star: Season 1 // Brasil 70: A Saga do Tri: Temporada 1,Yes,2026-05-29,15100000,5:28,2800000
WWE: Unreal: Season 2,Yes,2026-01-20,13400000,4:49,2800000
My Dress-Up Darling: Season 1 // その着せ替え人形は恋をする: シーズン1,No,,13200000,4:44,2800000
One Piece: Elbaph Arc // ワンピース: エルバフ編,No,,13100000,4:40,2800000
Cyberpunk: Edgerunners: Season 1,Yes,2022-09-13,12100000,4:20,2800000
iCarly (2007): Season 4,No,,9800000,3:33,2800000
Asterix & Obelix: The Big Fight: Limited Series // Astérix & Obélix : Le Combat des Chefs: Mini-série,Yes,2025-04-30,8600000,3:02,2800000
The Cuphead Show!: Season 1,Yes,2022-02-18,8300000,3:00,2800000
Kill Tony: Once Upon a Time in Texas,No,2026-01-12,6400000,2:18,2800000
Tires: Season 1,Yes,2024-05-23,6400000,2:15,2800000
CoComelon Lane: Season 7,Yes,2026-04-20,5100000,1:50,2800000
"Raw: May 25, 2026",No,2026-05-25,5100000,1:47*,2800000
CoComelon Lane: Season 4,Yes,2025-03-17,3500000,1:16,2800000
Tom Segura: Teacher,No,2025-12-24,3200000,1:08,2800000
Blippi's Ultimate Bounce House Challenges: Season 1,No,,2300000,0:49,2800000
Unicorn Academy: Chapter 4,Yes,2025-11-13,2200000,0:47,2800000
Bones (2005): Season 4,No,,50600000,19:03,2700000
Gossip Girl (2007): Season 2,No,,47500000,17:42,2700000
My Demon: Limited Series // 마이 데몬: 리미티드 시리즈,Yes,2023-11-24,46900000,17:35,2700000
One Tree Hill: Season 1,No,,42400000,15:43,2700000
Smallville: Season 6,No,,41800000,15:19,2700000
S.W.A.T. (2017): Season 5,No,,41000000,15:27,2700000
The Guest: Season 1 // La huésped: Temporada 1,Yes,2025-09-24,38500000,14:06,2700000
SPY x FAMILY: Season 1 // SPY×FAMILY: シーズン1,No,,27000000,10:05,2700000
The Office (U.S.): Season 6,No,,26300000,9:40,2700000
Lucifer: Season 6,Yes,2021-09-10,24100000,8:49,2700000
Better Call Saul: Season 5,No,2020-02-24,23900000,8:45,2700000
Hunters (2020): Season 1,No,,23700000,8:47,2700000
Ransom Canyon: Season 1,Yes,2025-04-17,21500000,7:54,2700000
The Last Kingdom: Season 1,Yes,2015-12-28,21400000,*,2700000
Trigger: Limited Series // 트리거: 리미티드 시리즈,Yes,2025-07-25,21300000,*,2700000
Criminal Code: Season 1 // DNA DO CRIME: Temporada 1,Yes,2023-11-14,20900000,7:46,2700000
2 Broke Girls (2011): Season 6,No,,20700000,7:46,2700000
Anne with an E: Season 3,Yes,2020-01-03,20100000,7:21,2700000
Suits (2011): Season 9,No,,19700000,7:22,2700000
Southland: Season 5,No,,19300000,7:04,2700000
The Way Home: Season 3,No,,18700000,7:03,2700000
Hitler and the Nazis: Evil on Trial: Season 1,Yes,2024-06-05,17500000,6:22,2700000
Notes from the Last Row: Limited Series // 맨 끝줄 소년: 리미티드 시리즈,Yes,2026-06-26,17000000,6:21,2700000
Alpha Males: Season 3 // Machos alfa: Temporada 3,Yes,2025-01-10,15300000,5:46,2700000
Fate: The Winx Saga: Season 1,Yes,2021-01-22,13900000,5:07,2700000
American Primeval: Limited Series,Yes,2025-01-09,13700000,5:02,2700000
Sex and the City: Season 1,No,,13500000,4:57,2700000
Envious: Season 3 // Envidiosa: Temporada 3,Yes,2025-11-19,13000000,4:53,2700000
A Man on the Inside: Season 1,Yes,2024-11-21,10600000,3:58,2700000
Hostage: Limited Series,Yes,2025-08-21,9700000,3:35,2700000
WWE WrestleMania: WrestleMania 42 Saturday,No,2026-04-18,9500000,3:17*,2700000
Barbie Dreamhouse Adventures: Season 3,Yes,,9200000,3:26,2700000
Full Swing: Season 4,Yes,2026-04-17,8700000,3:11,2700000
Amy Bradley Is Missing: Season 1,Yes,2025-07-16,6000000,2:13,2700000
My Little Pony: Make Your Mark: Chapter 6,Yes,2023-11-23,5200000,1:55,2700000
"Raw: June 8, 2026",No,2026-06-08,5000000,1:48*,2700000
My Little Pony: Make Your Mark: Chapter 1,Yes,2022-05-26,2000000,0:45,2700000
A Christmas Special: Miraculous: Tales of Ladybug & Cat Noir,No,,1000000,0:22,2700000
LEGO City Spaced Out,No,,500000,0:11,2700000
Queen of Tears: Limited Series // 눈물의 여왕: 리미티드 시리즈,Yes,2024-03-09,61100000,23:22,2600000
Veronica Mars: Season 1,No,,40900000,15:32,2600000
S.W.A.T. (2017): Season 6,No,,40500000,15:24,2600000
The Closer (2005): Season 2,No,,29800000,11:21,2600000
Spartacus (2010): Vengeance,No,,24300000,9:12,2600000
Mr. Mercedes: Season 3,No,,24000000,9:16,2600000
Seinfeld: Season 9,Yes,,23900000,9:20,2600000
Grizzy and the Lemmings: Season 3,No,,23800000,9:09,2600000
Narcos: Season 2,Yes,2016-09-02,22700000,8:51,2600000
The Middle: Season 7,No,,22200000,8:39,2600000
Meekah: Season 2,Yes,,18000000,6:50,2600000
Outlast: Season 2,No,2024-09-04,17100000,6:36,2600000
Grey's Anatomy: Season 1,No,,16800000,6:27,2600000
Bad Influencer: Season 1,Yes,2025-10-31,14400000,5:37,2600000
The Law According to Lidia Poët: Season 2 // La legge di Lidia Poët: Stagione 2,Yes,2024-10-30,14300000,5:30,2600000
Horimiya // ホリミヤ,No,,13500000,5:08,2600000
That Time I Got Reincarnated as a Slime: Season 4 // 転生したらスライムだった件: 第4期,No,,12500000,4:48,2600000
Dark Winds: Season 2,No,,12300000,4:49,2600000
LEGO Ninjago: Masters of Spinjitzu: Rise of the Serpentine,No,,12300000,*,2600000
On My Block: Season 1,Yes,2018-03-16,12200000,4:44,2600000
The Big C: Season 3,No,,12200000,4:39,2600000
Jurassic World Camp Cretaceous: Season 4,Yes,2021-12-03,11800000,4:28,2600000
Simon (2016): Season 2,No,,11800000,4:30,2600000
Solar Opposites: Season 5,No,,11600000,4:24,2600000
Hello Bachhon: Season 1 // हैलो बच्चों: सीज़न 1,Yes,2026-03-06,10600000,4:04,2600000
Death by Lightning: Limited Series,Yes,2025-11-06,9400000,3:35,2600000
Jurassic World: Chaos Theory: Season 4,Yes,2025-11-20,9100000,3:28,2600000
Fred and Rose West: A British Horror Story: Limited Series,Yes,2025-05-14,6800000,2:37,2600000
Fit for TV: The Reality of the Biggest Loser: Season 1,Yes,2025-08-15,5500000,2:06,2600000
"Raw: June 15, 2026",No,2026-06-15,5300000,1:57*,2600000
Star Search: The Search Begins,No,2026-01-20,3800000,1:26*,2600000
Go! Go! Cory Carson: Season 1,Yes,2020-01-04,2900000,1:06,2600000
CoComelon: Season 6,Yes,2022-09-05,2800000,1:04,2600000
A Trash Truck Christmas,Yes,2020-12-11,1200000,0:28,2600000
Hometown Cha-Cha-Cha: Limited Series // 갯마을 차차차: 리미티드 시리즈,Yes,2021-08-28,51700000,20:52,2500000
The Walking Dead: Season 11,No,,46400000,18:12,2500000
The Walking Dead: Season 10,No,,41900000,16:40,2500000
The Flash (2014): Season 1,No,,40400000,16:20,2500000
Teen Wolf (2011): Season 5,No,,35700000,14:01,2500000
Beyond the Bar: Limited Series // 에스콰이어: 변호사를 꿈꾸는 변호사들: 리미티드 시리즈,Yes,2025-08-02,35300000,14:04,2500000
Smallville: Season 7,No,,34800000,13:51,2500000
Better Call Saul: Season 6,No,2022-04-19,28900000,11:37,2500000
The Closer (2005): Season 3,No,,28200000,11:23,2500000
The Following: Season 1,No,,26900000,10:50,2500000
H2O: Just Add Water: Season 1,No,,26700000,10:41,2500000
Hunter X Hunter (2011): Season 1 // HUNTER×HUNTER: シーズン1,No,,25800000,*,2500000
The Smurfs (2021): Season 1,No,,25000000,10:01,2500000
ALVINNN!!! And the Chipmunks: Season 1,No,,24800000,*,2500000
Manifest: Season 3,No,2021-08-21,23500000,9:20,2500000
The Sandman: Season 1,Yes,2022-08-05,22700000,9:09,2500000
PULSE: Season 1,Yes,2025-04-03,19900000,7:58,2500000
Suburgatory: Season 1,No,,19600000,7:52,2500000
Heartland (2007): Season 18,No,,18600000,7:24,2500000
Elite: Season 1 // Élite: Temporada 1,Yes,2018-10-05,16800000,6:47,2500000
Obliterated: Season 1,Yes,2023-11-30,16800000,*,2500000
Silent Truth: Season 1 // 再会~Silent Truth~: シーズン1,No,,16800000,6:44,2500000
The Diplomat: Season 1,Yes,2023-04-20,16600000,6:45,2500000
Furies: Season 1: Furies,Yes,2024-03-01,15100000,6:00,2500000
Bodyguard: Season 1,Yes,2018-10-24,15000000,6:03,2500000
"Thank You, Next: Season 1 // Kimler Geldi Kimler Geçti: 1. Sezon",Yes,2024-05-09,14900000,5:52,2500000
The Boss Baby: Back in Business: Season 1,Yes,2018-04-06,13300000,5:17,2500000
BoJack Horseman: Season 1,Yes,2014-08-22,13000000,5:10,2500000
A Tale Dark & Grimm: Limited Series,Yes,2021-10-08,12300000,5:00,2500000
Unicorn Academy: Chapter 2,Yes,2024-06-27,11600000,4:34,2500000
Miraculous: Tales of Ladybug & Cat Noir: Season 2: Part 1,No,,10900000,*,2500000
Alexa & Katie: Part 2,Yes,2018-12-26,10400000,4:13,2500000
The Big C: Season 4,No,,9600000,3:49,2500000
Blood Sisters: Season 1,Yes,2022-05-05,9300000,3:46,2500000
Chip and Potato: Season 2,Yes,2019-11-29,9200000,3:43,2500000
Barbie Dreamhouse Adventures: Season 1,Yes,,7800000,3:04,2500000
Care Bears - Unlock the Magic Specials,Yes,,6100000,2:24,2500000
Mob War: Philadelphia vs. The Mafia: Season 1,Yes,2025-10-22,5900000,2:19,2500000
Sins of Our Mother: Limited Series,Yes,2022-09-14,5900000,2:21,2500000
American Murder: Gabby Petito: Season 1,Yes,2025-02-17,5400000,2:09,2500000
Gudetama: An Eggcellent Adventure: Season 1 // ぐでたま 〜母をたずねてどんくらい〜: シーズン1,Yes,2022-12-13,5100000,2:04,2500000
MLB Opening Night: Yankees vs. Giants,No,2026-03-25,4600000,*,2500000
Unicorn Academy: Chapter 3,Yes,2025-04-09,2700000,1:04,2500000
Derrick Stroup: Nostalgic,No,2026-03-10,2400000,0:58,2500000
Mighty Little Bheem: Festival of Colors: Collection,Yes,2020-03-05,800000,0:19,2500000
The Resident: Season 2,No,,41100000,16:50,2400000
Bones (2005): Season 5,No,,38600000,16:01,2400000
The Blacklist: Season 2,No,,37700000,15:45,2400000
The Good Doctor: Season 6,No,,37600000,15:43,2400000
Vikings (2013): Season 6,Yes,,37000000,15:28,2400000
Orange Is the New Black: Season 1,Yes,2013-07-11,29900000,12:29,2400000
Miraculous: Tales of Ladybug & Cat Noir: Season 4,No,,24800000,10:23,2400000
My Hero Academia: Season 4 // 僕のヒーローアカデミア: シーズン4,No,,23900000,*,2400000
The Office (U.S.): Season 7,No,,23900000,9:57,2400000
My Hero Academia: Season 3 // 僕のヒーローアカデミア: シーズン3,Yes,,23800000,9:50,2400000
S.W.A.T. (2017): Season 7,No,,22100000,9:11,2400000
Spartacus (2010): War of the Damned,No,,21600000,9:09,2400000
El Chapo: Season 2,Yes,2017-12-15,21500000,9:03,2400000
Between Lands: Season 1 // Entre tierras: Temporada 1,Yes,,20600000,8:41,2400000
Spinning Out: Season 1,Yes,2020-01-01,19900000,8:13,2400000
Inside: Season 3,No,2026-03-23,16700000,6:49,2400000
Sex Education: Season 1,Yes,2019-01-11,16400000,6:43,2400000
Ghosts (2021): Season 1,No,,15400000,6:29,2400000
Unbelievable: Limited Series,Yes,2019-09-13,15400000,6:29,2400000
Tokyo Swindlers: Season 1 // 地面師たち: シーズン1,Yes,2024-07-25,14700000,6:09,2400000
Alpha Males: Season 2 // Machos alfa: Temporada 2,Yes,2024-02-09,14300000,5:57,2400000
Is It Cake?: Season 3,No,2024-03-29,14000000,5:46,2400000
Pup Academy: Season 1,Yes,2020-02-21,13000000,5:20,2400000
Dragons: Race to the Edge: Season 2,Yes,2016-01-08,12100000,5:00,2400000
Record of Ragnarok: Season 1 // 終末のワルキューレ: シーズン1,No,2021-06-17,11900000,5:00,2400000
My 2 Cents: Limited Series // Due spicci: Miniserie,Yes,2026-05-27,11600000,4:53,2400000
Hunter X Hunter (2011): Season 2 // HUNTER×HUNTER: シーズン2,No,,11500000,*,2400000
Miraculous: Tales of Ladybug & Cat Noir: Season 2: Part 2,No,,11400000,*,2400000
Simon Cowell: The Next Act: Season 1,Yes,2025-12-10,11400000,4:49,2400000
Family Reunion: Part 1,Yes,2019-07-10,11300000,4:45,2400000
SPY x FAMILY: Season 2 // SPY×FAMILY: シーズン2,No,,11200000,4:44,2400000
Ragnarok: Season 1,Yes,2020-01-31,10800000,4:29,2400000
Anatomy of a Scandal: Limited Series,Yes,2022-04-15,10700000,4:33,2400000
Big Mouth: Season 1,Yes,2017-09-29,10700000,4:27,2400000
Peppa Pig: Season 7,No,,9800000,4:04,2400000
Rivers of Fate: Limited Series // Pssica: Minissérie,Yes,2025-08-20,8800000,3:38,2400000
Alexa & Katie: Part 4,Yes,2020-06-13,8700000,3:40,2400000
Keep Breathing: Limited Series,Yes,2022-07-28,8400000,3:30,2400000
Alexa & Katie: Part 3,Yes,2019-12-30,8100000,3:24,2400000
Animal Control: Season 2,No,,7900000,3:14,2400000
Shrill: Season 2,No,,7700000,3:10,2400000
Self Made: Inspired by the Life of Madam C.J. Walker: Limited Series,Yes,2020-03-20,7600000,3:11,2400000
Larva Family: Season 1,Yes,2023-05-04,7100000,3:00,2400000
Spirit Riding Free: Season 1,No,2017-05-05,5700000,2:23,2400000
True and the Rainbow Kingdom: Wild Wild Yetis,Yes,2019-08-30,4600000,1:54,2400000
Man Vs Bee: Season 1,Yes,2022-06-24,4500000,1:53,2400000
"Raw: June 22, 2026",No,2026-06-22,4400000,1:47*,2400000
Kevin Hart: Acting My Age,No,2025-11-24,2700000,1:07,2400000
Mark Normand: None Too Pleased,No,2026-03-17,2200000,0:54,2400000
True: Terrific Tales: Season 1,Yes,2020-05-12,2200000,0:56,2400000
Rosario Tijeras (Mexico): Season 1,No,2017-03-31,103400000,44:36,2300000
Alchemy of Souls: Part 1 // 환혼: 파트 1,Yes,2022-06-18,56200000,24:52,2300000
Gossip Girl (2007): Season 3,No,,35500000,15:29,2300000
Love is Blind: Sweden: Season 3 // Love is Blind: Sverige: Säsong 3,No,2026-03-12,28700000,12:25,2300000
13 Reasons Why: Season 1,Yes,2017-03-31,27900000,12:08,2300000
The Closer (2005): Season 4,No,,25100000,10:45,2300000
Narcos: Mexico: Season 1,Yes,2018-11-16,24000000,10:16,2300000
Lost in Space: Season 1,Yes,2018-04-13,21600000,9:24,2300000
The Chosen: Season 3,No,,20600000,8:56,2300000
MINDHUNTER: Season 1,Yes,2017-10-13,19700000,8:23,2300000
The Middle: Season 8,No,,19100000,8:16,2300000
Locke & Key: Season 1,Yes,2020-02-07,18500000,7:55,2300000
Hunter X Hunter (2011): Season 3 // HUNTER×HUNTER: シーズン3,No,,18200000,*,2300000
Sex and the City: Season 2,No,,18100000,7:55,2300000
The Chosen: Season 5,No,,17800000,7:48,2300000
Mike & Molly: Season 2,No,,17400000,7:40,2300000
Dark: Season 2,Yes,2019-06-21,17300000,7:33,2300000
Million Dollar Secret: Season 1,No,2025-03-26,16100000,7:05,2300000
PIECES OF HER: Season 1,Yes,2022-03-04,16000000,6:52,2300000
Teletubbies: Season 1,No,2022-11-14,15700000,6:47,2300000
Victoria (2016): Season 1,No,,14900000,6:34,2300000
Arcane: Season 1,Yes,2021-11-06,14100000,6:13,2300000
El payaso Plim Plim: Un héroe del corazón: Series 1,No,,13500000,5:58,2300000
Killing Eve: Season 1,No,,12800000,5:38,2300000
Leanne: Season 1,Yes,2025-07-31,12700000,5:35,2300000
"Thank You, Next: Season 2 // Kimler Geldi Kimler Geçti: 2. Sezon",Yes,2025-05-15,12700000,5:33,2300000
Octonauts: Above & Beyond: Season 2,Yes,2022-05-02,12500000,5:28,2300000
Maya and the Three: Limited Series,Yes,2021-10-22,12300000,5:19,2300000
Supacell: Season 1,Yes,2024-06-27,12100000,5:12,2300000
Witch Hat Atelier: Season 1 // とんがり帽子のアトリエ: シーズン1,No,,12000000,5:08,2300000
Futuro desierto: Season 1,No,2026-05-22,11700000,5:11,2300000
The Boss Baby: Back in the Crib: Season 1,Yes,2022-05-19,11300000,4:52,2300000
Karate Sheep: Season 2,Yes,2023-08-31,11200000,4:48,2300000
Tom and Jerry Tales: Season 2,No,,11200000,4:47,2300000
World War II: From the Frontlines: Season 1,Yes,2023-12-07,11200000,4:51,2300000
Just One Look: Limited Series // Tylko jedno spojrzenie: Miniserial,Yes,2025-03-05,10100000,4:29,2300000
The Cage: Season 1 // La Cage: Saison 1,Yes,2024-11-08,9800000,4:17,2300000
Jurassic World: Chaos Theory: Season 2,Yes,2024-10-17,9100000,3:55,2300000
I Woke Up A Vampire: Season 1,Yes,2023-10-17,8200000,3:31,2300000
"Raw: June 1, 2026",No,2026-06-01,6800000,3:00*,2300000
American Murder: Laci Peterson: Season 1,Yes,2024-08-14,6200000,2:40,2300000
CoComelon: Season 5,No,2022-03-31,6200000,2:41,2300000
Gone Girls: The Long Island Serial Killer: Season 1,Yes,2025-03-31,6100000,2:39,2300000
Mighty Bheem's Playtime: Season 1,Yes,2024-01-29,5800000,2:31,2300000
Derry Girls: Season 2,Yes,2019-08-02,5300000,2:17,2300000
American Nightmare: Season 1,Yes,2024-01-17,5200000,2:15,2300000
The Seven Deadly Sins: Signs of Holy War // 七つの大罪: 聖戦の予兆(しるし),No,2016-09-01,3700000,1:37,2300000
CoComelon: Season 8,Yes,2023-04-10,2500000,1:04,2300000
Go! Go! Cory Carson: Season 2,Yes,2020-03-01,2500000,1:04,2300000
Wanda Sykes: Legacy,No,2026-05-19,2500000,1:04,2300000
Extraordinary Attorney Woo: Season 1 // 이상한 변호사 우영우: 시즌 1,Yes,2022-06-29,42000000,18:47,2200000
"House, M.D.: Season 2",No,,38400000,17:35,2200000
Bones (2005): Season 6,No,,36300000,16:44,2200000
Stargate SG-1: Season 1,No,,36200000,16:21,2200000
Manifest: Season 4,Yes,2022-11-04,33900000,15:35,2200000
Smallville: Season 8,No,,33800000,15:34,2200000
The Resident: Season 3,No,,32100000,14:36,2200000
Alchemy of Souls: Part 2 // 환혼: 파트 2,Yes,2022-12-10,28700000,13:00,2200000
The Boyfriend: Season 2 // ボーイフレンド: シーズン2,No,2026-01-13,27300000,12:12,2200000
Dexter: Season 1,No,,24200000,10:54,2200000
The Closer (2005): Season 5,No,,23800000,10:45,2200000
Rizzoli & Isles: Season 2,No,,23600000,10:30,2200000
Naruto: Season 1 // NARUTO-ナルト-: シーズン1,No,,22600000,10:06,2200000
VINLAND SAGA: Season 1 // ヴィンランド・サガ: シーズン1,Yes,,22400000,10:08,2200000
The Seven Deadly Sins: Revival of The Commandments // 七つの大罪: 戒めの復活,No,2018-01-12,22000000,9:47,2200000
Solo Leveling: Season 1 // 俺だけレベルアップな件: シーズン1,No,,21600000,9:54,2200000
Tougen Anki // 桃源暗鬼,Yes,,21300000,9:45,2200000
DAHMER: Monster: The Jeffrey Dahmer Story,Yes,2022-09-21,19800000,8:55,2200000
Sex and the City: Season 3,No,,19200000,8:50,2200000
Reboot: Season 1 // リブート: シーズン1,No,,19100000,8:45,2200000
Black-ish: Season 1,No,,18900000,8:36,2200000
You: Season 3,Yes,2021-10-15,18800000,8:26,2200000
Alice in Borderland: Season 2 // 今際の国のアリス: シーズン2,Yes,2022-12-22,18700000,8:31,2200000
RIV4LRIES: Season 1 // RIV4LI: Stagione 1,Yes,2025-10-01,16500000,7:38,2200000
The Last Ship: Season 1,No,,15600000,7:04,2200000
Raising Dion: Season 1,Yes,2019-10-04,15200000,6:55,2200000
Hunter X Hunter (2011): Season 4 // HUNTER×HUNTER: シーズン4,No,,15000000,*,2200000
iCarly (2007): Season 5,No,,13000000,5:54,2200000
Who is Erin Carter?: Limited Series,Yes,2023-08-24,12600000,5:43,2200000
Interview with the Vampire: Season 1,No,,12500000,5:37,2200000
The Recruit: Season 2,Yes,2025-01-30,11800000,5:24,2200000
Sex/Life: Season 2,Yes,2023-03-02,11600000,5:12,2200000
SPY x FAMILY: Season 3 // SPY×FAMILY: シーズン3,Yes,,11300000,5:08,2200000
Barbie Dreamhouse Adventures: Go Team Roberts: Season 1,Yes,,10900000,4:59,2200000
Jurassic World Camp Cretaceous: Season 5,Yes,2022-07-21,10700000,*,2200000
Miraculous: Tales of Ladybug & Cat Noir: Season 3: Part 1,No,,10600000,4:44,2200000
Magic and Muscles // マッシュル -MASHLE-,No,,10400000,4:45,2200000
Miraculous: Tales of Ladybug & Cat Noir: Season 3: Part 2,No,,10400000,4:44,2200000
The Gardener: Limited Series // El jardinero: Miniserie,Yes,2025-04-11,10400000,4:40,2200000
Nobody Wants This: Season 1,Yes,2024-09-26,9900000,4:25,2200000
Playing Gracie Darling: Season 1,No,2025-12-01,9900000,4:28,2200000
I AM A KILLER: Season 6,Yes,2025-01-08,9800000,4:23,2200000
Young Millionaires: Season 1,Yes,2025-08-13,9500000,4:23,2200000
The Bad Guys: The Series: Season 2,Yes,2026-04-02,9300000,4:13,2200000
Maamla Legal Hai: Season 1 // मामला लीगल है: सीज़न 1,Yes,2024-03-01,9200000,4:12,2200000
Inside Man: Season 1,Yes,2022-10-31,8900000,4:02,2200000
The Baby-Sitters Club: Season 2,Yes,2021-10-11,8200000,3:43,2200000
Blood Sisters: Season 2,No,2026-06-05,7600000,3:29,2200000
Black Mirror: Season 1,No,2013-02-28,5700000,2:36,2200000
James.: Limited Series,Yes,2026-05-21,5600000,2:33,2200000
Oddballs: Season 2,Yes,2023-02-24,5600000,2:36,2200000
Two Graves: Limited Series // Dos tumbas: Miniserie,Yes,2025-08-29,5500000,2:29,2200000
Toriko X One Piece Collaboration Special: Season 1,No,,5200000,2:20,2200000
Mighty Little Bheem: Season 3,Yes,2020-09-25,3500000,1:35,2200000
Manhunt: The Child Snatcher: Season 1,No,,3200000,1:29,2200000
CoComelon: Season 13,Yes,2025-05-26,2400000,1:04,2200000
Fireplace for Your Home: Classic Crackling Fireplace,Yes,,2200000,1:00,2200000
Grey's Anatomy: Season 2,No,,41500000,19:23,2100000
Ashes to Crown: Season 1 // 翹楚: 第 1 季 // 翘楚: 第 1 季,Yes,,37300000,17:47,2100000
Gossip Girl (2007): Season 4,No,,32500000,15:28,2100000
Outlander: Season 2,No,2016-04-10,27400000,12:58,2100000
Just Alice: Season 1 // Simplemente Alicia: Temporada 1,Yes,2025-11-05,27200000,12:40,2100000
The Closer (2005): Season 6,No,,22400000,10:38,2100000
The Resident: Season 4,No,,21600000,10:14,2100000
My Hero Academia: Season 5 // 僕のヒーローアカデミア: シーズン5,No,,21500000,*,2100000
The Garfield Show: Season 1,No,,21400000,10:17,2100000
iCarly (2007): Season 1,No,,21200000,9:52,2100000
Outlander: Season 8,No,2026-03-07,20800000,9:57,2100000
The Disastrous Life of Saiki K.: Season 1 // 斉木楠雄のΨ難: シーズン1,Yes,,20200000,9:31,2100000
Bones (2005): Season 7,No,,19900000,9:30,2100000
The Chosen: Season 4,No,,19500000,9:12,2100000
The Man in the High Castle: Season 2,No,,19300000,9:23,2100000
Sex and the City: Season 4,No,,18500000,8:57,2100000
The Middle: Season 9,No,,18000000,8:37,2100000
Sweet Magnolias: Season 2,Yes,2022-02-04,17800000,8:27,2100000
You: Season 5,Yes,2025-04-24,17700000,8:27,2100000
NOS4A2: Season 1,No,,16500000,7:41,2100000
The Last Kingdom: Season 2,Yes,2017-03-20,16100000,*,2100000
Everybody Hates Chris: Season 3,No,,16000000,7:37,2100000
FUBAR: Season 1,Yes,2023-05-25,15200000,7:08,2100000
Another Self: Season 1 // Zeytin Ağacı: 1. Sezon,Yes,2022-07-28,15000000,7:02,2100000
The Way Home: Season 2,No,,14800000,7:00,2100000
Vikings: Valhalla: Season 2,Yes,2023-01-12,13300000,6:29,2100000
Record of Ragnarok: Season 2 // 終末のワルキューレ: シーズン２,No,2023-01-26,13200000,6:16,2100000
Fuller House: Season 1,Yes,2016-02-26,13100000,6:12,2100000
Erin & Aaron: Season 1,Yes,2023-11-03,11700000,5:31,2100000
The Eternaut: Season 1 // El Eternauta: Temporada 1,Yes,2025-04-30,11600000,5:24,2100000
Black Doves: Season 1,Yes,2024-12-05,11300000,5:30,2100000
Octonauts: Above & Beyond: Season 1,Yes,2021-09-07,11300000,5:28,2100000
Dragons: Race to the Edge: Season 3,Yes,2016-06-24,10400000,4:59,2100000
Ted – Season 1 (2024),No,,10300000,4:49,2100000
The Diplomat: Season 2,Yes,2024-10-31,10300000,4:57,2100000
Delhi Crime: Season 3 // दिल्ली क्राइम: सीज़न 3,Yes,2025-11-13,10000000,4:46,2100000
Dorohedoro: Season 2 // ドロヘドロ: シーズン2,Yes,,10000000,4:48,2100000
Under a Dark Sun: Season 1 // Soleil noir: Saison 1,Yes,2025-07-09,10000000,4:51,2100000
Free Rein: Season 1,Yes,2017-06-22,9500000,4:29,2100000
Kung Fu Panda: The Dragon Knight: Season 1,Yes,2022-07-14,9500000,4:28,2100000
The Upshaws: Part 1,Yes,2021-05-12,9500000,4:35,2100000
Superstore: Season 1,No,,8300000,4:00,2100000
Jurassic World: Chaos Theory: Season 3,Yes,2025-04-03,8200000,3:53,2100000
The Last Kids on Earth: Book 2,Yes,2020-04-17,8100000,3:56,2100000
The Cuphead Show!: Season 2,Yes,2022-08-19,7500000,3:34,2100000
Treason: Limited Series,Yes,2022-12-26,7500000,3:30,2100000
Ready or Not: Texas: Season 1 // 이서진의 달라달라: 시즌 1,No,2026-03-24,7400000,3:33,2100000
Go! Go! Cory Carson: Season 6,Yes,2021-10-21,6900000,3:19,2100000
CoComelon: Season 7,No,2023-02-14,5600000,2:40,2100000
Murdaugh Murders: A Southern Scandal: Season 1,Yes,2023-02-22,5000000,2:23,2100000
True: Wonderful Wishes: Season 1,Yes,2018-06-15,4000000,1:54,2100000
Gupi: Season 1,Yes,,3500000,1:40,2100000
Sommore: Chandelier Fly,No,2026-02-17,2400000,1:08,2100000
Learn ABCs with Baby Shark: Season 1,Yes,,2300000,1:07,2100000
"Pablo Escobar, el patrón del mal: Season 1",Yes,,105500000,53:53,2000000
Evermore: Season 1 // İstanbullu Gelin: 1. Sezon,No,,80800000,40:15,2000000
Unveil: Jadewind: Season 1 // 唐宮奇案之青霧風鳴: 第 1 季 // 唐宫奇案之青雾风鸣: 第 1 季,Yes,,53700000,26:14,2000000
"House, M.D.: Season 3",No,,35000000,17:34,2000000
Resident Playbook: Limited Series // 언젠가는 슬기로울 전공의생활: 리미티드 시리즈,Yes,2025-04-12,33500000,16:22,2000000
The Blacklist: Season 3,No,,33300000,16:32,2000000
New Amsterdam (2018): Season 1,No,,31800000,15:47,2000000
The Closer (2005): Season 7,No,,29400000,14:51,2000000
Teen Wolf (2011): Season 6,No,,28900000,14:17,2000000
Ozark: Season 2,Yes,2018-08-31,21100000,10:20,2000000
Rizzoli & Isles: Season 3,No,,21100000,10:30,2000000
Haikyu!! // ハイキュー!!,No,,20800000,*,2000000
SpongeBob SquarePants: Season 11,No,,20400000,10:11,2000000
Trollhunters: Tales of Arcadia: Part 1,Yes,2016-12-23,20100000,10:14,2000000
The Crown: Season 2,Yes,2017-12-08,19400000,9:52,2000000
Sweet Magnolias: Season 3,Yes,2023-07-20,16800000,8:35,2000000
Mike & Molly: Season 3,No,,15500000,7:42,2000000
Pop Star Academy: KATSEYE: Season 1,Yes,2024-08-21,14000000,7:08,2000000
Our Planet,Yes,2019-04-05,13400000,6:43,2000000
Envious: Season 1 // Envidiosa: Temporada 1,Yes,2024-09-18,12800000,6:15,2000000
Gilmore Girls: A Year in the Life: Limited Series,Yes,2016-11-25,12700000,6:12,2000000
Vikings: Valhalla: Season 3,Yes,2024-07-11,12700000,6:24,2000000
Devil in Ohio: Limited Series,Yes,2022-09-02,11600000,5:56,2000000
Go Dog Go: Season 4,Yes,2023-11-27,11200000,5:38,2000000
The Rain: Season 1,Yes,2018-05-04,10900000,5:26,2000000
Little Lunch: Season 1,No,,10700000,5:23,2000000
Amsterdam Empire: Season 1,Yes,2025-10-30,10600000,5:12,2000000
My Korean Boyfriend: Season 1 // Meu Namorado Coreano: Temporada 1,No,2026-01-01,10500000,5:12,2000000
Miraculous: Tales of Ladybug & Cat Noir: Season 5 Part 2,No,,10400000,5:12,2000000
BAKI: Season 1: Part 1 // バキ: 第1期 パート1,Yes,2018-06-24,10200000,5:12,2000000
Miraculous: Tales of Ladybug & Cat Noir: Season 5 Part 1,No,,10100000,5:02,2000000
Disenchantment: Part 1,Yes,2018-08-17,9900000,4:55,2000000
That Girl Lay Lay: Season 2,No,2023-02-23,9900000,5:00,2000000
DAN DA DAN: Season 2 // ダンダダン: 第2期,Yes,,9800000,4:58,2000000
DAN DA DAN: Season 1 // ダンダダン: 第1期,Yes,,9700000,4:55,2000000
On My Block: Season 2,Yes,2019-03-29,9700000,4:46,2000000
Karate Sheep: Season 1,Yes,2023-03-02,9500000,4:48,2000000
Pokémon Horizons: Season 3: Rising Hope: Part 1,No,2026-01-06,9100000,4:32,2000000
The Upshaws: Part 6,Yes,2025-01-09,8800000,4:30,2000000
"Old Dog, New Tricks: Season 1 // Animal: Temporada 1",Yes,2025-10-03,8500000,4:12,2000000
Puffin Rock: Season 2,Yes,2016-08-17,8400000,4:10,2000000
Love on the Spectrum: Season 1,No,2022-05-18,8300000,4:06,2000000
LEGO® Ninjago Dragons Rising: Season 4,No,,7800000,3:51,2000000
Sex and the City: Season 5,No,,7800000,3:58,2000000
Animal Control: Season 3,No,,7300000,3:37,2000000
The Woman in the House Across the Street from the Girl in the Window: Limited Series,Yes,2022-01-28,6900000,3:28,2000000
The Actor Awards Presented by SAG-AFTRA,No,2026-03-01,4800000,2:23*,2000000
"Dr. Seuss’s Red Fish, Blue Fish: Season 1",Yes,2025-09-08,4600000,2:18,2000000
Emily's Wonder Lab: Season 1,Yes,2020-08-25,4300000,2:10,2000000
"Love, Death & Robots: Volume 4",Yes,2025-05-15,4100000,2:02,2000000
Rainbow High: Season 2,Yes,,3800000,1:53,2000000
CoComelon Lane: Season 5,Yes,2025-08-18,2400000,1:12,2000000
"Your Friend, Nate Bargatze",No,2024-12-24,2100000,1:04,2000000
Tony Hinchcliffe: Man of the People,No,2026-06-09,1800000,0:55,2000000
Pinkfong & Hogi Mini-Movie: The Tricky Three Cars // 핑크퐁 원더스타 특별편: 호기와 도둑자동차,Yes,,1400000,0:42,2000000
Grey's Anatomy: Season 3,No,,35500000,18:17,1900000
The Resident: Season 5,No,,32700000,16:49,1900000
Gossip Girl (2007): Season 5,No,,32500000,16:49,1900000
Smallville: Season 9,No,,29500000,15:27,1900000
When the Phone Rings: Limited Series // 지금 거신 전화는: 리미티드 시리즈,Yes,2024-11-22,25800000,13:33,1900000
Outlander: Season 3,No,2017-09-10,23600000,12:35,1900000
"House, M.D.: Season 4",No,,22400000,11:44,1900000
The Sandman: Season 2,Yes,2025-07-03,20500000,10:47,1900000
Delicious in Dungeon: Season 1 // ダンジョン飯: シーズン1,Yes,2024-01-04,19300000,10:15,1900000
Shangri-La Frontier: 2nd Season // シャングリラ・フロンティア: 2nd Season,No,,19300000,9:56,1900000
The Seven Deadly Sins: Imperial Wrath of the Gods // 七つの大罪: 神々の逆鱗,No,2019-10-14,18200000,9:40,1900000
The Resident: Season 6,No,,17900000,9:31,1900000
Prodigal Son: Season 2,No,,17500000,9:27,1900000
The Office (U.S.): Season 8,No,,17400000,8:56,1900000
El Chapo: Season 3,Yes,2018-07-27,17100000,9:07,1900000
The Great: Season 1,No,,16800000,8:45,1900000
The Last Kingdom: Season 3,Yes,2018-11-19,16600000,8:53,1900000
Power Rangers Dino Fury: Season 1,No,2021-06-14,15700000,8:16,1900000
You: Season 4,Yes,2023-02-09,15600000,8:17,1900000
Superstore: Season 2,No,,15300000,8:01,1900000
Superstore: Season 3,No,,15100000,8:01,1900000
Law & Order (1990): Season 21,No,,13400000,7:05,1900000
Meekah: Season 1,Yes,,13400000,7:05,1900000
Gossip Girl (2007): Season 6,No,,13300000,*,1900000
The Madness: Limited Series,Yes,2024-11-28,12400000,6:35,1900000
Next Gen Chef: Season 1,No,2025-09-17,11800000,6:20,1900000
Fate: The Winx Saga: Season 2,Yes,2022-09-16,11500000,6:08,1900000
Victoria (2016): Season 3,No,,11500000,6:06,1900000
Good Cop/Bad Cop (2025): Season 1,No,,11000000,5:39,1900000
Turn of the Tide: Season 1 // Rabo de Peixe: Temporada 1,Yes,2023-05-26,10600000,5:36,1900000
Sara - Woman in the Shadows: Season 1 // Sara - La donna nell'ombra: Stagione 1,Yes,2025-06-03,10500000,5:25,1900000
Dorohedoro: Season 1 // ドロヘドロ: シーズン1,Yes,2020-01-11,9800000,5:11,1900000
iCarly (2007): Season 3,No,,9800000,5:06,1900000
Dragons: Race to the Edge: Season 4,Yes,2017-02-17,9600000,5:01,1900000
【OSHI NO KO】: Season 3 // 【推しの子】: 第3期,No,,9400000,4:58,1900000
Tom and Jerry Tales: Season 1,No,,9300000,4:57,1900000
Ragnarok: Season 2,Yes,2021-05-27,9200000,4:58,1900000
The Summer Hikaru Died: Season 1 // 光が死んだ夏: シーズン1,Yes,2025-07-05,8900000,4:34,1900000
Magic and Muscles: Mashle: Magic And Muscles The Divine Visionary Candidate Exam Arc // マッシュル -MASHLE- 神覚者候補選抜試験編,No,,8800000,4:45,1900000
Big Mouth: Season 2,Yes,2018-10-05,8600000,4:26,1900000
Family Reunion: Part 2,Yes,2020-01-20,8000000,4:12,1900000
Puffin Rock: Season 1,No,2015-09-01,8000000,4:11,1900000
Starto Countdown 2025→2026: Season 1 // COUNTDOWN CONCERT 2025-2026 STARTO to MOVE: シーズン1,Yes,,7300000,3:55,1900000
Go Dog Go: Season 1,Yes,2021-01-26,6800000,3:38,1900000
The Big Show Show: Part 1,Yes,2020-04-06,6700000,3:34,1900000
Wolf King: Season 1,Yes,2025-03-20,6700000,3:32,1900000
Shrill: Season 3,No,,6400000,3:17,1900000
Missing: Dead or Alive?: Season 1,Yes,2023-05-10,6200000,3:12,1900000
True Haunting: Season 1,Yes,2025-10-07,5800000,3:00,1900000
Action Pack: Season 2,Yes,2022-06-06,5500000,2:53,1900000
WWE Elimination Chamber: Elimination Chamber 2026,No,2026-02-28,5400000,2:39*,1900000
Sharkdog: Season 2,Yes,2022-06-30,5300000,2:46,1900000
Bad Influence: The Dark Side of Kidfluencing: Season 1,Yes,2025-04-09,4700000,2:32,1900000
Masha's Spooky Stories (2012): Season 1,No,,4700000,2:26,1900000
Mens Rea,No,,4700000,2:25,1900000
Chip and Potato: Season 3,No,2022-03-08,4600000,2:26,1900000
Bad Thoughts: Season 1,Yes,2025-05-13,3700000,1:58,1900000
Go! Go! Cory Carson: Season 3,Yes,2020-12-26,2400000,1:15,1900000
Pokémon Concierge: Season 1 // ポケモンコンシェルジュ: シーズン1,Yes,2023-12-28,2200000,1:11,1900000
CoComelon: Season 11,Yes,2024-09-16,2100000,1:05,1900000
Shane Gillis: Beautiful Dogs,No,2023-09-05,1700000,0:53,1900000
Mighty Express: Mighty Trains Race,Yes,2022-12-05,800000,0:25,1900000
Bones (2005): Season 8,No,,31600000,17:26,1800000
iCarly (2007): Season 2,No,,31500000,17:44,1800000
Grey's Anatomy: Season 5,No,,31000000,17:15,1800000
Veronica Mars: Season 2,No,,28500000,15:35,1800000
The Blacklist: Season 4,No,,28000000,15:52,1800000
Grey's Anatomy: Season 4,No,,22800000,12:22,1800000
Rizzoli & Isles: Season 4,No,,19800000,11:11,1800000
Demon Slayer: Kimetsu no Yaiba: Swordsmith Village Arc // 鬼滅の刃: 刀鍛冶の里編,No,,19400000,10:33,1800000
Sex and the City: Season 6,No,,18700000,10:10,1800000
PAW Patrol: Season 1,No,,18500000,10:05,1800000
BEASTARS: Final Season,Yes,2024-12-05,18000000,9:54,1800000
Ozark: Season 3,Yes,2020-03-27,17900000,10:10,1800000
Riverdale: Season 1,No,2017-01-27,16600000,9:18,1800000
Eva Lasting: Season 4 // La primera vez: Temporada 4,Yes,2026-03-18,16400000,9:08,1800000
The King of Queens: Season 1,No,,16400000,9:19,1800000
Outlander: Season 6,No,2022-03-07,15900000,8:51,1800000
Sweet Home: Season 1 // 스위트홈: 시즌 1,Yes,2020-12-18,15800000,8:36,1800000
Narcos: Season 3,Yes,2017-09-01,15700000,8:56,1800000
The Last Kingdom: Season 4,No,2020-04-26,15700000,8:58,1800000
What I Like About You: Season 1,No,,14500000,7:57,1800000
LEGO® Ninjago Dragons Rising: Season 1,No,2023-06-01,14400000,7:49,1800000
Superstore: Season 4,No,,14400000,8:00,1800000
Arrested Development: Season 1,No,2010-04-01,14200000,8:02,1800000
StartUp (2016): Season 1,No,,13700000,7:31,1800000
Victoria (2016): Season 2,No,,13700000,7:44,1800000
Sex Education: Season 2,Yes,2020-01-17,12700000,7:01,1800000
Mike & Molly: Season 4,No,,12600000,7:11,1800000
Criminal Code: Season 2 // DNA DO CRIME: Temporada 2,Yes,2025-06-04,12200000,6:55,1800000
Shadow and Bone: Season 1,Yes,2021-04-23,12200000,6:55,1800000
Elite: Season 2 // Élite: Temporada 2,Yes,2019-09-06,12100000,6:46,1800000
Batwheels: Season 2,No,,12000000,*,1800000
Olympo: Season 1,Yes,2025-06-20,11700000,6:22,1800000
One Piece: Entering into the Grand Line // ワンピース: グランドライン突入編,No,,11400000,6:22,1800000
Arcane: Season 2,Yes,2024-11-09,11300000,6:13,1800000
Narco-Saints: Season 1 // 수리남: 시즌 1,Yes,2022-09-09,11200000,6:22,1800000
A Discovery of Witches: Season 1,No,,10600000,5:45,1800000
The Manny: Season 1 // El niñero: Temporada 1,Yes,2023-12-24,10200000,5:45,1800000
Big Mouth: Season 3,Yes,2019-02-08,9700000,5:22,1800000
Caught: Season 1 // Atrapados: Temporada 1,Yes,2025-03-26,9600000,5:13,1800000
Alien TV: Season 2,Yes,2021-03-19,9300000,5:14,1800000
BoJack Horseman: Season 2,Yes,2015-07-17,9300000,5:14,1800000
The Boss Baby: Back in Business: Season 2,Yes,2018-10-12,9300000,5:16,1800000
Dragons: Rescue Riders: Season 2,Yes,2020-02-07,8800000,4:51,1800000
LEGO Ninjago: Masters of Spinjitzu: Legacy of the Green Ninja,No,,8800000,*,1800000
One-Punch Man: Season 1 // ワンパンマン: シーズン1,No,,8700000,4:50,1800000
Zero Chill: Season 1,Yes,2021-03-15,8700000,4:57,1800000
"Backstabbed in a Backwater Dungeon: My Trusted Companions Tried to Kill Me, but Thanks to the Gift of an Unlimited Gacha I Got LVL 9999 Friends and Am Out for Revenge on My Former Party Members and the World: Season 1 // 信じていた仲間達にダンジョン奥地で殺されかけたがギフト『無限ガチャ』でレベル9999の仲間達を手に入れて元パーティーメンバーと世界に復讐&『ざまぁ!』します!: 第1期",No,,8600000,4:47,1800000
Lies and Deceit: Season 1 // Mentiras: Temporada 1,No,2022-03-04,8600000,4:44,1800000
You and I Are Polar Opposites: Season 1 Part 1 // 正反対な君と僕: シーズン1 パート1,No,,8500000,4:48,1800000
Ganglands: Season 1 // Braqueurs : La série: Saison 1,Yes,2021-09-24,8200000,4:38,1800000
My Sesame Street Friends: My Sesame Music: Season 1,Yes,,8100000,4:35,1800000
Power Rangers Cosmic Fury: Season 1,No,2023-09-29,7900000,4:18,1800000
On My Block: Season 3,Yes,2020-03-11,7500000,4:08,1800000
Worst Roommate Ever: Season 1,Yes,2022-03-01,7400000,4:04,1800000
Family Reunion: Part 3,Yes,2021-04-05,6800000,3:47,1800000
True and the Rainbow Kingdom: The Rainbow Kingdom,Yes,2017-08-11,6800000,*,1800000
A Perfect Story: Limited Series // Un cuento perfecto: Miniserie,Yes,2023-07-28,6700000,3:40,1800000
Barbie Dreamhouse Adventures: Season 2,Yes,,6200000,3:26,1800000
Derry Girls: Season 3,Yes,2022-10-07,6200000,3:24,1800000
CoComelon: Season 9,No,2024-01-14,4900000,2:47,1800000
Camp CrunchLabs: Season 1,No,,4100000,2:20,1800000
Mighty Little Bheem: Season 1,Yes,2019-04-12,4000000,2:12,1800000
"Raw: June 29, 2026",No,2026-06-29,3500000,1:59,1800000
Castlevania: Season 1,Yes,2017-07-07,2900000,1:35,1800000
Entergalactic,Yes,2022-09-30,2800000,1:35,1800000
Dragons: Rescue Riders: Hunt for the Golden Dragon,Yes,2020-03-27,1400000,0:46,1800000
ONE PIECE BONUS CONTENT: Inside Season 2,Yes,2026-03-17,700000,0:23,1800000
True: Friendship Day,Yes,2020-09-01,700000,0:23,1800000
Rosario Tijeras (Mexico): Season 4,No,2025-06-18,51200000,29:33,1700000
Hunter X Hunter (2011): Season 5 // HUNTER×HUNTER: シーズン5,No,,40500000,*,1700000
Black Clover // ブラッククローバー,No,,34400000,20:17,1700000
Pokémon The Series: Indigo League: Season 1 // ポケットモンスター (1997): シーズン1,No,,33800000,*,1700000
ER (1994): Season 1,No,,32500000,19:36,1700000
"House, M.D.: Season 5",No,,31000000,17:44,1700000
Taxi Driver: Season 3 // 모범택시3,No,,29900000,17:38,1700000
Grey's Anatomy: Season 6,No,,29500000,17:12,1700000
Law & Order: Special Victims Unit: The Sixth Year,No,,28800000,16:35,1700000
Law & Order: Special Victims Unit: The Thirteenth Year,No,,27700000,16:41,1700000
The Flash (2014): Season 2,No,,27600000,16:14,1700000
Smallville: Season 10,No,,26100000,15:29,1700000
Designated Survivor: Season 1,Yes,2016-09-22,25500000,14:48,1700000
Orange Is the New Black: Season 2,Yes,2014-06-06,23000000,13:20,1700000
Rizzoli & Isles: Season 5,No,,22000000,12:35,1700000
Outlander: Season 4,No,2018-11-05,21800000,12:34,1700000
Outlander: Season 5,No,2020-02-15,19800000,11:44,1700000
Inventing Anna: Limited Series,Yes,2022-02-11,17600000,10:08,1700000
Haikyu!! II // ハイキュー!! セカンドシーズン,No,,17500000,*,1700000
The Office (U.S.): Season 9,No,,16900000,10:00,1700000
Mushoku Tensei: Jobless Reincarnation: Season 2 // 無職転生 ～異世界行ったら本気だす～: 第2期,No,,16800000,9:52,1700000
Attack on Titan: Season 1 // 進撃の巨人: シーズン1,No,,16700000,9:57,1700000
Girl from Nowhere: Season 1 // เด็กใหม่: ซีซั่น 1,Yes,2018-10-31,15600000,9:02,1700000
The Umbrella Academy: Season 1,Yes,2019-02-15,15600000,9:16,1700000
The Crown: Season 3,Yes,2019-11-17,15300000,8:54,1700000
The Crown: Season 6,Yes,2023-11-16,14900000,8:45,1700000
Dark: Season 3,Yes,2020-06-27,14500000,8:28,1700000
Fuller House: Season 3,Yes,2017-09-22,14100000,8:13,1700000
Monsters: The Lyle and Erik Menendez Story,Yes,2024-09-19,13800000,7:54,1700000
1923: Season 1,No,,13200000,7:47,1700000
Ghosts (2021): Season 2,No,,13100000,7:51,1700000
Halo: Season 1,No,,12900000,7:37,1700000
Hierarchy: Limited Series // 하이라키: 리미티드 시리즈,Yes,2024-06-07,12900000,7:38,1700000
Mom (2013): Season 1,No,,12800000,7:38,1700000
Mom (2013): Season 6,No,,12700000,7:36,1700000
Sex Education: Season 3,Yes,2021-09-17,12700000,7:35,1700000
Heartland (2007): Season 19,No,,12600000,7:23,1700000
1899: Season 1,Yes,2022-11-17,12500000,7:20,1700000
Mom (2013): Season 5,No,,12500000,7:27,1700000
Resident Evil: Season 1,Yes,2022-07-14,12200000,7:10,1700000
Mom (2013): Season 4,No,,12000000,7:10,1700000
Fuller House: Season 2,Yes,2016-12-09,11200000,6:27,1700000
Romantics Anonymous: Season 1 // 匿名の恋人たち: シーズン1,Yes,2025-10-16,11100000,6:21,1700000
Gimbap and Onigiri: Season 1 // キンパとおにぎり～恋するふたりは、似ていてちがう～　: シーズン1,Yes,,10700000,6:27,1700000
Special Ops: Lioness: Season 1,No,,10000000,5:57,1700000
LEGO Ninjago (2019): Season 1 - Secrets of Forbidden Spinjitzu,No,,9800000,5:55,1700000
Killing Eve: Season 2,No,,9300000,5:34,1700000
That Girl Lay Lay: Season 1,No,2022-01-21,9000000,5:16,1700000
My Happy Marriage: Season 1 // わたしの幸せな結婚: シーズン1,Yes,2023-07-05,8900000,5:15,1700000
Dragons: Race to the Edge: Season 5,No,2017-08-25,8700000,5:02,1700000
Cassandra: Limited Series,Yes,2025-02-06,8500000,4:56,1700000
Dead to Me: Season 1,Yes,2019-05-03,8300000,5:00,1700000
Parasyte: The Grey: Limited Series // 기생수: 더 그레이: 리미티드 시리즈,Yes,2024-04-05,8300000,5:00,1700000
Envious: Season 2 // Envidiosa: Temporada 2,Yes,2025-02-05,8200000,4:43,1700000
The I-Land: Limited Series,Yes,2019-09-12,8200000,4:45,1700000
Wind Breaker: Season 2,No,,8200000,4:46,1700000
Inside Job: Part 1,Yes,2021-10-22,8100000,4:39,1700000
Big Mouth: Season 5,Yes,2021-11-05,7900000,4:46,1700000
What's in the Box?: Season 1,No,2025-12-17,7800000,4:29,1700000
Big Mouth: Season 4,Yes,2020-12-04,7700000,4:35,1700000
Family Reunion: Part 5,Yes,2022-10-27,7700000,4:36,1700000
Free Rein: Season 2,Yes,2018-07-06,7700000,4:28,1700000
Wistoria: Wand and Sword: Season 2 // 杖と剣のウィストリア: Season 2,No,,7700000,*,1700000
Scaredy Cats: Season 1,Yes,2021-10-01,7500000,4:20,1700000
Bread Barbershop: Season 4,Yes,,7400000,4:29,1700000
Yu Yu Hakusho: Season 1 // 幽☆遊☆白書: シーズン1,Yes,2023-12-14,7200000,4:11,1700000
Love Con Revenge: Season 1,Yes,2025-09-05,7100000,4:11,1700000
Ancient Apocalypse: The Americas,Yes,2024-10-16,7000000,4:05,1700000
Wild Babies: Limited Series,Yes,2022-05-05,6500000,3:55,1700000
The Endless Night: Limited Series // Todo Dia a Mesma Noite: Minissérie,Yes,2023-01-25,6300000,3:37,1700000
LEGO Ninjago: Masters of Spinjitzu: The Tournament of Elements,No,,6200000,3:41,1700000
King of Collectibles: The Goldin Touch: Season 3,No,2025-12-23,5700000,3:26,1700000
Family Reunion: Part 4,Yes,2021-08-26,5400000,3:11,1700000
My Little Pony: Make Your Mark: Chapter 2,Yes,2022-09-26,5200000,3:07,1700000
CoComelon: Season 10,No,2024-03-10,4700000,2:46,1700000
CoComelon Animal Time: Season 1,Yes,,4700000,2:44,1700000
Monica Toy: Collection,No,,4600000,2:42,1700000
The Upshaws: Part 5,Yes,2024-04-18,4500000,2:42,1700000
Crime Scene: The Texas Killing Fields: Limited Series,Yes,2022-11-29,4300000,2:29,1700000
Dr. Seuss’s Horton!: Season 2,Yes,2026-05-04,4000000,2:25,1700000
My Sesame Street Friends: My Elmo: Season 1,No,,4000000,2:21,1700000
2026 World Baseball Classic: Championship: United States vs. Venezuela // 2026 ワールドベースボールクラシック: 決勝 アメリカ 対 ベネズエラ,No,2026-03-17,3600000,*,1700000
Murdaugh Murders: A Southern Scandal: Season 2,Yes,2023-09-20,3000000,1:47,1700000
Go! Go! Cory Carson: Season 4,Yes,2021-04-27,2100000,1:16,1700000
The Big Show Show: Christmas,Yes,2020-12-09,700000,0:25,1700000
The Queen of Flow: Season 1 // La reina del flow: Temporada 1,No,2018-11-09,101700000,62:36,1600000
Rosario Tijeras (Mexico): Season 2,No,2019-04-08,81700000,50:52,1600000
48 Hours (1988): Season 37,No,,37200000,22:56,1600000
Lovely Runner // 선재 업고 튀어,No,,28300000,17:16,1600000
Bones (2005): Season 9,No,,27900000,17:25,1600000
Grey's Anatomy: Season 7,No,,25800000,15:49,1600000
"House, M.D.: Season 6",No,,25700000,16:12,1600000
One Tree Hill: Season 2,No,,25700000,16:33,1600000
One Piece: Alabasta // ワンピース: アラバスタ編,No,,23800000,14:57,1600000
Ozark: Season 4,Yes,2022-01-21,23000000,14:04,1600000
Rizzoli & Isles: Season 6,No,,19900000,*,1600000
Dexter: Season 2,No,,17000000,10:40,1600000
The Haunting of Hill House,Yes,2018-10-12,15900000,9:40,1600000
Naruto: Season 2 // NARUTO-ナルト-: 中忍試験編,No,,15700000,10:00,1600000
My Little Pony: Friendship Is Magic: Season 2,No,,15300000,9:43,1600000
Dr.STONE: Season 1,No,,15100000,9:36,1600000
Narcos: Mexico: Season 2,Yes,2020-02-13,15000000,9:40,1600000
The Crown: Season 4,Yes,2020-11-15,14800000,9:05,1600000
The Last Kingdom: Season 5,No,2022-03-09,14800000,9:10,1600000
Top Boy: Season 1,Yes,2019-09-13,14300000,8:50,1600000
The Crown: Season 5,Yes,2022-11-09,14100000,8:51,1600000
MINDHUNTER: Season 2,Yes,2019-08-16,13900000,8:46,1600000
Suburgatory: Season 2,No,,12800000,7:53,1600000
Superstore: Season 5,No,,12600000,7:39,1600000
Everybody Hates Chris: Season 4,No,,12500000,7:38,1600000
Godless: Limited Series,Yes,2017-11-22,12500000,7:36,1600000
Warrior Nun: Season 1,Yes,2020-07-02,12000000,7:18,1600000
Tagusari Bros.: Season 1 // 田鎖ブラザーズ: シーズン1,No,,11800000,7:32,1600000
Mom (2013): Season 2,No,,11500000,7:23,1600000
Mom (2013): Season 3,No,,11300000,7:05,1600000
Mom (2013): Season 7,No,,10900000,6:47,1600000
A Series of Unfortunate Events: Season 1,Yes,2017-01-13,10800000,6:36,1600000
The Dead Girls: Limited Series // Las muertas: Miniserie,Yes,2025-09-10,10700000,6:52,1600000
Elite: Season 3 // Élite: Temporada 3,Yes,2020-03-13,10600000,6:42,1600000
One Day: Limited Series,Yes,2024-02-08,10600000,6:40,1600000
Innato: Season 1,No,2025-12-23,9700000,6:08,1600000
Fuller House: Season 4,Yes,2018-12-14,9600000,5:58,1600000
One Piece: Enter Chopper at the Winter Island // ワンピース: チョッパー登場･冬島編,No,,9500000,5:54,1600000
Mrs Playmen: Limited Series,Yes,2025-11-12,9400000,5:52,1600000
Dragons: Rescue Riders: Season 1,Yes,2019-09-27,9200000,5:40,1600000
Outlast: Season 1,No,2023-03-10,9200000,5:43,1600000
Love on the Spectrum: Season 3,No,2025-04-02,8700000,5:35,1600000
Kings of Jo'Burg: Season 1,Yes,2020-12-04,8600000,5:23,1600000
Alien TV: Season 1,Yes,2020-08-21,8400000,5:14,1600000
Kingdom: Season 1 // 킹덤: 시즌 1,Yes,2019-01-25,8300000,5:11,1600000
Barbie: A Touch of Magic: Season 1,Yes,,8200000,5:00,1600000
Black Mirror: Season 6,Yes,2023-06-15,8100000,5:12,1600000
Dragons: Race to the Edge: Season 6,No,2018-02-16,8100000,5:02,1600000
On My Block: Season 4,Yes,2021-10-04,8100000,5:10,1600000
My Dress-Up Darling: Season 2 // その着せ替え人形は恋をする: シーズン2,No,,7800000,4:45,1600000
Hold Tight: Limited Series // Zachowaj spokój: Miniserial,Yes,2022-04-22,7700000,4:47,1600000
Surviving Summer: Season 1,Yes,2022-06-03,7700000,4:44,1600000
Action Pack: Season 1,Yes,2022-01-04,7300000,4:42,1600000
Big Mouth: Season 6,Yes,2022-10-28,7300000,4:39,1600000
The Glass Dome: Limited Series // Glaskupan: Miniserie,Yes,2025-04-15,7200000,4:38,1600000
The Manny: Season 2 // El niñero: Temporada 2,Yes,2024-12-18,7200000,4:30,1600000
Blind Sherlock: Season 1,No,2026-01-23,7100000,4:19,1600000
Ragnarok: Season 3,Yes,2023-08-24,7100000,4:24,1600000
Super PupZ: Season 1,Yes,2022-03-31,6900000,4:19,1600000
Heartstopper: Season 1,Yes,2022-04-22,6500000,3:58,1600000
Predators: Season 1,No,2023-09-06,6100000,3:45,1600000
Toxic Town: Limited Series,Yes,2025-02-27,5800000,3:40,1600000
The Cuphead Show!: Season 3,Yes,2022-11-18,5700000,3:30,1600000
Black Mirror: Season 2,No,2014-06-14,5500000,3:30,1600000
I Woke Up A Vampire: Season 2,Yes,2024-04-04,5500000,3:26,1600000
The Upshaws: Part 2,Yes,2022-06-29,5500000,3:31,1600000
The Witcher: Blood Origin: Limited Series,Yes,2022-12-25,5500000,3:26,1600000
Princess Power: Season 1,Yes,2023-01-30,5400000,3:29,1600000
3 Palavrinhas: Season 1,No,,5200000,3:15,1600000
Little Baby Bum: Nursery Rhyme Friends: Season 1,Yes,,4800000,3:02,1600000
LEGO Ninjago: Masters of Spinjitzu: Rebooted,No,,4700000,2:58,1600000
CoComelon: Season 12,No,2024-12-30,4300000,2:44,1600000
MH370: The Plane That Disappeared: Limited Series,No,2023-03-08,4200000,2:38,1600000
WWE Clash at the Castle: Clash in Italy 2026,No,2026-05-31,4200000,2:24*,1600000
The Upshaws: Part 4,Yes,2023-08-17,4100000,2:36,1600000
DEPP V HEARD: Limited Series,Yes,2023-08-16,4000000,2:26,1600000
Friday Night Dinner: Season 3,No,,3600000,2:19,1600000
True: Magical Friends: Season 1,Yes,2018-06-15,3000000,1:54,1600000
Star Search: From Challenger to Champion,No,2026-01-21,2500000,1:32,1600000
Kitty Kotty: Season 1 // Kicia Kocia: Sezon 1,No,,2300000,1:28,1600000
Kitty Kotty: Season 2 // Kicia Kocia: Sezon 2,No,,2100000,1:21,1600000
True: Rainbow Rescue,Yes,2020-06-02,600000,0:23,1600000
The Queen of Flow: Season 2 // La reina del flow: Temporada 2,No,2021-11-17,99300000,67:45,1500000
Rosario Tijeras (Mexico): Season 3,No,2020-05-14,79200000,52:39,1500000
Grey's Anatomy: Season 8,No,,26400000,17:13,1500000
Grey's Anatomy: Season 9,No,,25000000,17:12,1500000
The Blacklist: Season 5,No,,24400000,15:53,1500000
The Blacklist: Season 6,No,,23900000,15:47,1500000
The Lying Game: Season 1,No,,21900000,14:33,1500000
Veronica Mars: Season 3,No,,21700000,14:09,1500000
Orange Is the New Black: Season 3,Yes,2015-06-11,19600000,13:16,1500000
Culinary Class Wars: Season 1 // 흑백요리사: 요리 계급 전쟁: 시즌 1,No,2024-09-17,19500000,13:13,1500000
One Piece: Egghead Arc ② // ワンピース: エッグヘッド編②,No,,18900000,*,1500000
Naruto: Season 3 // NARUTO-ナルト-: 木ノ葉崩し編,No,,16500000,10:49,1500000
The Following: Season 2,No,,16400000,10:48,1500000
PJ Masks: Season 4,No,,15200000,10:27,1500000
Tastefully Yours: Limited Series // 당신의 맛: 리미티드 시리즈,Yes,2025-05-12,15200000,10:03,1500000
Zig & Sharko: Season 3,No,,15200000,10:08,1500000
VINLAND SAGA: Season 2 // ヴィンランド・サガ: シーズン2,No,,15100000,10:24,1500000
The Seven Deadly Sins: Dragon's Judgement // 七つの大罪: 憤怒の審判,Yes,2021-01-13,14800000,9:40,1500000
The Man in the High Castle: Season 3,No,,14600000,9:29,1500000
ALVINNN!!! And the Chipmunks: Season 3,No,,14500000,9:32,1500000
Temptation Island: Season 1,No,2025-03-12,14100000,9:24,1500000
Rizzoli & Isles: Season 7,No,,13200000,*,1500000
Fuller House: Season 5,Yes,2019-12-06,13000000,8:42,1500000
The Parisian Agency: Exclusive Properties: Season 6 // L'Agence : L'immobilier de luxe en famille: Saison 6,No,2026-02-05,12400000,8:27,1500000
Sex Education: Season 4,Yes,2023-09-21,12200000,8:06,1500000
The Haunting of Bly Manor,Yes,2020-10-09,12200000,8:19,1500000
The Last Dance: Limited Series,No,2020-04-20,12100000,8:16,1500000
Locke & Key: Season 2,Yes,2021-10-22,12000000,8:13,1500000
The Innocent: Limited Series // El inocente: Miniserie,Yes,2021-04-30,11900000,7:47,1500000
Calabasas Confidential: Season 1,No,2026-05-29,11700000,7:33,1500000
LEGO® Ninjago Dragons Rising: Season 3,Yes,,11700000,7:46,1500000
Squid Game: The Challenge: Season 2,No,2025-11-04,11300000,7:23,1500000
Another Self: Season 2 // Zeytin Ağacı: 2. Sezon,Yes,2024-07-11,11100000,7:19,1500000
Lost in Space: Season 2,Yes,2019-12-24,11100000,7:35,1500000
Agents of Mystery: Season 2 // 미스터리 수사단: 시즌 2,No,2026-02-27,11000000,7:22,1500000
Hunters (2020): Season 2,No,,10900000,7:05,1500000
From Scratch: Limited Series,Yes,2022-10-21,10800000,7:08,1500000
House of Ninjas: Season 1 // 忍びの家 House of Ninjas: シーズン1,Yes,2024-02-15,10700000,7:07,1500000
Mike & Molly: Season 5,No,,10600000,6:57,1500000
Brotherhood: Season 1 // Irmandade: Temporada 1,Yes,2019-10-25,10400000,6:46,1500000
Clickbait: Limited Series,Yes,2021-08-25,9300000,6:22,1500000
Griselda: Limited Series,Yes,2024-01-25,8400000,5:32,1500000
The Lady's Companion: Season 1 // Manual para señoritas: Temporada 1,Yes,2025-03-28,8400000,5:35,1500000
Unlocked: A Jail Experiment: Season 1,Yes,2024-04-10,8400000,5:31,1500000
Echoes: Limited Series,Yes,2022-08-19,8300000,5:25,1500000
Killing Eve: Season 3,No,,8200000,5:37,1500000
Raising Dion: Season 2,Yes,2022-02-01,8200000,5:25,1500000
BoJack Horseman: Season 3,Yes,2016-07-22,8100000,5:15,1500000
The Forest: Season 1 // La Forêt: Saison 1,Yes,2018-06-29,8100000,5:15,1500000
The Men Who Built America: Frontiersmen: Season 1,No,,8000000,5:29,1500000
At Home With The Furys: Season 1,No,2023-08-16,7900000,5:07,1500000
The Ranch: Part 1,Yes,2016-04-01,7700000,5:06,1500000
Trollhunters: Tales of Arcadia: Part 2,Yes,2017-12-15,7700000,5:07,1500000
Trollhunters: Tales of Arcadia: Part 3,Yes,2018-05-25,7600000,5:08,1500000
Hunter X Hunter (2011): Season 6 // HUNTER×HUNTER: シーズン6,No,,7400000,*,1500000
Kohrra: Season 1,Yes,2023-07-15,7400000,4:50,1500000
Barbie Dreamhouse Adventures: Go Team Roberts: Season 2,Yes,,7200000,4:57,1500000
The Good Place: Season 1,No,2017-08-21,7200000,4:52,1500000
Workin' Moms: Season 1,Yes,2019-01-04,7200000,4:49,1500000
Free Rein: Season 3,Yes,2019-07-06,7100000,4:40,1500000
Turn of the Tide: Season 3 // Rabo de Peixe: Temporada 3,Yes,2026-04-10,7100000,4:38,1500000
Black Summer: Season 1,Yes,2019-04-11,7000000,4:46,1500000
Big Mouth: Season 8,Yes,2025-05-23,6900000,4:40,1500000
High Water: Season 1 // Wielka Woda: Sezon 1,Yes,2022-10-05,6900000,4:29,1500000
Big Mouth: Season 7,Yes,2023-10-20,6800000,4:39,1500000
The Boss Baby: Back in Business: Season 3,Yes,2020-03-16,6800000,4:28,1500000
Lock Upp: Season 1 // लॉक अप: सीज़न 1,No,2026-06-27,6700000,4:24,1500000
Disenchantment: Part 2,Yes,2019-09-20,6600000,4:21,1500000
Haikyu!! Karasuno High School vs Shiratorizawa Academy // ハイキュー!! 烏野高校 VS 白鳥沢学園高校,No,,6500000,*,1500000
Our Universe: Limited Series,Yes,2022-11-22,6400000,4:21,1500000
"Devotion, a Story of Love and Desire: Season 1 // Fedeltà: Stagione 1",Yes,2022-02-14,5900000,4:01,1500000
Kyojo // 教場,Yes,,5700000,3:44,1500000
Surviving Summer: Season 2,Yes,2023-09-15,5600000,3:49,1500000
Go Dog Go: Season 2,Yes,2021-12-07,5400000,3:38,1500000
LEGO Ninjago: Masters of Spinjitzu: Possession,No,,5400000,3:42,1500000
The Upshaws: Part 3,Yes,2023-02-16,5100000,3:18,1500000
Catching Killers: Season 3,Yes,2023-06-23,4600000,3:04,1500000
Pup Academy: Season 2,Yes,2020-10-12,4600000,2:59,1500000
Conversations with a Killer: The John Wayne Gacy Tapes: Season 1,Yes,2022-04-20,4500000,3:05,1500000
Unsolved Mysteries: Volume 5,Yes,2024-10-02,4500000,2:58,1500000
Friday Night Dinner: Season 2,No,,4200000,2:44,1500000
Pocoyo: Season 4 // Pocoyó: Temporada 4,No,,4100000,*,1500000
Chico Bon Bon: Monkey with a Tool Belt: Season 1,Yes,2020-05-08,3500000,2:24,1500000
Friday Night Dinner: Season 4,No,,3500000,2:17,1500000
Trailer Park Boys: Season 1,Yes,2010-09-22,3400000,2:19,1500000
Rainbow High: Season 3,Yes,,3300000,2:13,1500000
I Just Killed My Dad: Limited Series,Yes,2022-08-09,3200000,2:10,1500000
Izzy's Koala World: Season 1,Yes,2020-09-15,3200000,2:12,1500000
Izzy's Koala World: Season 2,Yes,2021-04-20,3100000,2:05,1500000
Is It Cake? Holiday: Season 2,No,2025-11-25,3000000,2:01,1500000
True and the Rainbow Kingdom: Mushroom Town,Yes,2019-05-03,2300000,1:31,1500000
Elmo and Mark Rober's Merry Giftmas,Yes,2025-12-08,900000,0:36,1500000
Black Clover II // ブラッククローバー II,No,,27600000,*,1400000
Encounter: Limited Series // 남자친구: 리미티드 시리즈,Yes,,26100000,18:08,1400000
Destined with You: Limited Series // 이 연애는 불가항력: 리미티드 시리즈,Yes,2023-08-23,24900000,17:18,1400000
"House, M.D.: Season 7",No,,24300000,16:51,1400000
The Uncanny Counter: Season 1 // 경이로운 소문: 시즌 1,Yes,2020-11-28,24200000,16:55,1400000
Grey's Anatomy: Season 10,No,,23600000,17:15,1400000
Taxi Driver: Season 1 // 모범택시,No,,23300000,*,1400000
Stargate SG-1: Season 2,No,,23100000,16:13,1400000
The Flash (2014): Season 3,No,,22800000,16:13,1400000
To My Beloved Thief: Season 1 // 은애하는 도적님아: 시즌 1,No,,22600000,16:22,1400000
Bones (2005): Season 10,No,,22400000,15:56,1400000
The Blacklist: Season 7,No,,19700000,13:40,1400000
Locked Up: Season 1 // Vis a vis: Temporada 1,No,2015-10-18,18600000,*,1400000
NCIS: Season 18,No,,16200000,11:24,1400000
Gokusen: Season 1 // ごくせん,Yes,,15500000,*,1400000
Total Drama Island,No,,14800000,10:18,1400000
Dexter: Season 3,No,,14700000,10:31,1400000
Naruto: Season 4 // NARUTO-ナルト-: 綱手捜索編,No,,13700000,10:00,1400000
Insatiable: Season 1,Yes,2018-08-10,13500000,9:20,1400000
ALVINNN!!! And the Chipmunks: Season 4,No,,13400000,9:32,1400000
The Great: Season 2,No,,13200000,9:08,1400000
Narcos: Mexico: Season 3,Yes,2021-11-05,13000000,9:33,1400000
Perfect Match: Season 3,No,2025-08-01,12700000,9:12,1400000
Black-ish: Season 2,No,,11700000,8:38,1400000
Bunk'd: Season 1,No,,11300000,8:05,1400000
Midnight Mass: Limited Series,Yes,2021-09-24,10600000,7:37,1400000
"Nicky, Ricky, Dicky & Dawn: Season 1",No,,10500000,7:33,1400000
NOS4A2: Season 2,No,,10300000,7:31,1400000
Ratched: Season 1,Yes,2020-09-18,10200000,7:16,1400000
The Brothers Sun: Season 1,Yes,2024-01-04,9900000,7:20,1400000
Black Mirror: Season 3,Yes,2016-10-21,9300000,6:25,1400000
Breathless: Season 2 // Respira: Temporada 2,Yes,2025-10-31,9300000,6:49,1400000
Arrested Development: Season 2,No,2010-04-01,9200000,6:35,1400000
Happy's Place: Season 1,No,,9100000,6:26,1400000
FUBAR: Season 2,Yes,2025-06-12,9000000,6:27,1400000
The Walking Dead: Dead City: Season 2,No,,9000000,6:19,1400000
Grace and Frankie: Season 1,Yes,2015-05-08,8900000,6:24,1400000
Kaleidoscope: Limited Series,Yes,2023-01-01,8900000,6:25,1400000
Lost in Space: Season 3,Yes,2021-12-01,8900000,6:21,1400000
Mom (2013): Season 8,No,,8700000,6:03,1400000
Downton Abbey: Series 1,No,,8600000,6:20,1400000
61st Street: Season 1,No,,8500000,6:04,1400000
The Royals: Season 1 // द रॉयल्स: सीज़न 1,Yes,2025-05-09,8400000,5:57,1400000
Territory: Season 1,Yes,2024-10-24,8100000,5:46,1400000
Anne Rice's Mayfair Witches: Season 2,No,,7900000,5:50,1400000
Bet: Season 1,Yes,2025-05-15,7900000,5:49,1400000
Crap Happens: Season 1 // Kacken an der Havel: Staffel 1,Yes,2026-02-26,7800000,5:25,1400000
Superstore: Season 6,No,,7800000,5:28,1400000
Karma: Limited Series // 악연: 리미티드 시리즈,Yes,2025-04-04,7700000,5:21,1400000
Owning Manhattan: Season 2,No,2025-12-05,7700000,5:32,1400000
Welcome to Eden: Season 1 // Bienvenidos a Edén: Temporada 1,Yes,2022-05-06,7700000,5:29,1400000
The Trials of Gabriel Fernandez: Limited Series,Yes,2020-02-26,7600000,5:31,1400000
Kamisama Kiss: Season 1 // 神様はじめました: 第1期,No,,7500000,5:11,1400000
BoJack Horseman: Season 4,Yes,2017-09-08,7200000,5:17,1400000
Love Life (2020): Season 1,No,,7200000,5:10,1400000
Baki Hanma: Season 1 // 範馬刃牙: シーズン1,Yes,2021-09-30,6900000,4:57,1400000
Barbarians // Barbaren,Yes,2020-10-23,6800000,4:47,1400000
One-Punch Man: Season 2 // ワンパンマン: シーズン2,No,,6800000,4:49,1400000
Love Life (2020): Season 2,No,,6700000,4:50,1400000
My Little Pony: Friendship Is Magic: Season 3,No,,6700000,4:52,1400000
Disenchantment: Part 3,Yes,2021-01-15,6500000,4:48,1400000
Ranma1/2: Season 2 // らんま1/2: 第2期,Yes,2025-10-04,6400000,4:39,1400000
Soulmates (2020): Season 1,No,,6300000,4:32,1400000
Kitti Katz: Season 1,Yes,2023-05-18,6200000,4:18,1400000
Mike & Molly: Season 6,No,,5800000,4:11,1400000
Baby Reindeer: Limited Series,Yes,2024-04-11,5700000,3:58,1400000
LEGO: City Adventures: Season 1,No,,5400000,3:58,1400000
You Don't Know Me: Season 1,Yes,2022-06-17,5100000,3:44,1400000
90's: Season 1,Yes,,4800000,3:26,1400000
Go! Go! Cory Carson: Season 5,Yes,2021-08-17,4500000,3:10,1400000
Wolf King: Season 2,Yes,2025-09-11,4300000,3:07,1400000
Trailer Park Boys: Season 3,Yes,2010-09-22,4200000,3:05,1400000
Trailer Park Boys: Season 4,Yes,2010-09-22,4200000,3:05,1400000
Word Party: Season 1,Yes,2016-07-08,4200000,3:06,1400000
Sitting Bull: Season 1,No,,4000000,2:51,1400000
Spirit Riding Free: Season 2,No,2017-09-08,4000000,2:46,1400000
After Life: Season 1,Yes,2019-03-08,3900000,2:48,1400000
Floor Is Lava: Season 2,No,2022-06-03,3900000,2:46,1400000
Spirit Riding Free: Riding Academy: Part 1,Yes,2020-04-03,3900000,2:50,1400000
The End of the F***ing World: Season 1,Yes,2018-01-05,3700000,2:44,1400000
Trailer Park Boys: Season 2,Yes,2010-09-22,3700000,2:40,1400000
Backlash 2026,No,2026-05-09,3600000,2:20*,1400000
Deaw Still Alive // เดี่ยว สตีล อะไลฟ์,No,,3500000,2:26,1400000
Dinotrux: Season 5,No,2017-08-18,3400000,2:22,1400000
Friday Night Dinner: Season 1,No,,3300000,2:17,1400000
Friday Night Dinner: Season 5,No,,3300000,2:17,1400000
Beauty and the Bester: Limited Series,Yes,2025-09-12,3200000,2:15,1400000
Shaun the Sheep: Season 5,No,,3100000,2:10,1400000
How To Choose the Right Husband? // Yasemin Sakallıoğlu – Doğru Koca Nasıl Seçilir?,No,,1800000,1:19,1400000
Bobo Dormouse: Volume 1 // Bobo Siebenschläfer: Staffel 1,No,,1500000,1:03,1400000
Bobo Dormouse: Volume 5 // Bobo Siebenschläfer: Staffel 5,No,,1400000,0:58,1400000
GO! The Unforgettable Party // GO! La fiesta inolvidable,No,2019-11-14,1400000,1:00,1400000
Dragons: Rescue Riders: Huttsgalor Holiday,Yes,2020-11-24,1100000,0:46,1400000
Countdown: Rousey vs. Carano,No,2026-05-06,1000000,0:44,1400000
"Newly Rich, Newly Poor: Season 1 // Nuevo rico, nuevo pobre - remake: Temporada 1",Yes,2025-05-21,62000000,48:28,1300000
Vincenzo: Season 1 // 빈센조: 시즌 1,Yes,2021-02-20,35300000,27:00,1300000
Mr. Queen: Limited Series // 철인왕후: 리미티드 시리즈,Yes,,30400000,23:55,1300000
Veil of Shadows: Season 1 // 月鱗綺紀: 第 1 季 // 月鳞绮纪: 第 1 季,Yes,,29000000,22:37,1300000
Black Clover III // ブラッククローバー III,No,,26200000,*,1300000
The Blacklist: Season 8,No,,21300000,15:50,1300000
Bones (2005): Season 11,No,,20700000,16:10,1300000
The Blacklist: Season 9,No,,19800000,15:50,1300000
13 Reasons Why: Season 2,Yes,2018-05-18,16800000,12:43,1300000
Orange Is the New Black: Season 4,Yes,2016-06-17,16800000,13:13,1300000
"Nevertheless,: Limited Series // 알고있지만,: 리미티드 시리즈",Yes,2021-06-19,15100000,11:32,1300000
One Piece: Sky Island: Skypiea // ワンピース: 空島・スカイピア編,No,,14800000,11:48,1300000
Haikyu!! TO THE TOP // ハイキュー!! TO THE TOP,No,,13900000,*,1300000
JoJo's Bizarre Adventure: Phantom Blood/Battle Tendency // ジョジョの奇妙な冒険: 「ファントムブラッド」「戦闘潮流」,Yes,2017-03-31,13900000,10:28,1300000
Mr. Plankton: Limited Series // Mr. 플랑크톤: 리미티드 시리즈,Yes,2024-11-08,13900000,10:24,1300000
Miniforce: Super Dino Power: Season 1 // 미니특공대: 슈퍼공룡파워: 시즌 1,No,,13600000,*,1300000
Dexter: Season 4,No,,13400000,10:34,1300000
The Following: Season 3,No,,13300000,10:38,1300000
The Great British Baking Show: Collection 13,No,2025-09-05,13000000,10:03,1300000
Dark Desire: Season 1 // Oscuro deseo: Temporada 1,Yes,2020-07-15,12800000,10:09,1300000
Vivant: Season 1,No,,12700000,9:53,1300000
ALVINNN!!! And the Chipmunks: Season 5,No,,12600000,9:31,1300000
New Amsterdam (2018): Season 3,No,,12600000,10:03,1300000
That Time I Got Reincarnated as a Slime: Season 3 // 転生したらスライムだった件: 第3期,No,,12600000,9:49,1300000
Blue Box: Season 1 // アオのハコ: シーズン1,Yes,2024-10-03,12500000,9:50,1300000
Dr.STONE: Season 3,No,,12400000,9:43,1300000
Ben & Holly's Little Kingdom: Season 1,No,,12200000,9:12,1300000
Love to Hate You: Season 1 // 연애대전: 시즌 1,Yes,2023-02-10,12000000,9:03,1300000
The Apothecary Diaries: Season 2 // 薬屋のひとりごと: シーズン2,No,,12000000,9:36,1300000
Cursed: Season 1,Yes,2020-07-17,11700000,9:12,1300000
The Man in the High Castle: Season 4,No,,11400000,8:36,1300000
Bones (2005): Season 12,No,,11200000,8:49,1300000
The Great: Season 3,No,,11100000,8:50,1300000
LEGO® Ninjago Dragons Rising: Season 2,Yes,,10300000,7:39,1300000
StartUp (2016): Season 2,No,,9800000,7:27,1300000
THE DAYS: Limited Series,Yes,2023-06-01,9400000,7:21,1300000
Elite: Season 4 // Élite: Temporada 4,Yes,2021-06-18,8800000,6:32,1300000
Reborn: Season 1 // リボーン ～最後のヒーロー～: シーズン1,No,,8500000,6:46,1300000
Attack on Titan: The Final Season Part 1 // 進撃の巨人: ファイナルシーズン パート1,No,,8300000,6:24,1300000
Burning Body: Limited Series // El cuerpo en llamas: Miniserie,Yes,2023-09-08,8300000,6:34,1300000
The Sinner: Season 4: Percy,No,2022-01-26,8300000,6:23,1300000
Sweet Tooth: Season 1,Yes,2021-06-04,8200000,6:09,1300000
Raising Voices: Limited Series // Ni una más: Miniserie,Yes,2024-05-31,8100000,6:03,1300000
Turning Point: The Vietnam War: Season 1,No,2025-04-30,8100000,6:24,1300000
Broadchurch: Season 1,No,,7900000,6:15,1300000
LEGO Ninjago (2019): Season 2 - Secrets of Forbidden Spinjitzu,No,,7800000,6:13,1300000
The Worst Witch: Season 1,Yes,2017-07-21,7700000,6:03,1300000
The Sinner: Season 1: Cora,No,2017-11-07,7600000,5:39,1300000
Black Mirror: Season 4,Yes,2017-12-29,7500000,5:52,1300000
Hey Duggee: Season 1,No,,7500000,*,1300000
Instant Dream Home: Season 1,No,2022-08-10,7500000,5:49,1300000
"Go Ahead, Brother: Season 1 // Idź przodem, bracie: Sezon 1",Yes,2024-10-30,7400000,5:50,1300000
Bodkin: Season 1,Yes,2024-05-09,7300000,5:48,1300000
Turn of the Tide: Season 2 // Rabo de Peixe: Temporada 2,Yes,2025-10-17,7300000,5:39,1300000
Geek Girl: Season 1,Yes,2024-05-30,7200000,5:38,1300000
Killing Eve: Season 4,No,,7100000,5:39,1300000
Locke & Key: Season 3,Yes,2022-08-10,7100000,5:36,1300000
Sentenced To Be a Hero: Season 1 // 勇者刑に処す 懲罰勇者9004隊刑務記録: シーズン1,No,,7000000,5:35,1300000
Scandal (2012): Season 1,No,,6800000,5:03,1300000
BAKI: Season 1: Part 2 // バキ: 第1期 パート2,Yes,2018-09-23,6700000,5:11,1300000
Octonauts: Season 2,No,,6600000,5:08,1300000
American Manhunt: O.J. Simpson: Season 1,Yes,2025-01-29,6500000,5:01,1300000
Attack on Titan: Season 2 // 進撃の巨人: シーズン2,No,,6500000,4:51,1300000
Love on the Spectrum: Season 2,No,2024-01-19,6500000,5:09,1300000
Campfire Cooking in Another World with My Absurd Skill: Season 2 // とんでもスキルで異世界放浪メシ: シーズン2,No,,6400000,4:47,1300000
A Gatherer's Adventure in Isekai: Season 1 // 素材採取家の異世界旅行記: シーズン1,No,,6300000,4:44,1300000
Attack on Titan: Season 3 Part 1 // 進撃の巨人: シーズン3 パート1,No,,6300000,4:48,1300000
Earth to Luna!: Season 4 // O Show da Luna!: Temporada 4,No,,6300000,4:50,1300000
Kakegurui // 賭ケグルイ,Yes,2017-07-01,6300000,4:57,1300000
Murder Suspect: Season 1,No,,6300000,4:54,1300000
Julie and the Phantoms: Season 1,Yes,2020-09-10,6200000,4:40,1300000
Suburgatory: Season 3,No,,6200000,4:37,1300000
"The Ossan Newbie Adventurer, Trained to Death by the Most Powerful Party, Became Invincible: Season 1 // 新米オッサン冒険者、最強パーティに死ぬほど鍛えられて無敵になる。: シーズン1",No,,6100000,4:45,1300000
BEASTARS: Season 1,Yes,2019-10-07,6000000,4:39,1300000
Heartstopper: Season 2,Yes,2023-08-03,6000000,4:42,1300000
Paradise PD: Part 1,Yes,2018-08-31,5900000,4:40,1300000
Alias Grace: Limited Series,Yes,2017-11-03,5800000,4:28,1300000
Dr.STONE: Season 2,No,,5800000,4:24,1300000
Our Great National Parks: Limited Series,Yes,2022-04-13,5800000,4:20,1300000
Atypical: Season 1,Yes,2017-08-11,5600000,4:24,1300000
The Last Kids on Earth: Book 3,Yes,2020-10-16,5600000,4:09,1300000
The Rain: Season 2,Yes,2019-05-17,5600000,4:20,1300000
Washington: Season 1,No,,5500000,4:17,1300000
Attack on Titan: Season 3 Part 2 // 進撃の巨人: シーズン3 パート2,No,,5400000,4:01,1300000
My Dad the Bounty Hunter: Season 1,Yes,2023-02-09,5300000,4:08,1300000
Alexander: The Making of a God: Season 1,Yes,2024-01-31,5200000,3:55,1300000
Brown and Friends: Season 1,Yes,2022-12-29,5200000,3:53,1300000
Trailer Park Boys: Season 5,Yes,2010-09-22,5100000,3:51,1300000
Search Party: Season 1,No,,5000000,3:50,1300000
The Railway Men - The Untold Story Of Bhopal 1984: Limited Series // द रेलवे मेन - भोपाल की अनकही कहानी 1984: लिमिटेड सीरीज़,Yes,2023-11-18,5000000,3:58,1300000
Ask the StoryBots: Season 3,No,2019-08-02,4800000,3:41,1300000
The Fairly OddParents: A New Wish: Season 1,Yes,2024-11-14,4800000,3:48,1300000
Inside Job: Part 2,Yes,2022-11-18,4700000,3:41,1300000
LEGO Ninjago: Masters of Spinjitzu: Skybound,No,,4700000,3:45,1300000
Our Living World: Limited Series,Yes,2024-04-17,4400000,3:21,1300000
Go Dog Go: Season 3,Yes,2022-09-19,4100000,3:13,1300000
Cleo & Cuquin: Season 2,No,,3900000,3:05,1300000
How to Sell Drugs Online (Fast): Season 1,Yes,2019-05-31,3800000,2:55,1300000
Is It Cake? Halloween: Season 1,No,2025-10-08,3500000,2:37,1300000
Killer Sally: Limited Series,Yes,2022-11-02,3200000,2:31,1300000
Word Party: Season 5,Yes,2021-03-02,3100000,2:22,1300000
Friday Night Dinner: Season 6,No,,3000000,2:22,1300000
Trailer Park Boys: Season 6,Yes,2011-03-01,2900000,2:16,1300000
Hello Ninja: Season 1,Yes,2019-11-01,2700000,2:04,1300000
Chico Bon Bon: Monkey with a Tool Belt: Season 4,Yes,2020-10-27,2500000,1:55,1300000
Bobo Dormouse: Volume 2 // Bobo Siebenschläfer: Staffel 2,No,,1400000,1:04,1300000
Bobo Dormouse: Volume 3 // Bobo Siebenschläfer: Staffel 3,No,,1100000,0:51,1300000
Free Rein: Valentine's Day,Yes,2019-02-01,1100000,0:51,1300000
My Little Pony: Make Your Mark: Chapter 3,Yes,2022-11-21,1000000,0:45,1300000
The Action Pack Saves Christmas,Yes,2022-11-28,600000,0:28,1300000
"The Rose Seller: Season 1 // Lady, la vendedora de rosas",No,,70500000,60:43,1200000
The King's Affection: Limited Series // 연모: 리미티드 시리즈,Yes,2021-10-11,26000000,21:53,1200000
Twenty Five Twenty One: Limited Series // 스물다섯 스물하나: 리미티드 시리즈,Yes,2022-02-12,23200000,20:07,1200000
Hidden Love // 偷偷藏不住,No,,23100000,18:50,1200000
Typhoon Family: Limited Series // 태풍상사: 리미티드 시리즈,Yes,2025-10-11,22500000,18:53,1200000
Grey's Anatomy: Season 11,No,,21900000,17:58,1200000
Stargate SG-1: Season 3,No,,20200000,16:13,1200000
"House, M.D.: Season 8",No,,20000000,*,1200000
Riverdale: Season 2,No,2017-10-12,19400000,15:32,1200000
The Blacklist: Season 10,No,,19400000,15:34,1200000
Law & Order: Special Victims Unit: The Seventh Year,No,,19200000,15:35,1200000
The Flash (2014): Season 4,No,,19100000,*,1200000
One Tree Hill: Season 3,No,,18300000,15:42,1200000
Physical: Asia: Season 1 // 피지컬: 아시아: 시즌 1,No,2025-10-28,17300000,14:20,1200000
New Amsterdam (2018): Season 2,No,,16100000,*,1200000
El Chavo (1971): 1973,No,,15400000,13:12,1200000
A Time Called You: Limited Series // 너의 시간 속으로: 리미티드 시리즈,Yes,2023-09-08,14800000,12:11,1200000
See You in My 19th Life: Limited Series // 이번 생도 잘 부탁해: 리미티드 시리즈,Yes,2023-06-17,14600000,12:18,1200000
Naruto: Season 5 // NARUTO-ナルト-: サスケ奪還編,No,,13400000,11:10,1200000
Dexter: Season 7,No,,12900000,11:13,1200000
Chilling Adventures of Sabrina: Part 1,Yes,2018-10-26,12300000,10:36,1200000
Dexter: Season 5,No,,12200000,10:19,1200000
Dexter: Season 6,No,,12100000,10:20,1200000
Scooby-Doo!: Mystery Incorporated: Season 1,No,,11900000,9:41,1200000
My Little Pony: Friendship Is Magic: Season 4,No,,11800000,9:36,1200000
"Nicky, Ricky, Dicky & Dawn: Season 2",No,,11500000,9:49,1200000
Assassination Classroom: Season 2 // 暗殺教室: 第2期,No,,11300000,9:36,1200000
Fargo: Season 1,No,,11200000,9:05,1200000
Single’s Inferno: Season 1 // 솔로지옥: 시즌 1,No,2021-12-18,10400000,8:34,1200000
Power Rangers Dino Fury: Season 2,No,2022-03-03,10300000,8:21,1200000
Queen of the South: Season 1,No,,10200000,8:48,1200000
The Trunk: Limited Series // 트렁크: 리미티드 시리즈,Yes,2024-11-29,10100000,8:27,1200000
Shadow and Bone: Season 2,Yes,2023-03-16,9500000,8:11,1200000
Medusa: Season 1,Yes,2025-03-05,9300000,7:29,1200000
A Discovery of Witches: Season 2,No,,9100000,7:22,1200000
Guillermo del Toro's Cabinet of Curiosities: Season 1,Yes,2022-10-25,9100000,7:35,1200000
The OA: Part I,Yes,2016-12-16,9100000,7:19,1200000
Doc (2025): Season 1,No,,9000000,7:20,1200000
Deadly Class: Season 1,No,,8900000,7:30,1200000
Heartland (2007): Season 17,No,,8900000,7:23,1200000
Good Girls: Season 1,No,2018-07-03,8800000,7:07,1200000
The Lying Game: Season 2,No,,8700000,7:19,1200000
Resident Alien: Season 4,No,,8600000,7:28,1200000
Selling Sunset: Season 9,No,2025-10-29,8600000,7:03,1200000
A Killer Paradox: Season 1 // 살인자ㅇ난감: 시즌 1,Yes,2024-02-09,8500000,7:10,1200000
StartUp (2016): Season 3,No,,8500000,7:12,1200000
The Protector: Season 1 // Hakan: Muhafız: 1. Sezon,Yes,2018-12-14,8100000,6:34,1200000
Love Alarm: Season 1 // 좋아하면 울리는: 시즌 1,Yes,2019-08-22,8000000,6:35,1200000
Veronica Mars: Season 4,No,,7900000,6:50,1200000
Future Man: Season 1,No,,7700000,6:32,1200000
BLUE EYE SAMURAI: Season 1,Yes,2023-11-03,7600000,6:21,1200000
Breathless: Season 1 // Respira: Temporada 1,Yes,2024-08-30,7600000,6:23,1200000
Dark Winds: Season 4,No,,7500000,6:07,1200000
61st Street: Season 2,No,,7400000,6:09,1200000
Apple Cider Vinegar: Limited Series,Yes,2025-02-06,7200000,6:14,1200000
My Perfect Landing: Season 1,Yes,,7000000,5:48,1200000
Fire Force: Season 3 Part 2 // 炎炎ノ消防隊: 参ノ章 パート2,No,,6500000,5:17,1200000
Little Baby Bum: Nursery Rhyme Friends: Season 2,Yes,,6500000,5:14,1200000
BoJack Horseman: Season 5,Yes,2018-09-14,6400000,5:16,1200000
BAKI: The Great Raitai Tournament Saga // バキ: 大擂台賽編,Yes,2020-06-04,6300000,5:21,1200000
Hellbound: Season 1 // 지옥: 시즌 1,Yes,2021-11-19,6300000,5:13,1200000
One Piece: TV Original 1 // ワンピース: TVオリジナル編,No,,6300000,5:07,1200000
Overlord // オーバーロード,No,,6300000,5:08,1200000
A Discovery of Witches: Season 3,No,,6200000,5:23,1200000
My Happy Marriage: Season 2 // わたしの幸せな結婚: シーズン2,Yes,2025-01-06,6200000,5:16,1200000
Anthracite: Secrets of the Sect,Yes,2024-04-10,6100000,4:57,1200000
The Ranch: Part 2,Yes,2016-10-07,6100000,5:04,1200000
Deceitful Love: Limited Series // Inganno: Miniserie,Yes,2024-10-09,6000000,4:49,1200000
Files of the Unexplained: Season 1,Yes,2024-04-03,6000000,4:50,1200000
Black Knight: Season 1 // 택배기사: 시즌 1,Yes,2023-05-12,5900000,4:51,1200000
Is It Cake?: Season 1,No,2022-03-18,5900000,5:07,1200000
Wonderoos: Season 2,Yes,2024-11-18,5900000,4:49,1200000
Attack on Titan: The Final Season Part 2 // 進撃の巨人: ファイナルシーズン パート2,No,,5800000,4:47,1200000
Kamisama Kiss: Season 2 // 神様はじめました: 第2期,No,,5800000,4:47,1200000
My Hero Academia: Final Season // 僕のヒーローアカデミア: FINAL SEASON,No,,5800000,4:45,1200000
My Status as an Assassin Obviously Exceeds the Hero’s: Season 1 // 暗殺者である俺のステータスが勇者よりも明らかに強いのだが: シーズン1,No,,5800000,4:46,1200000
Kim's Convenience: Season 1,No,,5700000,4:45,1200000
When They See Us: Limited Series,Yes,2019-05-31,5700000,4:57,1200000
Schitt's Creek: Season 4,No,,5600000,4:48,1200000
The Good Place: Season 2,No,2017-09-21,5600000,4:48,1200000
Arrested Development: Season 3,No,2010-04-01,5500000,4:46,1200000
Kingdom: Season 2 // 킹덤: 시즌 2,Yes,2020-03-13,5500000,4:33,1200000
Marked: Season 1,Yes,2025-07-31,5400000,4:40,1200000
Disenchantment: Part 4,Yes,2022-02-09,5200000,4:21,1200000
Unseen: Season 1,Yes,2023-03-29,5200000,4:28,1200000
Ancient Apocalypse: Season 1,Yes,2022-11-11,5000000,4:15,1200000
Daniel Spellbound: Season 1,Yes,2022-10-27,5000000,4:16,1200000
Kyojo Ⅱ // 教場 II,Yes,,4600000,3:57,1200000
Theodore Roosevelt: Season 1,No,,4400000,3:32,1200000
Trailer Park Boys: Season 7,Yes,2011-03-01,4400000,3:46,1200000
Castlevania: Season 2,Yes,2018-10-26,4300000,3:28,1200000
Katrina: Come Hell and High Water: Season 1,Yes,2025-08-27,4300000,3:33,1200000
LEGO Ninjago: Masters of Spinjitzu: Hands of Time,No,,4300000,3:44,1200000
Black Mirror: Season 5,Yes,2019-06-05,4100000,3:20,1200000
2026 World Baseball Classic: Australia vs. Korea // 2026 ワールドベースボールクラシック: オーストラリア 対 韓国,No,2026-03-09,3900000,3:11*,1200000
Malibu Rescue: The Series: Season 1,Yes,2019-06-03,3800000,3:08,1200000
The Nurse: Limited Series // Sygeplejersken: Miniserie,Yes,2023-04-27,3800000,3:11,1200000
Mighty Little Bheem: Season 2,Yes,2019-08-30,3600000,2:56,1200000
Navy SEALs: America's Secret Warriors: Season 1,No,,3300000,2:52,1200000
Spirit Riding Free: Season 3,No,2017-11-17,3300000,2:46,1200000
Attack on Titan: The Final Season Part 3 // 進撃の巨人: ファイナルシーズン パート3,No,,3200000,*,1200000
Sesame Street: Volume 3,No,2026-06-08,3100000,2:33,1200000
The Breakthrough: Limited Series // Genombrottet: Miniserie,Yes,2025-01-07,3100000,2:39,1200000
Sealook: Season 1,No,,2700000,2:19,1200000
Carizzma: Season 1 // Carísima: Temporada 1,Yes,2026-05-20,2400000,1:56,1200000
Cold Case: The Tylenol Murders: Season 1,Yes,2025-05-26,2300000,1:58,1200000
KillTonyMania,No,2026-04-20,1900000,1:33,1200000
Bobo Dormouse: Volume 4 // Bobo Siebenschläfer: Staffel 4,No,,1200000,0:58,1200000
ONE SHOT with Ed Sheeran,No,2025-11-21,1200000,1:01,1200000
Sheng Wang: Purple,No,2026-04-07,1200000,1:01,1200000
Go! Go! Cory Carson: The Chrissy,Yes,2020-05-01,900000,0:45,1200000
True: Winter Wishes,Yes,2019-11-26,900000,0:45,1200000
Word Party Songs: Season 1,Yes,2020-08-07,600000,0:30,1200000
A Go! Go! Cory Carson Halloween,Yes,2020-10-02,500000,0:25,1200000
Chico Bon Bon and the Very Berry Holiday,Yes,2020-12-03,500000,0:25,1200000
Mighty Express: Train Trouble,Yes,2022-01-18,500000,0:26,1200000
Mighty Little Bheem: Kite Festival: Collection,Yes,2021-01-08,400000,0:20,1200000
Valle Salvaje: Season 3,No,2025-09-08,159200000,*,1100000
Moses and the Ten Commandments: Season 1 // Os Dez Mandamentos: Temporada 1,No,,158900000,144:34,1100000
The First Frost // 難哄 // 难哄: 第一季,Yes,,27600000,24:12,1100000
Welcome to Samdal-ri: Limited Series // 웰컴투 삼달리: 리미티드 시리즈,Yes,2023-12-02,20700000,18:35,1100000
JoJo's Bizarre Adventure: Stardust Crusaders // ジョジョの奇妙な冒険: スターダストクルセイダース,No,2017-03-31,20400000,19:10,1100000
Doctor Slump: Limited Series // 닥터슬럼프: 리미티드 시리즈,Yes,2024-01-27,19300000,17:57,1100000
Grey's Anatomy: Season 12,No,,19300000,17:11,1100000
Forecasting Love and Weather: Limited Series // 기상청 사람들: 사내연애 잔혹사 편: 리미티드 시리즈,Yes,2022-02-12,19100000,17:56,1100000
Stargate SG-1: Season 4,No,,18500000,16:13,1100000
Strong Girl Nam-soon: Limited Series // 힘쎈여자 강남순: 리미티드 시리즈,Yes,2023-10-07,18500000,16:57,1100000
Law & Order: Special Victims Unit: The Fourteenth Year,No,,18400000,17:18,1100000
Doom at Your Service: Limited Series // 어느 날 우리 집 현관으로 멸망이 들어왔다: 리미티드 시리즈,No,,18100000,17:06,1100000
Law & Order: Special Victims Unit: The Eleventh Year,No,,18100000,16:46,1100000
Grey's Anatomy: Season 13,No,,18000000,17:03,1100000
New Amsterdam (2018): Season 4,No,,17800000,15:48,1100000
Our Unwritten Seoul: Limited Series // 미지의 서울: 리미티드 시리즈,Yes,2025-05-24,17600000,15:47,1100000
Designated Survivor: Season 2,Yes,2017-09-28,17100000,*,1100000
JoJo's Bizarre Adventure: Golden Wind // ジョジョの奇妙な冒険: 黄金の風,Yes,2018-10-10,17000000,15:30,1100000
Law & Order: Special Victims Unit: The Tenth Year,No,,16400000,15:25,1100000
NCIS: Season 19,No,,16400000,14:50,1100000
The Potato Lab: Limited Series // 감자연구소: 리미티드 시리즈,Yes,2025-03-01,16100000,15:02,1100000
Dr.STONE: Season 4,No,,15600000,14:49,1100000
Hoarders: Season 15,No,,15200000,14:12,1100000
Law & Order: Special Victims Unit: The Ninth Year,No,,15100000,13:20,1100000
Love Scout: Season 1 // 나의 완벽한 비서: 시즌1,No,,14900000,13:58,1100000
Happiness: Limited Series // 해피니스: 리미티드 시리즈,Yes,,14500000,13:03,1100000
Grey's Anatomy: Season 21,No,,14100000,12:57,1100000
Orange Is the New Black: Season 5,Yes,2017-06-09,13700000,12:17,1100000
Naruto Shippuden: Season 1 // NARUTO-ナルト- 疾風伝: 風影奪還編,No,,13100000,12:20,1100000
Baki Hanma: Season 2 // 範馬刃牙: シーズン2,Yes,2023-07-26,13000000,11:30,1100000
Catch! Teenieping // 캐치! 티니핑,Yes,,12200000,11:14,1100000
Mako Mermaids: An H2O Adventure: Season 1,No,2013-07-26,12200000,10:41,1100000
Dear Hongrang: Season 1 // 탄금: 시즌 1,Yes,2025-05-16,12000000,11:10,1100000
Dexter: Season 8,No,,11700000,10:37,1100000
The Rising of the Shield Hero: Season 1 // 盾の勇者の成り上がり: シーズン1,No,,11700000,10:16,1100000
Love Is Blind: Italy: Season 1 // L’amore è cieco: Italia: Stagione 1,No,2025-12-01,11500000,10:18,1100000
The Marked Heart: Season 1 // Pálpito: Temporada 1,Yes,2022-04-20,11500000,10:15,1100000
My Hero Academia: Season 6 // 僕のヒーローアカデミア: シーズン6,No,,11300000,*,1100000
Ridiculousness: Season 10,No,,11300000,10:11,1100000
Komi Can't Communicate: Season 1 // 古見さんは、コミュ症です。: シーズン1,Yes,2021-10-06,11100000,9:47,1100000
Kuroko's Basketball: Season 1 // 黒子のバスケ: 1st SEASON,No,,11100000,*,1100000
Scooby-Doo!: Mystery Incorporated: Season 2,No,,11000000,9:44,1100000
My Hero Academia: Season 7 // 僕のヒーローアカデミア: シーズン7,Yes,,10700000,9:56,1100000
Rescue Me (2004): Season 1,Yes,,10600000,9:55,1100000
Downton Abbey: Series 2,No,,10500000,9:29,1100000
From Me to You: Kimi ni Todoke // 君に届け,Yes,2018-09-17,10500000,*,1100000
The Disastrous Life of Saiki K.: Season 2 // 斉木楠雄のΨ難: シーズン2,Yes,,10500000,9:29,1100000
The Last Night at Tremore Beach: Limited Series // La última noche en Tremor: Miniserie,Yes,2024-10-25,10400000,9:28,1100000
Altered Carbon: Season 1,Yes,2018-02-02,10300000,9:03,1100000
Oggy and the Cockroaches: Next Generation: Season 1,Yes,2022-07-28,10300000,9:21,1100000
A Love So Beautiful: Season 1 // 아름다웠던 우리에게: 시즌 1,Yes,2020-12-28,10100000,9:07,1100000
Sweet Home: Season 2 // 스위트홈: 시즌 2,Yes,2023-12-01,10100000,9:31,1100000
That Time I Got Reincarnated as a Slime: Season 1 // 転生したらスライムだった件: 第1期,No,,10100000,9:29,1100000
Black-ish: Season 3,No,,9800000,8:36,1100000
Power Rangers Ninja Steel: Season 2,No,,9700000,8:38,1100000
Downton Abbey: Series 3,No,,9500000,8:54,1100000
Downton Abbey: Series 6,No,,9500000,9:01,1100000
Firefly Lane: Season 1,Yes,2021-02-03,9100000,8:23,1100000
Titans: Season 1,No,2019-01-11,9100000,8:27,1100000
Bunk'd: Season 2,No,,9000000,8:01,1100000
Castle Rock: Season 1,No,,8800000,8:19,1100000
Naruto Shippuden: Season 18 // NARUTO-ナルト- 疾風伝: 忍界大戦編(6),No,,8800000,8:05,1100000
Poldark (2015): Season 1,No,,8700000,7:41,1100000
The Order: Season 1,Yes,2019-03-07,8700000,7:56,1100000
What I Like About You: Season 2,No,,8500000,7:54,1100000
The Eminence in Shadow: 1st Season // 陰の実力者になりたくて!: 1st season,No,,8300000,7:54,1100000
Hit & Run: Season 1,Yes,2021-08-06,8000000,7:15,1100000
Formula 1: Drive to Survive: Season 7,Yes,2025-03-07,7900000,7:15,1100000
Bread Barbershop: Season 1,Yes,,7600000,6:58,1100000
AMERICA'S SWEETHEARTS: Dallas Cowboys Cheerleaders: Season 2,Yes,2025-06-18,7500000,6:56,1100000
KAOS,Yes,2024-08-29,7400000,6:40,1100000
One Piece: Goodbye Going Merry // ワンピース: さよならメリー号編,No,,7400000,6:41,1100000
AMERICA'S SWEETHEARTS: Dallas Cowboys Cheerleaders: Season 1,Yes,2024-06-20,7300000,6:38,1100000
Black Clover IV // ブラッククローバー IV,No,,7300000,6:22,1100000
Grace and Frankie: Season 2,Yes,2016-05-06,7300000,6:34,1100000
Elite: Season 5 // Élite: Temporada 5,Yes,2022-04-08,6900000,6:16,1100000
St. Denis Medical: Season 1,No,,6800000,6:28,1100000
Green Eggs and Ham: Season 1,Yes,2019-11-08,6600000,6:04,1100000
Catch! Teenieping: Dessert Catch! Teenieping // 캐치! 티니핑: 새콤달콤 캐치! 티니핑,Yes,,6400000,5:37,1100000
The Leopard: Limited Series // Il Gattopardo: Miniserie,Yes,2025-03-05,6400000,5:50,1100000
Warrior Nun: Season 2,Yes,2022-11-10,6400000,5:52,1100000
Danger Force: Season 1,No,,6300000,6:00,1100000
Dead to Me: Season 2,Yes,2020-05-08,6300000,5:29,1100000
Tuiskoms: Season 1,Yes,2025-02-28,6200000,5:29,1100000
Bandidos: Season 1,Yes,2024-03-13,6100000,5:20,1100000
One Piece: Whole Cake Island ① // ワンピース: ホールケーキアイランド編①,No,,6100000,5:31,1100000
Glitch: Season 1,Yes,2016-10-14,6000000,5:18,1100000
Brainchild: Season 1,No,2018-11-02,5900000,5:10,1100000
Heweliusz: Limited Series,Yes,2025-11-05,5900000,5:12,1100000
Nurse Jackie: Season 1,No,,5900000,5:36,1100000
Snack VS. Chef: Season 1,No,2022-11-30,5900000,5:09,1100000
Spirit Rangers: Season 3,Yes,2024-04-08,5900000,5:32,1100000
One Piece: Whole Cake Island ③ // ワンピース: ホールケーキアイランド編③,No,,5800000,5:07,1100000
The Ranch: Part 3,Yes,2017-06-16,5700000,5:15,1100000
Fullmetal Alchemist: Brotherhood: Part 1 // 鋼の錬金術師 Fullmetal Alchemist: パート1,No,,5600000,5:19,1100000
Sleeping Dog: Limited Series // Schlafende Hunde: Miniserie,Yes,2023-06-22,5600000,5:12,1100000
One Piece: Whole Cake Island ② // ワンピース: ホールケーキアイランド編②,No,,5500000,5:07,1100000
Sky High: The Series: Season 1 // Hasta el cielo: La serie: Temporada 1,Yes,2023-03-17,5500000,5:11,1100000
Heartstopper: Season 3,Yes,2024-10-03,5400000,4:43,1100000
"Jack-of-All-Trades, Party of None: Season 1 // 勇者パーティを追い出された器用貧乏: シーズン1",No,,5400000,4:47,1100000
Frontier: Season 1,Yes,2017-01-20,5300000,4:37,1100000
Johnny Test: Season 2,Yes,2022-01-07,5300000,4:46,1100000
Ganglands: Season 2 // Braqueurs : La série: Saison 2,Yes,2023-02-17,5200000,4:36,1100000
The Seven Deadly Sins: Four Knights of the Apocalypse: Season 2 // 七つの大罪 黙示録の四騎士: シーズン2,Yes,2024-10-06,5200000,4:45,1100000
Türkisch für Anfänger: Staffel 1,No,,5200000,4:53,1100000
Don’t Come Home: Limited Series // อย่ากลับบ้าน: ลิมิเต็ดซีรีส์,Yes,2024-10-31,5100000,4:33,1100000
Ranma1/2: Season 1 // らんま1/2: 第1期,Yes,2024-10-05,5100000,4:39,1100000
Wistoria: Wand and Sword: Season 1 // 杖と剣のウィストリア: Season 1,No,,5100000,4:46,1100000
Schitt's Creek: Season 1,No,,5000000,4:43,1100000
The Longest Night: Season 1 // La noche más larga: Temporada 1,Yes,2022-07-08,5000000,4:32,1100000
The Tailor: Season 1 // Terzi: 1. Sezon,Yes,2023-05-02,5000000,4:45,1100000
Baby: Season 1,Yes,2018-11-30,4900000,4:29,1100000
The Rain: Season 3,Yes,2020-08-06,4900000,4:37,1100000
Naruto Shippuden: Season 17 // NARUTO-ナルト- 疾風伝: 忍界大戦編(5),No,,4700000,4:14,1100000
Phantom Pups: Season 1,Yes,2022-09-30,4600000,4:09,1100000
Dinotrux: Season 1,No,2015-08-14,4500000,3:55,1100000
Gone for Good: Limited Series // Disparu à jamais: Mini-série,Yes,2021-08-13,4400000,4:09,1100000
America: Our Defining Hours: Season 1,No,,4300000,4:04,1100000
Carmen Sandiego: Season 1,Yes,2019-01-18,4300000,3:50,1100000
One Piece: Zou ① // ワンピース: ゾウ編①,No,,4200000,3:56,1100000
Paradise PD: Part 2,Yes,2020-03-06,4200000,*,1100000
Unorthodox: Limited Series,Yes,2020-03-26,4100000,3:35,1100000
The Healing Powers of Dude: Season 1,Yes,2020-01-13,3800000,3:22,1100000
Lookism: Season 1 // 외모지상주의: 시즌 1,Yes,2022-12-08,3700000,3:21,1100000
Night Stalker: The Hunt for a Serial Killer: Limited Series,Yes,2021-01-13,3600000,3:10,1100000
North of North: Season 1,Yes,2025-04-10,3600000,3:21,1100000
Till Murder Do Us Part: Soering vs. Haysom: Limited Series,Yes,2023-11-01,3600000,3:13,1100000
Conversations with a Killer: The Jeffrey Dahmer Tapes: Season 1,Yes,2022-10-07,3400000,3:01,1100000
My Little Pony: Make Your Mark: Chapter 4,Yes,2023-06-06,3400000,3:05,1100000
Don't F**k with Cats: Hunting an Internet Killer: Limited Series,Yes,2019-12-18,3300000,3:07,1100000
The Prosecutor: Limited Series // La fiscal: Miniserie,Yes,2026-03-26,3300000,2:58,1100000
The Roast of Tom Brady,No,2024-05-05,3300000,3:04,1100000
Zenon the Farmer: Let’s Sing and Dance: Season 1 // La granja de Zenón: Canta y baila: Temporada 1,No,,3300000,3:05,1100000
American Manhunt: The Boston Marathon Bombing: Limited Series,Yes,2023-04-12,3200000,2:58,1100000
Benidorm (2007): Season 2,No,,3200000,2:59,1100000
The Great War (2023),No,,3100000,2:48,1100000
Surviving Black Hawk Down: Limited Series,Yes,2025-02-10,3000000,2:37,1100000
F is for Family: Season 1,Yes,2015-12-18,2900000,2:43,1100000
50 Seconds: The Fernando Báez Sosa Case: Limited Series // 50 segundos: El caso Fernando Báez Sosa: Miniserie,Yes,2025-11-13,2800000,2:31,1100000
Aftershock: Everest and the Nepal Earthquake: Limited Series,Yes,2022-10-06,2800000,2:30,1100000
Waco: American Apocalypse: Limited Series,Yes,2023-03-22,2700000,2:22,1100000
"WWE SmackDown: January 9, 2026",No,2026-01-09,2700000,2:18*,1100000
Spirit Riding Free: Season 4,No,2018-03-16,2600000,2:22,1100000
Ask the StoryBots: Season 1,Yes,2016-08-12,2500000,2:14,1100000
"WWE SmackDown: March 6, 2026",No,2026-03-06,2500000,2:13*,1100000
You vs. Wild: Season 1,No,2025-01-23,2500000,2:12,1100000
LOL House of Surprises: Season 1,Yes,,2400000,2:15,1100000
The Puppet Master: Hunting the Ultimate Conman: Limited Series,Yes,2022-01-18,2400000,2:09,1100000
Headspace Guide to Sleep: Season 1,Yes,2021-04-28,2300000,2:10,1100000
"WWE SmackDown: January 2, 2026",No,2026-01-02,2300000,2:11*,1100000
"WWE SmackDown: March 13, 2026",No,2026-03-13,2300000,2:03*,1100000
2026 World Baseball Classic Quarterfinals: Dominican Republic vs. Korea // 2026 ワールドベースボールクラシック: 準々決勝 ドミニカ共和国 対 韓国,No,2026-03-13,2000000,*,1100000
Gabriel Iglesias: Legend of Fluffy,No,2025-01-06,1800000,1:42,1100000
The Hot Seat // Dans la Sauce,No,2026-06-03,1700000,1:31,1100000
Zanmang Loopy: Season 1 // 잔망루피: 시즌1,No,,500000,0:28,1100000
Mighty Little Bheem: I Love Taj Mahal,Yes,2022-05-30,400000,0:21,1100000
Love in the Clouds: Season 1 // 入青雲: 第 1 季 // 入青云: 第 1 季,No,,28100000,27:16,1000000
Naruto Shippuden: Season 20 // NARUTO-ナルト- 疾風伝: 忍界大戦編(7),No,,25100000,25:25,1000000
One Piece: Fishman Island // ワンピース: 魚人島編,No,,22600000,*,1000000
One Piece: Marineford // ワンピース: マリンフォード編,No,,21700000,*,1000000
Captain Tsubasa: Season 1 // キャプテン翼: シーズン1,No,,20500000,21:10,1000000
The King: Eternal Monarch: Season 1 // 더 킹: 영원의 군주: 시즌 1,Yes,2020-04-17,20100000,19:24,1000000
Grey's Anatomy: Season 15,No,,18000000,17:54,1000000
Grey's Anatomy: Season 14,No,,17900000,17:03,1000000
ER (1994): Season 2,No,,16900000,16:31,1000000
Hawaii Five-0: Season 1,No,,16900000,17:10,1000000
Hospital Playlist: Season 1 // 슬기로운 의사생활: 시즌 1,Yes,2020-03-12,16800000,17:09,1000000
Stargate SG-1: Season 5,No,,16500000,16:13,1000000
Dynasty: Season 1,Yes,2017-10-12,16200000,15:28,1000000
JoJo's Bizarre Adventure: Diamond Is Unbreakable // ジョジョの奇妙な冒険: ダイヤモンドは砕けない,Yes,2017-03-31,15800000,15:27,1000000
The Flash (2014): Season 5,No,,15700000,15:29,1000000
Scandal (2012): Season 2,No,,15500000,15:52,1000000
Stargate SG-1: Season 6,No,,15300000,16:06,1000000
Locked Up: Season 2 // Vis a vis: Temporada 2,No,2016-11-14,15200000,*,1000000
Riverdale: Season 3,No,2018-10-11,14800000,15:29,1000000
JoJo's Bizarre Adventure: STONE OCEAN // ジョジョの奇妙な冒険: ストーンオーシャン,Yes,2021-12-01,14600000,15:15,1000000
Grey's Anatomy: Season 16,No,,14500000,15:02,1000000
"Better Than Us: Season 1 // Лучше, чем люди: 1 сезон",Yes,2019-08-16,14200000,13:54,1000000
One Tree Hill: Season 4,No,,14100000,14:41,1000000
Love Is Blind: S9: Denver,No,2025-10-01,14000000,13:39,1000000
You and Everything Else: Limited Series // 은중과 상연: 리미티드 시리즈,Yes,2025-09-12,14000000,14:33,1000000
Orange Is the New Black: Season 6,Yes,2018-07-27,13600000,13:07,1000000
"One Piece: The ""Water Seven"" Chapter // ワンピース: ウォーターセブン編",No,,13500000,13:44,1000000
Sisters' Feud: Season 1 // Las hermanas Guerra: Temporada 1,Yes,2024-11-13,12700000,12:37,1000000
13 Reasons Why: Season 3,Yes,2019-08-23,12300000,12:27,1000000
Gyeongseong Creature: Season 1 // 경성크리처: 시즌 1,Yes,2023-12-22,11200000,11:32,1000000
All American: Season 1,No,,11100000,11:17,1000000
Octonauts: Season 1,No,,10800000,*,1000000
The Cook of Castamar: Season 1 // La cocinera de Castamar: Temporada 1,No,2021-04-08,10700000,10:49,1000000
Martin: Season 2,No,,10400000,10:15,1000000
Les Sisters: Season 2,No,,10100000,10:08,1000000
Go! Live Your Way: Season 1 // GO! Vive a tu manera: Temporada 1,No,2019-02-21,10000000,9:55,1000000
Martin: Season 1,No,,10000000,10:10,1000000
Martin: Season 3,No,,9900000,10:03,1000000
That Time I Got Reincarnated as a Slime: Season 2 // 転生したらスライムだった件: 第2期,No,,9900000,9:29,1000000
"Nicky, Ricky, Dicky & Dawn: Season 3",No,,9500000,9:05,1000000
Naruto Shippuden: Season 8 // NARUTO-ナルト- 疾風伝: ペイン来襲編,No,,9400000,9:14,1000000
Parenthood (2010): Season 1,No,,9400000,9:25,1000000
The Seven Deadly Sins: Four Knights of the Apocalypse: Season 1 // 七つの大罪 黙示録の四騎士: シーズン1,Yes,2023-10-08,9400000,9:31,1000000
One Piece: Sabaody Archipelago // ワンピース: シャボンディ諸島編,No,,9200000,*,1000000
Celebrity: Limited Series // 셀러브리티: 리미티드 시리즈,Yes,2023-06-30,9100000,8:59,1000000
Downton Abbey: Series 5,No,,9100000,8:56,1000000
Too Hot to Handle: Season 6,No,2024-07-19,9100000,9:11,1000000
Downton Abbey: Series 4,No,,9000000,8:53,1000000
Landman: Season 1,No,,9000000,9:09,1000000
One Piece: Sky Island: The Golden Bell // ワンピース: 空島・黄金の鐘編,No,,8900000,8:39,1000000
The Last Ship: Season 2,No,,8800000,9:06,1000000
One Hundred Years of Solitude: Part 1 // Cien años de soledad: Parte 1,Yes,2024-12-11,8700000,8:36,1000000
Remarriage & Desires: Season 1 // 블랙의 신부: 시즌 1,Yes,2022-07-15,8700000,8:18,1000000
Battle Camp: Season 1,No,2025-04-23,8600000,8:51,1000000
Greatest Events of WWII in Colour: Season 1,Yes,2019-11-08,8600000,8:23,1000000
Sneaky Pete: Season 1,No,,8500000,8:36,1000000
Black-ish: Season 4,No,,8400000,8:34,1000000
Mr. Hiiragi’s Homeroom: Season 1 // 3年A組 －今から皆さんは、人質です－: シーズン1,Yes,,8300000,8:06,1000000
The Umbrella Academy: Season 2,Yes,2020-07-31,8300000,7:56,1000000
The Fall of the House of Usher: Limited Series,Yes,2023-10-12,8200000,8:17,1000000
timelesz project -REAL-: Season 1,Yes,,8200000,8:31,1000000
The Beginning After the End: Season 1 // 最強の王様、二度目の人生は何をする?: シーズン1,No,,8100000,*,1000000
One Piece: The Foxy Pirate Crew // ワンピース: フォクシー海賊団編,No,,8000000,8:14,1000000
Top Boy: Season 2,Yes,2022-03-18,8000000,7:41,1000000
The Dublin Murders: Season 1,No,,7900000,7:37,1000000
A Series of Unfortunate Events: Season 2,Yes,2018-03-30,7800000,7:37,1000000
Snowpiercer: Season 1,No,2020-05-25,7500000,7:53,1000000
The Decameron: Limited Series,Yes,2024-07-25,7500000,7:21,1000000
The Forsyte Saga (2002): Season 1,No,,7400000,7:13,1000000
Another Life: Season 1,Yes,2019-07-25,7300000,7:35,1000000
BoJack Horseman: Season 6,Yes,2019-10-25,7200000,7:03,1000000
Fauda: Season 1 // פאודה: עונה 1,Yes,2016-12-02,7200000,7:25,1000000
Georgie & Mandy's First Marriage: Season 1,No,,7000000,7:04,1000000
In From the Cold: Season 1,Yes,2022-01-28,6800000,6:44,1000000
Doona!: Season 1 // 이두나!: 시즌 1,Yes,2023-10-20,6700000,7:00,1000000
Too Much: Season 1,Yes,2025-07-10,6700000,6:45,1000000
Locked Up: Season 3 // Vis a vis: Temporada 3,No,2019-08-30,6600000,6:29,1000000
Grace and Frankie: Season 3,Yes,2017-03-24,6500000,6:19,1000000
Locked Up: Season 4 // Vis a vis: Temporada 4,No,2019-09-25,6500000,6:43,1000000
The American Experiment: Season 1,Yes,2026-06-24,6500000,6:12,1000000
The Boss Baby: Back in the Crib: Season 2,Yes,2023-04-13,6500000,6:30,1000000
Burn the House Down: Season 1 // 御手洗家、炎上する: シーズン1,Yes,2023-07-13,6300000,6:27,1000000
Grace and Frankie: Season 4,Yes,2018-01-19,6300000,6:29,1000000
The Helicopter Heist: Limited Series // Helikopterrånet: Miniserie,Yes,2024-11-22,6200000,6:00,1000000
Welcome to Eden: Season 2 // Bienvenidos a Edén: Temporada 2,Yes,2023-04-21,6100000,6:06,1000000
Broadchurch: Season 2,No,,6000000,6:07,1000000
The Sinner: Season 2: Julian,No,2018-11-08,5900000,5:52,1000000
Girl from Nowhere: Season 2 // เด็กใหม่: ซีซั่น 2,Yes,2021-05-07,5800000,6:01,1000000
The Umbrella Academy: Season 4,Yes,2024-08-08,5700000,5:40,1000000
The Asunta Case: Limited Series // El caso Asunta: Miniserie,Yes,2024-04-26,5600000,5:25,1000000
Dead to Me: Season 3,Yes,2022-11-17,5500000,5:23,1000000
One Piece: Island of Women // ワンピース: 女ヶ島編,No,,5500000,5:29,1000000
The Magic School Bus: Season 1,No,,5500000,5:38,1000000
The Ranch: Part 4,Yes,2017-12-15,5500000,5:23,1000000
Abraham Lincoln: Season 1,No,,5400000,5:17,1000000
Benidorm (2007): Season 3,No,,5300000,5:21,1000000
One Piece: Whole Cake Island ④ // ワンピース: ホールケーキアイランド編④,No,,5300000,5:07,1000000
One Piece: Whole Cake Island ⑤ // ワンピース: ホールケーキアイランド編⑤,No,,5300000,5:31,1000000
Paradise PD: Part 3,Yes,2021-03-12,5300000,*,1000000
Romantic Killer: Season 1 // ロマンティック・キラー: シーズン1,Yes,2022-10-27,5300000,5:22,1000000
Sanctuary: A Witch's Tale: Season 1,No,,5300000,5:23,1000000
The Woods: Season 1 // W głębi lasu: Sezon 1,Yes,2020-06-12,5300000,5:09,1000000
Hilda: Season 1,Yes,2018-09-21,5200000,5:13,1000000
"Nicky, Ricky, Dicky & Dawn: Season 4",No,,5200000,5:18,1000000
Schitt's Creek: Season 5,No,,5200000,5:07,1000000
Galinha Pintadinha Mini: Season 2,No,,5100000,5:12,1000000
Selling The OC: Season 4,No,2025-11-12,5100000,5:09,1000000
Wonderoos: Season 1,Yes,2024-07-15,5000000,4:52,1000000
Soul Mate: Limited Series // ソウルメイト: リミテッドシリーズ,Yes,2026-05-14,4900000,5:09,1000000
Who Were We Running From?: Limited Series // Biz Kimden Kaçıyorduk Anne?: Mini Dizi,Yes,2023-03-24,4900000,4:49,1000000
Atypical: Season 2,Yes,2018-09-07,4800000,5:02,1000000
Campfire Cooking in Another World with My Absurd Skill // とんでもスキルで異世界放浪メシ: シーズン1,No,,4800000,4:47,1000000
Disenchantment: Part 5,Yes,2023-09-01,4800000,4:41,1000000
SHIBOYUGI: Playing Death Games to Put Food on the Table: Season 1 // 死亡遊戯で飯を食う。: シーズン1,Yes,,4800000,4:53,1000000
The Good Place: Season 3,No,2018-09-28,4700000,4:48,1000000
Workin' Moms: Season 2,Yes,2019-01-04,4700000,4:48,1000000
All the Sharks: Season 1,Yes,2025-07-04,4600000,4:27,1000000
Barbarians II // Barbaren II,Yes,2022-10-21,4600000,4:49,1000000
Spirit Rangers: Season 1,Yes,2022-10-10,4600000,4:49,1000000
Trotro,No,,4600000,4:38,1000000
Fireman Sam: Season 15,No,,4500000,4:24,1000000
Hero Without a Class: Who Even Needs Skills?!: Season 1 // 無職の英雄～別にスキルなんか要らなかったんだが～: シーズン 1,No,,4500000,4:44,1000000
I AM A KILLER: Season 5,Yes,2024-10-16,4500000,4:42,1000000
No Good Deed: Season 1,Yes,2024-12-12,4500000,4:33,1000000
One Piece: Zou ② // ワンピース: ゾウ編②,No,,4500000,4:20,1000000
Retirement Home: Season 1 // Maison de retraite: Saison 1,No,,4500000,4:31,1000000
The Walking Dead: Dead City: Season 1,No,,4500000,4:22,1000000
Thomas Jefferson (2025): Season 1,No,,4500000,4:18,1000000
A Nearly Normal Family: Limited Series // En helt vanlig familj: Miniserie,Yes,2023-11-24,4400000,4:32,1000000
Hack My Home: Season 1,No,2023-07-07,4400000,4:33,1000000
One Piece: The Naval Fortress // ワンピース: 海軍要塞編,No,,4400000,4:20,1000000
One Piece: Zou ③ // ワンピース: ゾウ編③,No,,4400000,4:20,1000000
Pokémon Ultimate Journeys: The Series: Part 1,No,2022-10-21,4400000,4:25,1000000
Trailer Park Boys: Season 8,Yes,2014-09-04,4400000,4:21,1000000
Word Party Presents: Math!: Season 1,Yes,2021-12-28,4400000,4:26,1000000
Roosters: Season 2 // Haantjes: Seizoen 2,Yes,2026-05-13,4200000,4:25,1000000
All the Light We Cannot See: Limited Series,Yes,2023-11-02,4000000,3:50,1000000
Home for Christmas: Season 3 // Hjem til jul: Sesong 3,Yes,2025-12-12,4000000,4:08,1000000
Bad Boy Billionaires: India: Limited Series,Yes,2020-10-04,3900000,3:47,1000000
Pokémon Horizons: Season 3: Rising Hope: Part 2,No,2026-03-20,3900000,3:44,1000000
The Hollow: Season 1,Yes,2018-06-08,3900000,4:01,1000000
Wizards: Tales of Arcadia: Season 1,Yes,2020-08-07,3900000,4:00,1000000
Glitch Techs: Season 1,Yes,2020-02-21,3800000,3:57,1000000
Survival of the Thickest: Season 1,Yes,2023-07-13,3700000,3:36,1000000
The Åre Murders: Season 1 // Åremorden: Säsong 1,Yes,2025-02-06,3700000,3:38,1000000
Dandelion: Season 1 // だんでらいおん: シーズン1,Yes,2026-04-16,3500000,3:27,1000000
MARINES: Season 1,Yes,2025-11-10,3300000,3:14,1000000
Elize Matsunaga: Once Upon a Crime: Season 1 // Elize Matsunaga: Era Uma Vez Um Crime: Temporada 1,Yes,2021-07-08,3200000,3:20,1000000
Attack on London: Hunting The 7/7 Bombers: Limited Series,Yes,2025-07-01,3100000,3:02,1000000
The Perfect Mother: Season 1 // Une mère parfaite,Yes,2022-06-03,3100000,3:12,1000000
Earthstorm: Season 1,Yes,2022-10-27,3000000,3:06,1000000
Mighty Express: Season 7,Yes,2022-08-29,3000000,3:09,1000000
The Chosen Adventures: Season 1,No,,2900000,2:53,1000000
After Life: Season 2,Yes,2020-04-24,2800000,2:52,1000000
Captivated: Season 1,No,,2800000,2:50,1000000
Caught in the Web: The Murders Behind Zona Divas: Limited Series // El portal: La historia oculta de Zona Divas: Miniserie,Yes,2024-09-05,2700000,2:48,1000000
WWE Night of Champions: Night of Champions 2026,No,2026-06-27,2700000,2:30*,1000000
Bad Surgeon: Love Under the Knife: Season 1,Yes,2023-11-29,2600000,2:40,1000000
Word Party: Season 2,Yes,2016-10-21,2600000,2:39,1000000
2026 World Baseball Classic: Semifinals 1: Dominican Republic vs. United States // 2026 ワールドベースボールクラシック: 準決勝1 ドミニカ共和国 対 アメリカ,No,2026-03-15,2400000,*,1000000
Life in Colour with David Attenborough: Limited Series,Yes,2021-04-22,2400000,2:22,1000000
Benidorm (2007): Season 1,No,,2300000,2:13,1000000
My Little Pony: Make Your Mark: Chapter 5,Yes,2023-09-18,2300000,2:19,1000000
"WWE SmackDown: April 24, 2026",No,2026-04-24,2300000,2:08*,1000000
Prey (2014): Season 1,No,,2200000,2:18,1000000
"WWE SmackDown: January 16, 2026",No,2026-01-16,2200000,2:07*,1000000
"WWE SmackDown: February 6, 2026",No,2026-02-06,2200000,2:06*,1000000
"WWE SmackDown: February 13, 2026",No,2026-02-13,2200000,2:05*,1000000
"WWE SmackDown: March 20, 2026",No,2026-03-20,2200000,2:04*,1000000
"WWE SmackDown: March 27, 2026",No,2026-03-27,2200000,2:01*,1000000
"WWE SmackDown: April 3, 2026",No,2026-04-03,2200000,2:06*,1000000
"WWE SmackDown: April 10, 2026",No,2026-04-10,2200000,2:06*,1000000
"WWE SmackDown: February 20, 2026",No,2026-02-20,2100000,2:05*,1000000
"WWE SmackDown: May 1, 2026",No,2026-05-01,2100000,2:05*,1000000
Physical: Welcome to Mongolia: Season 1 // 피지컬: 웰컴 투 몽골: 시즌 1,No,,2000000,1:55,1000000
"Raw: December 29, 2025",No,2025-12-29,1700000,1:44*,1000000
RESIDENT EVIL: Infinite Darkness: Season 1,Yes,2021-07-08,1700000,1:47,1000000
Star Search: Meet Your Competition,No,2026-01-27,1300000,1:18,1000000
Leanne Morgan: Unspeakable Things,No,2025-11-04,1100000,1:05,1000000
Free Rein: The Twelve Neighs of Christmas,Yes,2018-12-07,1000000,0:58,1000000
Aaron Chen: Funny Garden,No,2026-03-31,800000,0:46,1000000
A Go! Go! Cory Carson Summer Camp,Yes,2020-08-04,400000,0:24,1000000
True: Happy Hearts Day,Yes,2019-02-01,400000,0:23,1000000
True: Wuzzle Wegg Day,Yes,2020-03-27,400000,0:23,1000000
Sin senos sí hay paraíso: Season 1,No,,56000000,65:14,900000
I am Solo: Part 29 - 32 // 나는 솔로: 29기-32기,No,,49900000,53:54,900000
One Piece: Dressrosa // ワンピース: ドレスローザ編,No,,40700000,46:26,900000
Chef & My Fridge: 2026 // 냉장고를 부탁해: 2026,No,,28300000,*,900000
The Princess Royal: Season 1 // 度華年: 第1季 // 度华年: 第1季,No,,27400000,30:51,900000
Hajime no Ippo: The Fighting!: Season 1 // はじめの一歩: シーズン1,No,,25800000,30:18,900000
One Piece: Punk  Hazard // ワンピース: パンクハザード編,No,,19400000,*,900000
It's Okay to Not Be Okay: Season 1 // 사이코지만 괜찮아: 시즌 1,Yes,2020-06-20,19200000,20:16,900000
Inheritors: Limited Series // 상속자들: 리미티드 시리즈,Yes,,18000000,19:48,900000
Crash Course in Romance: Limited Series // 일타 스캔들: 리미티드 시리즈,Yes,2023-01-14,17000000,19:27,900000
Doctors: Limited Series // 닥터스: 리미티드 시리즈,Yes,,17000000,19:43,900000
Itaewon Class: Season 1 // 이태원 클라쓰: 시즌 1,Yes,2020-01-31,16800000,18:26,900000
Our Generation: Season 1 // 櫻桃琥珀: 第 1 季 // 樱桃琥珀: 第 1 季,Yes,,16200000,18:23,900000
Pokémon The Series: XY: XY // ポケットモンスター XY: 1-48,No,,16200000,*,900000
Miss Night and Day: Limited Series // 낮과 밤이 다른 그녀: 리미티드 시리즈,Yes,2024-06-15,16100000,17:13,900000
One Piece: Thriller Bark // ワンピース: スリラーバーク編,No,,16000000,17:43,900000
ER (1994): Season 3,No,,14600000,16:41,900000
Law & Order (1990): Season 22,No,,14400000,15:17,900000
Stargate SG-1: Season 7,No,,14100000,16:07,900000
Oh My Venus: Limited Series // 오 마이 비너스: 리미티드 시리즈,No,,13800000,15:57,900000
Little Women: Limited Series // 작은 아씨들: 리미티드 시리즈,No,2022-09-03,13400000,14:45,900000
Heavenly Ever After: Limited Series // 천국보다 아름다운: 리미티드 시리즈,Yes,2025-04-19,13100000,14:42,900000
Orange Is the New Black: Season 7,Yes,2019-07-26,13000000,13:48,900000
The Uncanny Counter: Season 2: Counter Punch // 경이로운 소문: 시즌 2: 카운터 펀치,Yes,2023-07-29,12900000,13:44,900000
Grey's Anatomy: Season 18,No,,12500000,14:07,900000
One Piece: Impel Down // ワンピース: インペルダウン編,No,,12500000,14:32,900000
Desperate Lies: Season 1 // Pedaço de Mim: Temporada 1,Yes,2024-07-05,12400000,13:33,900000
Grey's Anatomy: Season 19,No,,12400000,14:19,900000
Daily Dose of Sunshine: Season 1 // 정신병동에도 아침이 와요: 시즌 1,Yes,2023-11-03,11400000,12:57,900000
Scandal (2012): Season 3,No,,11200000,12:55,900000
Single’s Inferno: Season 2 // 솔로지옥: 시즌 2,No,2022-12-13,11200000,12:10,900000
Grey's Anatomy: Season 17,No,,10400000,12:06,900000
Naruto Shippuden: Season 15 // NARUTO-ナルト- 疾風伝: 忍界大戦編(4),No,,9900000,10:47,900000
Melo Movie: Limited Series // 멜로무비: 리미티드 시리즈,Yes,2025-02-14,9700000,10:17,900000
PJ Masks: Season 2,Yes,,9300000,10:28,900000
Monster High (2022): Season 1,No,,9200000,9:48,900000
Neon Genesis Evangelion: Season 1 // 新世紀エヴァンゲリオン: シーズン1,Yes,,9200000,10:08,900000
La Grande Maison Tokyo: Season 1 // グランメゾン東京: シーズン１,No,,9100000,9:47,900000
WITCH WATCH: Season 1 // ウィッチウォッチ: シーズン1,Yes,,9100000,10:05,900000
Turning Point: The Bomb and the Cold War: Season 1,Yes,2024-03-12,9000000,10:17,900000
Naruto Shippuden: Season 10 // NARUTO-ナルト- 疾風伝: 五影編,No,,8800000,9:37,900000
Türkisch für Anfänger: Staffel 2,No,,8800000,9:46,900000
Poldark (2015): Season 2,No,,8700000,9:38,900000
Good Girls: Season 2,No,2019-05-31,8500000,9:09,900000
Kurukshetra: The Great War of Mahabharata: Season 1 // कुरुक्षेत्र: सीज़न 1,Yes,2025-10-10,8400000,8:56,900000
Wrong Side of the Tracks: Season 1 // Entrevías: Temporada 1,Yes,2022-05-20,8300000,9:38,900000
Naruto: Season 6 // NARUTO-ナルト-: オリジナル編1,No,,8200000,9:37,900000
Queen of the South: Season 2,No,,8200000,8:54,900000
Yellowjackets: Season 1,No,,8200000,9:38,900000
Power Rangers Ninja Steel: Season 1,No,,8100000,8:38,900000
The King of Queens: Season 2,No,,8000000,9:14,900000
Kyojo: Kazama Kimichika: Kyojo Zero // 教場: 風間公親―教場0―,No,,7900000,9:01,900000
99.9 Criminal Lawyer: Season 1 // 99.9-刑事専門弁護士-: シーズン1,No,,7700000,8:46,900000
What I Like About You: Season 3,No,,7600000,8:30,900000
Chilling Adventures of Sabrina: Part 2,Yes,2019-04-05,7500000,8:45,900000
The Umbrella Academy: Season 3,Yes,2022-06-22,7500000,8:09,900000
Designated Survivor: Season 3,Yes,2019-06-07,7400000,8:24,900000
Poldark (2015): Season 3,No,,7400000,8:38,900000
First Love: Season 1 // First Love 初恋: シーズン1,Yes,2022-11-24,7300000,8:11,900000
One Piece: CP9 // ワンピース: CP9編,No,,7300000,7:45,900000
Black-ish: Season 5,No,,7000000,8:13,900000
Castle Rock: Season 2,No,,7000000,8:03,900000
Insatiable: Season 2,Yes,2019-10-11,7000000,7:28,900000
The Marked Heart: Season 2 // Pálpito: Temporada 2,Yes,2023-04-19,7000000,7:54,900000
TURN: Washington's Spies: Season 1,No,,7000000,7:33,900000
Bella and the Bulldogs: Season 1,No,,6900000,7:30,900000
Bodies: Limited Series,Yes,2023-10-19,6900000,7:38,900000
Naruto Shippuden: Season 2 // NARUTO-ナルト- 疾風伝: サスケ再会編,No,,6900000,8:06,900000
Say Yes to the Dress: Season 20,No,,6700000,7:48,900000
Chesapeake Shores: Season 1,No,,6600000,7:20,900000
Grey's Anatomy: Season 20,No,,6600000,7:11,900000
Sanctuary: Season 1 // サンクチュアリ -聖域-: シーズン1,Yes,2023-05-04,6600000,6:59,900000
Elite: Season 6 // Élite: Temporada 6,Yes,2022-11-18,6300000,6:52,900000
Who Killed Sara?: Season 1 // ¿Quién mató a Sara?: Temporada 1,Yes,2021-03-24,6300000,6:43,900000
Interview with the Vampire: Season 2,No,,6200000,6:47,900000
Sweet Tooth: Season 2,Yes,2023-04-27,6200000,7:00,900000
The Imperfects: Season 1,Yes,2022-09-08,6200000,7:09,900000
Beyond Goodbye: Limited Series // さよならのつづき: リミテッドシリーズ,Yes,2024-11-14,6000000,6:23,900000
Cleo & Cuquin: Season 1,No,,6000000,6:28,900000
First Kill: Season 1,Yes,2022-06-10,6000000,6:35,900000
Halo: Season 2,No,,6000000,7:02,900000
Grace and Frankie: Season 5,Yes,2019-01-18,5900000,6:22,900000
Bunk'd: Season 3,No,,5600000,6:11,900000
Grace and Frankie: Season 6,Yes,2020-01-15,5600000,6:35,900000
Katla: Season 1,Yes,2021-06-17,5600000,6:06,900000
Resident Alien: Season 3,No,,5600000,5:56,900000
Broadchurch: Season 3,No,,5500000,6:10,900000
The Silent Sea: Season 1 // 고요의 바다: 시즌 1,Yes,2021-12-24,5500000,6:03,900000
Barbecue Showdown: Season 3,No,2024-07-04,5400000,5:58,900000
Senna: Limited Series,Yes,2024-11-29,5400000,6:21,900000
Sweet Tooth: Season 3,Yes,2024-06-06,5400000,6:18,900000
Daughter From Another Mother: Season 1 // Madre solo hay dos: Temporada 1,Yes,2021-01-20,5200000,5:47,900000
Pocoyo: Season 3 // Pocoyó: Temporada 3,No,,5200000,6:05,900000
Making Fun: Season 1,No,2022-03-04,5100000,5:28,900000
Triptych: Season 1 // Tríada: Temporada 1,Yes,2023-02-22,5100000,5:42,900000
Benidorm (2007): Season 4,No,,5000000,5:29,900000
Galinha Pintadinha Mini: Season 1,No,,5000000,5:16,900000
Mr. McMahon: Limited Series,Yes,2024-09-25,5000000,5:46,900000
Benidorm (2007): Season 5,No,,4900000,5:25,900000
Brotherhood: Season 2 // Irmandade: Temporada 2,Yes,2022-05-11,4900000,5:10,900000
Red Rose: Limited Series,Yes,2023-02-15,4900000,5:35,900000
Horimiya: The Missing Pieces // ホリミヤ -piece-,No,,4800000,5:12,900000
Nurse Jackie: Season 2,No,,4800000,5:35,900000
The Magic School Bus Rides Again: Season 1,Yes,2017-09-29,4800000,5:30,900000
Top Boy: Season 3,Yes,2023-09-07,4800000,5:05,900000
A Series of Unfortunate Events: Season 3,Yes,2019-01-01,4700000,5:30,900000
Atypical: Season 3,Yes,2019-11-01,4700000,5:23,900000
Charlie's Colorforms City: Colorforms City,Yes,2019-03-22,4700000,5:19,900000
Floor Is Lava: Season 1,No,2020-06-19,4700000,5:06,900000
Mob Psycho 100 (2016): Season 1 // モブサイコ100: シーズン1,No,,4700000,*,900000
Overlord II // オーバーロード II,No,,4700000,5:08,900000
Painkiller: Limited Series,Yes,2023-08-10,4700000,4:59,900000
Princess Power: Season 2,Yes,2023-10-23,4700000,5:12,900000
Schitt's Creek: Season 6,No,,4700000,5:13,900000
A Thousand Tomorrows: Season 1,No,,4600000,5:24,900000
Baby Bandito: Season 1,Yes,2024-01-31,4600000,5:11,900000
The Ranch: Part 5,Yes,2018-06-15,4600000,5:01,900000
The Spy: Limited Series,Yes,2019-09-06,4600000,5:18,900000
Kung Fu Panda: The Dragon Knight: Season 2,Yes,2023-01-12,4500000,5:15,900000
Mandala Murders: Season 1 // मंडला मर्डर्स: सीज़न 1,Yes,2025-07-25,4500000,5:10,900000
MF Ghost: Season 3 // MFゴースト: シーズン3,No,,4500000,5:08,900000
Savage Beauty: Season 1,Yes,2022-05-12,4500000,5:08,900000
Summer ’36: Limited Series // L'Été 36: Saison unique,No,,4500000,5:04,900000
The Town: Limited Series // Kasaba: Mini Dizi,Yes,2025-12-11,4500000,5:00,900000
BEASTARS: Season 2,Yes,2021-01-05,4400000,4:43,900000
Critical: Between Life and Death: Season 1,Yes,2025-07-23,4400000,4:41,900000
Dew Drop Diaries: Season 2,Yes,2023-12-04,4400000,4:51,900000
Overlord IV // オーバーロードⅣ,No,,4400000,5:09,900000
The Hunt: Season 1 // Een van Ons: Seizoen 1,No,,4400000,4:49,900000
Bake Squad: Season 2,No,2023-01-20,4300000,4:55,900000
Johnny Test: Season 1,Yes,2021-07-16,4300000,4:44,900000
Kim's Convenience: Season 2,No,,4300000,4:45,900000
Santa Clarita Diet: Season 1,Yes,2017-02-03,4300000,4:44,900000
Unsolved Mysteries: Volume 1,Yes,2020-07-01,4300000,4:44,900000
Woman of the Dead: Season 1 // Totenfrau: Staffel 1,Yes,2022-11-15,4300000,4:33,900000
Dracula: Season 1,Yes,2020-01-04,4200000,4:26,900000
Schitt's Creek: Season 2,No,,4200000,4:44,900000
Subteran: Season 1,Yes,2025-01-08,4200000,4:29,900000
Workin' Moms: Season 3,Yes,2019-08-29,4200000,4:48,900000
My Family: Season 1 // Storia della mia famiglia: Stagione 1,Yes,2025-02-19,4100000,4:31,900000
Pokémon Master Journeys: The Series: Part 1,No,2021-09-10,4100000,4:25,900000
Strip Law: Season 1,Yes,2026-02-20,4100000,4:27,900000
My Dad the Bounty Hunter: Season 2,Yes,2023-08-17,4000000,4:23,900000
My Family: Season 2 // Storia della mia famiglia: Stagione 2,Yes,2026-06-10,4000000,4:14,900000
The New Legends of Monkey: Season 1,Yes,2018-04-27,4000000,4:20,900000
FDR: Season 1,No,,3900000,4:18,900000
How to Win the Lottery: Season 1 // Me late que sí: Temporada 1,No,2025-11-14,3900000,4:16,900000
Kotaro Lives Alone: Season 1 // コタローは1人暮らし: シーズン1,Yes,2022-03-10,3900000,4:33,900000
Young Royals: Season 1,Yes,2021-07-01,3900000,4:33,900000
1992: Season 1,Yes,2024-12-13,3800000,4:27,900000
LEGO® Friends The Next Chapter: Season 1,No,,3800000,4:12,900000
The Signal: Limited Series // Das Signal: Limited Series,Yes,2024-03-07,3800000,4:09,900000
"Juan Gabriel: I Must, I Can, I Will: Limited Series // Juan Gabriel: Debo, puedo y quiero: Miniserie",Yes,2025-10-30,3700000,4:05,900000
"Love, Death & Robots: Volume 1",Yes,2019-03-15,3600000,3:56,900000
AIR: All India Rankers: Season 1,Yes,,3500000,4:07,900000
Crime Scene: The Vanishing at the Cecil Hotel: Limited Series,Yes,2021-02-10,3500000,3:42,900000
Exploding Kittens: Season 1,Yes,2024-07-12,3500000,3:51,900000
Kipo and the Age of Wonderbeasts: Season 1,Yes,2020-01-14,3500000,4:02,900000
That '90s Show: Part 1,Yes,2023-01-19,3500000,3:56,900000
The Dragon Prince: Season 1,Yes,2018-09-14,3500000,3:57,900000
Trailer Park Boys: Season 9,Yes,2015-03-26,3500000,4:06,900000
Ushijima The Loan Shark: Season 1 // 闇金ウシジマくん: シーズン1,No,,3500000,3:54,900000
Bank Under Siege: Limited Series // Asalto al Banco Central: Limited Series,Yes,2024-11-08,3400000,3:36,900000
Spirit Riding Free: Riding Academy: Part 2,Yes,2020-09-04,3400000,3:38,900000
God's Favorite Idiot: Season 1,Yes,2022-06-15,3300000,3:34,900000
Ask the StoryBots: Season 2,Yes,2018-08-24,3100000,3:31,900000
Sky Rojo: Season 1,Yes,2021-03-19,3100000,3:33,900000
You Are What You Eat: A Twin Experiment: Limited Series,Yes,2024-01-01,3100000,3:20,900000
"Boo, Bitch: Limited Series",Yes,2022-07-08,3000000,3:22,900000
Colin in Black & White: Limited Series,Yes,2021-10-29,3000000,3:12,900000
"The Program: Cons, Cults and Kidnapping: Limited Series",Yes,2024-03-05,3000000,3:12,900000
Queen Cleopatra: Limited Series,Yes,2023-05-10,2800000,3:01,900000
Conversations with a Killer: The Son of Sam Tapes: Season 1,Yes,2025-07-30,2600000,2:54,900000
Spirit Riding Free: Season 5,No,2018-05-11,2600000,2:45,900000
The End of the F***ing World: Season 2,Yes,2019-11-05,2600000,2:51,900000
Alkhallat+: The Series: Desert Rules // +مسلسل الخلاط: الصحراء لا تفاوض,Yes,2026-04-02,2500000,2:54,900000
Amandaland: Season 1,No,,2500000,2:53,900000
I Am Not Okay With This: Season 1,Yes,2020-02-26,2500000,2:39,900000
Live to 100: Secrets of the Blue Zones: Limited Series,Yes,2023-08-30,2400000,2:39,900000
Catching Killers: Season 1,Yes,2021-11-04,2300000,2:32,900000
Catching Killers: Season 2,Yes,2022-02-09,2300000,2:29,900000
Victoria Beckham: Limited Series,Yes,2025-10-09,2200000,2:25,900000
"WWE SmackDown: April 17, 2026",No,2026-04-17,2200000,2:15*,900000
"Love, Death & Robots: Volume 3",Yes,2022-05-20,2100000,2:14,900000
Spirit Riding Free: Season 6,No,2018-08-17,2100000,2:22,900000
Super Monsters: Season 3,Yes,2019-10-04,2100000,2:24,900000
Trainwreck: Woodstock '99: Season 1,Yes,2022-08-03,2100000,2:23,900000
"WWE SmackDown: January 30, 2026",No,2026-01-30,2100000,2:07*,900000
Island of the Sea Wolves: Limited Series,Yes,2022-10-11,2000000,2:13,900000
Secret World of Sound with David Attenborough: Season 1,No,2024-08-07,2000000,2:14,900000
The Disastrous Life of Saiki K.: Reawakened: Season 1 // 斉木楠雄のΨ難 Ψ始動編: シーズン1,Yes,2019-12-30,2000000,2:16,900000
"WWE SmackDown: February 27, 2026",No,2026-02-27,2000000,2:00*,900000
"WWE SmackDown: January 23, 2026",No,2026-01-23,1900000,2:04*,900000
"WWE SmackDown: May 8, 2026",No,2026-05-08,1900000,2:05*,900000
"WWE SmackDown: May 15, 2026",No,2026-05-15,1900000,2:04*,900000
"WWE SmackDown: June 5, 2026",No,2026-06-05,1900000,2:05*,900000
The Search For Instagram's Worst Con Artist: Season 1,Yes,,1300000,1:29,900000
"Angi: Fake Life, True Crime: Limited Series // Angi: Crimen y mentira: Miniserie",Yes,2025-07-25,1100000,1:16,900000
Star Search: Vote With Your Remote,No,2026-01-28,1100000,1:17,900000
Katt Williams: Woke Foke,No,2024-05-04,900000,1:02,900000
Nate Bargatze: The Tennessee Kid,No,2019-03-26,900000,1:01,900000
Past Is Past,No,,900000,0:59,900000
Spirit Riding Free: Spirit of Christmas,Yes,2019-12-06,700000,0:46,900000
The Disastrous Life of Saiki K.: Season 3 // 斉木楠雄のΨ難: 完結編,Yes,,700000,0:47,900000
Mighty Little Bheem: Diwali: Collection,Yes,2019-10-18,300000,0:19,900000
Snoop’s Holiday Halftime Party,No,2025-12-26,200000,0:13,900000
Mariachi’s Daughter: Season 1 // La hija del mariachi: Temporada 1,No,2025-12-25,58500000,72:14,800000
"Jenni Rivera: Mariposa de Barrio: Season 1 // Jenni Rivera: Mariposa de Barrio, la serie: Temporada 1",No,,54100000,64:46,800000
Moses and the Ten Commandments: Season 2 // Os Dez Mandamentos: Temporada 2,No,,46000000,55:54,800000
Until You Burn: Season 1 // Escupiré sobre sus tumbas: Temporada 1,Yes,2025-02-19,39500000,47:35,800000
Love of my life: Season 1 // Devuélveme la vida: Temporada 1,Yes,2024-07-31,35100000,46:14,800000
Las muñecas de la mafia: Season 1,No,2015-07-01,34900000,41:50,800000
La Reina del Sur: Season 1,Yes,2011-09-05,30900000,40:46,800000
Divorce Re-Boot Camp: 2026 // 이혼숙려캠프: 2026,No,,27100000,36:00,800000
Boys Over Flowers: Limited Series // 꽃보다 남자: 리미티드 시리즈,No,,21900000,27:14,800000
Hotel Del Luna: Limited Series // 호텔 델루나: 리미티드 시리즈,Yes,,17100000,21:14,800000
Dr. Romantic 1 // 낭만닥터 김사부1,Yes,,15600000,20:47,800000
Hospital Playlist: Season 2 // 슬기로운 의사생활: 시즌 2,Yes,2021-06-17,15200000,19:55,800000
Record of Youth: Season 1 // 청춘기록: 시즌 1,Yes,2020-09-07,14700000,19:21,800000
Twinkling Watermelon: Season 1 // 반짝이는 워터멜론: 시즌 1,No,,13300000,17:05,800000
Doctor Cha: Limited Series // 닥터 차정숙: 리미티드 시리즈,Yes,2023-04-15,13200000,16:27,800000
Our Beloved Summer: Limited Series // 그 해 우리는: 리미티드 시리즈,Yes,2021-12-06,13200000,16:07,800000
The West Wing: Season 1,No,,13200000,15:57,800000
ER (1994): Season 4,No,,12800000,16:39,800000
Blindspot (2015): Season 1,No,,12600000,16:01,800000
Single’s Inferno: Season 4 // 솔로지옥: 시즌 4,No,2025-01-14,12600000,15:34,800000
The Good Bad Mother: Limited Series // 나쁜엄마: 리미티드 시리즈,Yes,2023-04-26,12400000,15:59,800000
The West Wing: Season 2,No,,12400000,15:53,800000
Stargate SG-1: Season 8,No,,12100000,14:32,800000
Scandal (2012): Season 4,No,,12000000,15:47,800000
Toy Boy: Season 1,No,2020-02-28,11500000,14:48,800000
The Flash (2014): Season 6,No,,11100000,13:23,800000
Stargate SG-1: Season 9,No,,10900000,14:32,800000
One Piece: Egghead Arc ① // ワンピース: エッグヘッド編①,No,,10700000,13:20,800000
One Tree Hill: Season 5,No,,10500000,12:39,800000
Riverdale: Season 4,No,2019-10-10,10300000,13:23,800000
Naruto Shippuden: Season 12 // NARUTO-ナルト- 疾風伝: 忍界大戦編(1),No,,10200000,12:42,800000
Naruto Shippuden: Season 6 // NARUTO-ナルト- 疾風伝: 自来也VSペイン・サスケVSイタチ編,No,,10100000,11:56,800000
Heartland (2007): Season 7,No,,9900000,13:12,800000
Good Girls: Season 4,Yes,2021-08-31,9600000,11:25,800000
House of Cards: Season 1,Yes,2013-02-01,9300000,11:14,800000
All American: Season 2,No,,8700000,11:18,800000
Heartland (2007): Season 16,No,,8700000,11:04,800000
Teenage Mutant Ninja Turtles (2012): Season 1,No,,8700000,10:18,800000
Kuroko's Basketball: Season 2 // 黒子のバスケ: 2nd SEASON,No,,8600000,*,800000
Love Is Blind: UK: Season 2,No,2025-08-13,8400000,10:44,800000
Seven Seconds: Limited Series,Yes,2018-02-23,8400000,10:22,800000
The Gringo Hunters: Season 1 // Los gringo hunters: Temporada 1,Yes,2025-07-09,8400000,9:55,800000
Go! Live Your Way: Season 2 // GO! Vive a tu manera: Temporada 2,No,2019-06-21,8100000,10:06,800000
Martin: Season 4,No,,8000000,9:59,800000
Marco Polo: Season 1,Yes,2014-12-12,7900000,9:18,800000
Building The Band: Season 1,No,2025-07-09,7800000,9:16,800000
Had I Not Seen the Sun: Part 1 // 如果我不曾見過太陽: 第一部 // 如果我不曾见过太阳: 第一部,Yes,2025-11-13,7600000,9:17,800000
Queen of the South: Season 3,No,,7400000,8:50,800000
Gachiakuta: Season 1 // ガチアクタ: シーズン1,No,,7200000,9:29,800000
Move to Heaven: Season 1 // 무브 투 헤븐: 나는 유품정리사입니다: 시즌 1,Yes,2021-05-14,7100000,8:40,800000
Travelers: Season 1,Yes,2016-12-23,7000000,9:04,800000
Fargo: Season 2,No,,6900000,8:58,800000
Queen of the South: Season 4,No,,6900000,8:57,800000
An Incurable Case of Love: Season 1 // 恋はつづくよどこまでも: シーズン1,No,,6700000,8:18,800000
One Piece: Enies Lobby // ワンピース: エニエス・ロビー編,No,,6600000,8:12,800000
Poldark (2015): Season 4,No,,6500000,7:44,800000
Poldark (2015): Season 5,No,,6400000,7:42,800000
30 Rock: Season 1,No,,6300000,7:45,800000
Bella and the Bulldogs: Season 2,No,,6300000,7:32,800000
Good Girls: Season 3,No,2020-07-26,6300000,7:50,800000
Grace and Frankie: Season 7,Yes,2021-08-13,6300000,7:54,800000
Unnatural: Season 1 // アンナチュラル: シーズン1,No,,6300000,7:54,800000
Black-ish: Season 6,No,,6200000,8:12,800000
Replica Revenge of the Ex-Wife: Season 1 // レプリカ 元妻の復讐: シーズン1,No,,6200000,7:43,800000
Dead Boy Detectives: Season 1,Yes,2024-04-25,6100000,7:16,800000
Messiah: Season 1,Yes,2020-01-01,6100000,7:35,800000
Hightown: Season 1,No,,6000000,7:37,800000
Once Upon a Small Town: Limited Series // 어쩌다 전원일기: 리미티드 시리즈,Yes,2022-09-05,6000000,7:09,800000
Sweet Home: Season 3 // 스위트홈: 시즌 3,Yes,2024-07-19,6000000,7:05,800000
Rebooting: Season 1 // ブラッシュアップライフ: シーズン1,No,,5900000,7:33,800000
The Serpent: Limited Series,Yes,2021-04-02,5800000,7:35,800000
Archive 81: Season 1,Yes,2022-01-14,5700000,7:10,800000
DI4RIES: Season 1 // DI4RI: Stagione,Yes,2022-05-18,5700000,7:12,800000
Elite: Season 7 // Élite: Temporada 7,Yes,2023-10-20,5700000,7:02,800000
Mask Girl: Limited Series // 마스크걸: 리미티드 시리즈,Yes,2023-08-18,5600000,6:53,800000
Queen of the South: Season 5,No,,5600000,6:56,800000
Orphan Black: Season 1,No,2013-09-10,5500000,7:06,800000
The Irregulars: Season 1,Yes,2021-03-26,5500000,7:07,800000
V Wars: Season 1,Yes,2019-12-05,5500000,7:08,800000
Naruto Shippuden: Season 4 // NARUTO-ナルト- 疾風伝: 飛段・角都編,No,,5400000,6:33,800000
Türkisch für Anfänger: Staffel 3,No,,5400000,6:33,800000
Elite: Season 8 // Élite: Temporada 8,Yes,2024-07-26,5300000,6:26,800000
Jentry Chau vs the Underworld: Season 1,Yes,2024-12-05,5300000,6:27,800000
Cheat: Unfinished Business: Season 1,No,2025-04-30,5200000,6:46,800000
Match to Marry: With Parents: Season 1 // 자식 방생 프로젝트 - 합숙 맞선: 시즌 1,No,,5200000,6:56,800000
My First First Love: Season 1 // 첫사랑은 처음이라서: 시즌 1,Yes,2019-04-18,5200000,6:48,800000
The Sinner: Season 3: Jamie,No,2020-06-19,5100000,6:10,800000
What I Like About You: Season 4,No,,5100000,6:24,800000
"Classroom of the Elite: 4th Season: Second Year, First Semester // ようこそ実力至上主義の教室へ: 4th Season 2年生編1学期",No,,4800000,6:19,800000
Dirty John: Betty Broderick,No,2020-08-14,4800000,5:46,800000
Khakee: The Bihar Chapter: Season 1 // पुलिस: द बिहार चैप्टर: सीज़न 1,Yes,2022-11-25,4700000,6:00,800000
Kings of Jo'Burg: Season 2,Yes,2023-01-27,4700000,5:52,800000
Lockwood & Co.: Season 1,Yes,2023-01-27,4700000,5:49,800000
No Mercy: Season 1 // 단죄: 시즌 1,No,,4700000,6:15,800000
Benidorm (2007): Season 6,No,,4600000,5:26,800000
Black Summer: Season 2,Yes,2021-06-17,4600000,5:50,800000
Dabba Cartel: Season 1 // डब्बा कार्टेल: सीज़न 1,Yes,2025-02-28,4600000,5:38,800000
Nurse Jackie: Season 3,No,,4600000,5:35,800000
Catch! Teenieping: Twinkle Catch! Teenieping // 캐치! 티니핑: 반짝반짝 캐치! 티니핑,Yes,,4500000,5:36,800000
The Good Place: Season 4,No,2019-09-27,4500000,5:20,800000
The Ranch: Part 6,Yes,2018-12-07,4500000,5:20,800000
The Secret of the River: Season 1 // El secreto del río: Temporada 1,Yes,2024-10-09,4500000,5:33,800000
The Worst Witch: Season 2,Yes,2018-07-27,4500000,5:59,800000
From Me to You: Kimi ni Todoke: Season 3 // 君に届け: シーズン3,Yes,2024-08-01,4400000,5:49,800000
Love Alarm: Season 2 // 좋아하면 울리는: 시즌 2,Yes,2021-03-12,4400000,5:37,800000
Night Court (2023): Season 1,No,,4400000,5:44,800000
The Tailor: Season 2 // Terzi: 2. Sezon,Yes,2023-07-28,4400000,5:23,800000
Call Me Bruna: Season 1 // Me Chama de Bruna: Temporada 1,No,,4300000,5:35,800000
Overlord III // オーバーロード III,No,,4300000,5:08,800000
Benidorm (2007): Season 7,No,,4200000,5:23,800000
Fullmetal Alchemist: Brotherhood: Part 2 // 鋼の錬金術師 Fullmetal Alchemist: パート2,No,,4200000,5:19,800000
The Misfit of Demon King Academy: Season 1 // 魔王学院の不適合者 ～史上最強の魔王の始祖、転生して子孫たちの学校へ通う～: シーズン1,No,,4200000,5:08,800000
Barbie: A Touch of Magic: Season 2,Yes,,4100000,5:01,800000
D.P.: Season 1,Yes,2021-08-27,4100000,5:01,800000
Control Z: Season 1,Yes,2020-05-22,4000000,5:00,800000
Schitt's Creek: Season 3,No,,4000000,4:44,800000
Secrets of the Silent Witch: Season 1 // サイレント・ウィッチ 沈黙の魔女の隠しごと: シーズン1,No,,4000000,5:14,800000
The Ba***ds of Bollywood: Season 1 // द Ba***ds ऑफ़ बॉलीवुड: सीज़न 1,Yes,2025-09-18,4000000,5:20,800000
The Ranch: Part 7,Yes,2019-09-13,4000000,5:19,800000
Atypical: Season 4,Yes,2021-07-09,3900000,5:02,800000
Car Masters: Rust to Riches: Season 6,No,2024-10-23,3900000,5:05,800000
Kim's Convenience: Season 3,No,,3900000,4:45,800000
My Love Story with Yamada-kun at Lv999: Season 1 // 山田くんとLv999の恋をする: シーズン1,No,,3900000,5:08,800000
Night on Earth: Limited Series,Yes,2020-01-29,3900000,4:50,800000
The Tailor: Season 3 // Terzi: 3. Sezon,Yes,2023-11-03,3900000,5:05,800000
Uncle from Another World: Season 1 // 異世界おじさん: シーズン1,Yes,2022-07-06,3900000,5:09,800000
Violet Evergarden: Season 1 // ヴァイオレット･エヴァーガーデン: シーズン1,Yes,2018-01-11,3900000,5:12,800000
F is for Family: Season 2,Yes,2017-05-30,3800000,4:29,800000
From Me to You: Kimi ni Todoke: Season 2 // 君に届け 2ND SEASON,Yes,2018-09-17,3800000,4:54,800000
"The Healer Who Was Banished From His Party, Is, in Fact, the Strongest: Season 1 // パーティーから追放されたその治癒師、実は最強につき: シーズン1",No,,3800000,4:41,800000
The Snow Girl: 1. The Snow Girl // La chica de nieve: 1. La chica de nieve,Yes,2023-01-27,3800000,4:33,800000
Tokyo Ghoul // 東京喰種トーキョーグール: 東京喰種,No,,3800000,4:45,800000
Workin' Moms: Season 6,Yes,2022-05-10,3800000,4:48,800000
Workin' Moms: Season 7,Yes,2023-04-26,3800000,4:59,800000
Kakegurui xx // 賭ケグルイxx,Yes,2019-01-09,3700000,4:56,800000
Not Quite Narwhal: Season 2,Yes,2024-01-22,3700000,4:51,800000
Nurse Jackie: Season 4,No,,3700000,4:38,800000
Re:ZERO -Starting Life in Another World- Director's Cut: Season 4 // Re:ゼロから始める異世界生活 新編集版: Re:ゼロから始める異世界生活 4th season,No,,3700000,4:22,800000
The Eminence in Shadow: 2nd Season // 陰の実力者になりたくて!: 2nd season,No,,3700000,4:47,800000
The Letter for the King: Season 1,Yes,2020-03-20,3700000,4:44,800000
Weeds: Season 1,No,,3700000,4:44,800000
Beckham: Limited Series,Yes,2023-10-04,3600000,4:45,800000
Castlevania: Season 3,Yes,2020-03-05,3600000,4:28,800000
Greenhouse Academy: Season 1,Yes,2017-09-08,3600000,4:35,800000
Kim's Convenience: Season 4,No,,3600000,4:45,800000
The Lørenskog Disappearance: Limited Series // Forsvinningen – Lørenskog 31. oktober 2018: Miniserie,Yes,2022-09-14,3600000,4:19,800000
True Story: Limited Series,Yes,2021-11-24,3600000,4:19,800000
Departure: Season 1,No,,3500000,4:16,800000
F is for Family: Season 3,Yes,2018-11-30,3500000,4:38,800000
Grant: Season 1,No,,3500000,4:12,800000
IC 814: The Kandahar Hijack: Limited Series // IC 814: द कंधार हाइजैक: लिमिटेड सीरीज़,Yes,2024-08-29,3500000,4:26,800000
If Only: Season 1 // Si lo hubiera sabido: Temporada 1,Yes,2022-10-28,3500000,4:38,800000
Nurse Jackie: Season 5,No,,3500000,4:37,800000
Paradise PD: Part 4,Yes,2022-12-16,3500000,4:20,800000
Quicksand: Limited Series // Störst av allt: Miniserie,Yes,2019-04-05,3500000,4:36,800000
The Forsyte Saga (2002): Season 2,No,,3500000,4:26,800000
Trailer Park Boys: Season 10,Yes,2016-03-28,3500000,4:28,800000
Molang: Season 4,No,,3400000,4:21,800000
One Piece: TV Original 2 // ワンピース: TVオリジナル編 (2),No,,3400000,*,800000
Sintonia: Season 1,Yes,2019-08-09,3400000,4:10,800000
Unseen: Season 2,Yes,2025-05-02,3400000,4:26,800000
Aníkúlápó: The Series: Season 2: A Ghoul Awakens,No,,3300000,4:22,800000
Country Comfort: Season 1,Yes,2021-03-19,3300000,4:09,800000
Mech Cadets: Season 1,Yes,2023-08-10,3300000,4:00,800000
Monsters Inside: The 24 Faces of Billy Milligan: Limited Series,Yes,2021-09-22,3300000,4:03,800000
Princess Power: Season 3,Yes,2024-05-20,3300000,4:21,800000
The New Force: Season 1 // Skiftet: Säsong 1,Yes,2025-10-03,3200000,4:01,800000
Welcome to the Family: Season 1 // Bienvenidos a la familia: Temporada 1,Yes,2025-03-12,3200000,4:12,800000
World's Most Wanted: Season 1,Yes,2020-08-05,3200000,3:55,800000
American Conspiracy: The Octopus Murders: Season 1,Yes,2024-02-28,3100000,3:44,800000
Carmen Sandiego: Season 2,Yes,2019-10-01,3100000,4:02,800000
Investigation Alien: Season 1,Yes,2024-11-08,3100000,3:47,800000
The Fairly OddParents: A New Wish: Season 2,Yes,2025-06-12,3100000,3:47,800000
Workin' Moms: Season 5,Yes,2021-06-15,3100000,3:42,800000
Back to 15: Season 1 // De Volta aos 15: Temporada 1,Yes,2022-02-25,3000000,3:54,800000
Conversations with a Killer: The Ted Bundy Tapes: Season 1,Yes,2019-01-24,3000000,3:56,800000
The Victim: Season 1,No,,3000000,3:48,800000
Prison Cell 211: Season 1 // Celda 211: Temporada 1,Yes,2025-02-05,2900000,3:44,800000
Survival of the Thickest: Season 2,Yes,2025-03-27,2900000,3:31,800000
Trump: An American Dream: Limited Series,Yes,2018-03-30,2800000,3:39,800000
Arnold: Limited Series,Yes,2023-06-07,2700000,3:11,800000
How to Sell Drugs Online (Fast): Season 2,Yes,2020-07-21,2700000,3:22,800000
Mo: Season 1,Yes,2022-08-24,2700000,3:30,800000
Someone in the Town: Season 1 // 誰かがこの町で: シーズン1,No,,2700000,3:25,800000
Splinter Cell: Deathwatch: Season 1,Yes,2025-10-14,2700000,3:14,800000
Killer Inside: The Mind of Aaron Hernandez: Limited Series,Yes,2020-01-15,2600000,3:22,800000
Barracuda Queens: Season 1,Yes,2023-06-05,2500000,3:15,800000
Inside the World’s Toughest Prisons: Season 7,Yes,2023-09-15,2500000,3:05,800000
Meltdown: Three Mile Island: Limited Series,Yes,2022-05-04,2500000,2:58,800000
The Freak Brothers: Season 1,No,,2500000,3:19,800000
Word Party: Season 3,Yes,2017-10-06,2500000,3:06,800000
Workin' Moms: Season 4,Yes,2020-05-06,2500000,2:57,800000
Brockmire: Season 1,No,,2400000,2:58,800000
Cold Case: Who Killed JonBenét Ramsey: Season 1,Yes,2024-11-25,2400000,3:00,800000
2026 World Baseball Classic Quarterfinals: Canada vs. United States // 2026 ワールドベースボールクラシック: 準々決勝 カナダ 対 アメリカ,No,2026-03-13,2300000,2:59*,800000
After Life: Season 3,Yes,2022-01-14,2300000,2:54,800000
Death Cap: The Mushroom Murders: Season 1,No,,2300000,2:49,800000
Jimmy Savile: A British Horror Story: Limited Series,Yes,2022-04-06,2300000,2:51,800000
Spirit Riding Free: Season 7,No,2018-11-09,2300000,2:45,800000
THE MAGIC PRANK SHOW with Justin Willman: Season 1,No,2024-04-01,2300000,2:52,800000
Escaping Twin Flames: Season 1,Yes,2023-11-08,2200000,2:55,800000
Get Gotti: Season 1,Yes,2023-10-24,2100000,2:32,800000
Roman Empire: Caligula: The Mad Emperor,Yes,2019-04-05,2100000,2:42,800000
Baby Einstein Ocean Explorers: Season 1,No,,2000000,2:38,800000
The Many Deaths of Nora Dalmasso: Limited Series // Las mil muertes de Nora Dalmasso: Miniserie,Yes,2025-06-19,2000000,2:36,800000
Hello Ninja: Season 4,Yes,2021-01-19,1900000,2:15,800000
Spirit Riding Free: Season 8,No,2019-04-05,1900000,2:22,800000
Hello Ninja: Season 2,Yes,2020-04-24,1800000,2:11,800000
This Is the Zodiac Speaking: Season 1,Yes,2024-10-23,1800000,2:16,800000
"WWE SmackDown: May 22, 2026",No,2026-05-22,1800000,2:04*,800000
"WWE SmackDown: May 29, 2026",No,2026-05-29,1800000,2:04*,800000
The Hidden Lives of Pets: Season 1,Yes,2022-06-22,1700000,2:06,800000
"WWE SmackDown: June 12, 2026",No,2026-06-12,1700000,2:06*,800000
"WWE SmackDown: June 19, 2026",No,2026-06-19,1700000,2:05*,800000
Tear Along the Dotted Line: Season 1 // Strappare lungo i bordi: Stagione 1,Yes,2021-11-17,1600000,1:59,800000
The Vince Staples Show: Season 1,Yes,2024-02-15,1600000,1:54,800000
I Think You Should Leave with Tim Robinson: Season 1,Yes,2019-04-23,1400000,1:43,800000
Can I Tell You A Secret?: Limited Series,Yes,2024-02-21,1300000,1:42,800000
I Think You Should Leave with Tim Robinson: Season 3,Yes,2023-05-30,1300000,1:38,800000
One Piece: Silver Mine Arc // ワンピース: シルバーマイン編,No,,1300000,1:34,800000
Mo Gilligan: In The Moment,No,2026-02-03,800000,1:02,800000
Nate Bargatze: The Greatest Average American,No,2021-03-18,800000,1:00,800000
Super Monsters Furever Friends,Yes,2019-04-16,800000,0:59,800000
Matt Rife: Lucid - A Crowd Work Special,No,2024-08-13,700000,0:54,800000
Charlie's Colorforms City: Mighty Movie Adventures,Yes,2022-06-13,600000,0:48,800000
"I Got a Cheat Skill in Another World and Became Unrivaled in the Real World, Too: TVSP // 異世界でチート能力を手にした俺は、現実世界をも無双する ～レベルアップは人生を変えた～: TVSP",No,,600000,0:47,800000
A Go! Go! Cory Carson Christmas,Yes,2020-11-27,300000,0:24,800000
The Letter of the Day,Yes,,300000,0:22,800000
The Museum of Innocence: Inside the Story // Masumiyet Müzesi: Hikayenin Ardından,Yes,2026-02-13,300000,0:24,800000
True: Grabbleapple Harvest,Yes,2019-11-01,300000,0:23,800000
The Promised Land: Season 1 // A Terra Prometida: Temporada 1,No,,100200000,140:50,700000
Café con aroma de mujer: Season 1,No,2021-12-29,46400000,65:49,700000
Sin senos sí hay paraíso: Season 2,No,,44600000,63:59,700000
La Reina del Sur: Season 3,Yes,2022-12-30,31900000,45:03,700000
Reply 1988: Season 1 // 응답하라 1988: 시즌 1,Yes,,21800000,31:37,700000
The First 48: Season 15,No,,17200000,25:04,700000
Start-Up: Season 1 // 스타트업: 시즌 1,Yes,2020-10-17,15700000,21:21,700000
Guardian: The Lonely and Great God: Limited Series // 도깨비: 리미티드 시리즈,No,,14200000,20:11,700000
BEYBLADE X: Season 1,No,,14000000,19:04,700000
Suspicious Partner: Limited Series // 수상한 파트너: 리미티드 시리즈,Yes,,13400000,*,700000
Run On: Season 1 // 런 온: 시즌 1,Yes,2020-12-16,13000000,18:37,700000
Under the Queen's Umbrella: Limited Series // 슈룹: 리미티드 시리즈,Yes,2022-10-15,12700000,17:45,700000
Law & Order: Special Victims Unit: The Fifteenth Year,No,,12500000,17:12,700000
Behind Your Touch: Limited Series // 힙하게: 리미티드 시리즈,Yes,2023-08-12,12200000,17:31,700000
The West Wing: Season 3,No,,11900000,16:27,700000
One Tree Hill: Season 6,No,,11500000,16:57,700000
Dynasty: Season 2,Yes,2018-10-13,11400000,15:33,700000
ER (1994): Season 5,No,,11400000,16:26,700000
The West Wing: Season 4,No,,11200000,16:37,700000
Vagabond: Season 1 // 배가본드: 시즌 1,Yes,2019-09-20,11200000,16:34,700000
Odd Squad: Season 1,No,,11100000,*,700000
The Surrogacy: Season 1 // Madre de alquiler: Temporada 1,Yes,2023-06-14,11000000,15:10,700000
Castaway Diva: Limited Series // 무인도의 디바: 리미티드 시리즈,Yes,2023-10-28,10900000,14:54,700000
Law & Order: Special Victims Unit: The Sixteenth Year,No,,10700000,16:26,700000
ER (1994): Season 6,No,,10600000,16:16,700000
Scandal (2012): Season 5,No,,10600000,15:05,700000
Parenthood (2010): Season 2,No,,10500000,15:49,700000
Money Heist: Korea - Joint Economic Area: Season 1 // 종이의 집: 공동경제구역: 시즌 1,Yes,2022-06-24,10400000,14:05,700000
When I Fly Towards You // 當我飛奔向你 // 当我飞奔向你,No,,10400000,14:09,700000
Firefly Lane: Season 2,Yes,2022-12-02,10300000,14:10,700000
Single’s Inferno: Season 3 // 솔로지옥: 시즌 3,No,2023-12-12,10000000,13:57,700000
Stargate SG-1: Season 10,No,,10000000,14:31,700000
All American: Season 3,No,,9200000,13:26,700000
The Flash (2014): Season 7,No,,9200000,12:40,700000
Pact of Silence: Season 1 // Pacto de silencio: Temporada 1,Yes,2023-10-11,8900000,12:02,700000
Bloodline: Season 1,No,2015-03-20,8600000,12:16,700000
Positively Yours: Season 1 // 아기가 생겼어요: 시즌1,No,,8400000,12:42,700000
H2O: Just Add Water: Season 2,No,,8000000,10:40,700000
Perfect Match: Season 1,No,2023-02-14,8000000,11:06,700000
Kuroko's Basketball: Season 3 // 黒子のバスケ: 3rd SEASON,No,,7800000,*,700000
The Garfield Show: Season 3,No,,7600000,10:29,700000
Gigantosaurus: Season 2,No,,7300000,10:13,700000
13 Reasons Why: Season 4,Yes,2020-06-05,7200000,10:30,700000
Home Town (2016): Season 5,No,,7100000,10:45,700000
Ancient Aliens: Season 12,No,,6900000,10:31,700000
Had I Not Seen the Sun: Part 2 // 如果我不曾見過太陽: 第二部 // 如果我不曾见过太阳: 第二部,Yes,2025-12-11,6900000,9:20,700000
Long Vacation: Season 1 // ロングバケーション: シーズン1,Yes,,6900000,9:21,700000
Van Helsing: Season 1,Yes,2016-12-17,6900000,9:24,700000
Les Sisters: Season 1,No,,6800000,10:22,700000
The Great British Baking Show: Collection 5,No,2018-08-31,6800000,9:31,700000
One Night Stand: Season 1 // คืนเปลี่ยนชีวิต: ซีซั่น 1,No,,6700000,9:41,700000
Naruto Shippuden: Season 14 // NARUTO-ナルト- 疾風伝: 忍界大戦編(3),No,,6500000,9:37,700000
Dawson's Creek: Season 1,No,,6400000,9:28,700000
99.9 Criminal Lawyer: Season 2 // 99.9-刑事専門弁護士-: シーズン2,No,,6300000,8:58,700000
Dark Desire: Season 2 // Oscuro deseo: Temporada 2,Yes,2022-02-02,6200000,8:39,700000
Ingobernable: Season 1,Yes,2017-03-23,6100000,9:16,700000
Kian’s Bizarre B&B: Season 1 // 대환장 기안장: 시즌 1,No,2025-04-08,6100000,9:10,700000
Yellowjackets: Season 2,No,,5700000,8:43,700000
Chilling Adventures of Sabrina: Part 3,Yes,2020-01-24,5600000,7:49,700000
Naruto Shippuden: Season 21 // NARUTO-ナルト- 疾風伝: 外伝編,No,,5600000,8:05,700000
The Frog: Limited Series // 아무도 없는 숲속에서: 리미티드 시리즈,Yes,2024-08-23,5600000,7:44,700000
Blood Legacy: Season 1,Yes,2024-09-20,5500000,8:23,700000
Daybreak: Season 1,Yes,2019-10-24,5500000,7:53,700000
TURN: Washington's Spies: Season 4,No,,5500000,7:27,700000
The Order: Season 2,Yes,2020-06-18,5400000,8:03,700000
Troy: Fall of a City: Season 1,Yes,2018-04-06,5400000,7:41,700000
TURN: Washington's Spies: Season 2,No,,5400000,7:19,700000
Wu Assassins: Season 1,Yes,2019-08-08,5400000,7:30,700000
Fire Country: Season 2,No,,5200000,7:15,700000
Glass Heart: Season 1 // グラスハート: シーズン1,Yes,2025-07-31,5200000,7:12,700000
TURN: Washington's Spies: Season 3,No,,5200000,7:17,700000
Heartland (2007): Season 15,No,,5100000,7:22,700000
Partner Track: Season 1,Yes,2022-08-26,5100000,7:28,700000
"Ready, Set, Love: Season 1 // เกมชนคนโสด: ซีซั่น 1",Yes,2024-02-15,5100000,6:50,700000
Northern Rescue: Season 1,Yes,2019-03-01,5000000,7:19,700000
The OA: Part II,Yes,2019-03-22,5000000,7:23,700000
Baking Impossible: Season 1,No,2021-10-06,4900000,6:40,700000
Heeramandi: The Diamond Bazaar: Season 1 // हीरामंडी: द डायमंड बाज़ार: सीज़न 1,Yes,2024-05-01,4800000,7:19,700000
Kleo: Season 1,Yes,2022-08-19,4700000,6:44,700000
October Faction: Season 1,Yes,2020-01-23,4700000,6:56,700000
Shahmaran: Season 1 // Şahmaran: 1. Sezon,Yes,2023-01-20,4700000,6:54,700000
Kings of Jo'Burg: Season 3,Yes,2025-06-13,4600000,7:00,700000
"Mr. Housekeeper, Mitazono: Season 1 // 家政夫のミタゾノ(2016)",No,,4600000,6:23,700000
Naruto Shippuden: Season 3 // NARUTO-ナルト- 疾風伝: 守護忍十二士編,No,,4600000,6:56,700000
Delhi Crime: Season 1 // दिल्ली क्राइम: सीज़न 1,Yes,2019-03-22,4400000,6:02,700000
Dance Monsters: Season 1,No,2022-12-16,4300000,5:55,700000
One Day at a Time: Season 1,Yes,2017-01-06,4300000,6:27,700000
Tayo The Little Bus: Season 7 // 꼬마버스 타요: 시즌7,No,,4300000,5:48,700000
The Mess You Leave Behind: Limited Series // El desorden que dejas: Miniserie,Yes,2020-12-11,4300000,6:07,700000
Dirty John: John Meehan,No,2019-02-14,4200000,5:58,700000
Good Boys Go to Heaven: Season 1,No,,4200000,6:24,700000
Gyeongseong Creature: Season 2 // 경성크리처: 시즌 2,Yes,2024-09-27,4200000,5:42,700000
Intimacy: Limited Series // Intimidad: Miniserie,Yes,2022-06-10,4200000,6:25,700000
Jupiter's Legacy: Volume 1,Yes,2021-05-07,4200000,6:04,700000
La Révolution: Season 1,Yes,2020-10-16,4200000,6:15,700000
Locked Up: The Oasis // Vis a vis: El Oasis,No,2020-07-31,4200000,6:09,700000
Mighty Monsterwheelies: Season 2,Yes,2025-05-05,4200000,5:46,700000
The Protector: Season 2 // Hakan: Muhafız: 2. Sezon,Yes,2019-04-26,4200000,6:01,700000
I AM A STALKER: Season 1,No,2022-10-28,4100000,5:59,700000
Murder in a Small Town (2024): Season 1,No,,4100000,6:11,700000
Nurse Jackie: Season 6,No,,4100000,5:31,700000
Pinky Malinky: Part 1,Yes,2019-01-01,4100000,6:03,700000
Space Force: Season 1,Yes,2020-05-29,4100000,5:29,700000
Bandidos: Season 2,Yes,2025-01-03,4000000,5:37,700000
Emergency: NYC: Season 1,Yes,2023-03-29,4000000,5:36,700000
Future Man: Season 2,No,,4000000,6:04,700000
Glitch: Season 2,Yes,2017-11-28,4000000,5:27,700000
Nurse Jackie: Season 7,No,,4000000,5:32,700000
Robocar POLI: Season 1,Yes,,4000000,5:59,700000
Robocar POLI: Season 2,Yes,,4000000,5:58,700000
Formula 1: Drive to Survive: Season 1,Yes,2019-03-08,3900000,5:56,700000
Girls Incarcerated: Season 2,No,2019-06-21,3900000,5:49,700000
"Good Morning, Verônica: Season 1 // Bom Dia, Verônica: Temporada 1",Yes,2020-10-01,3900000,5:56,700000
Mako Mermaids: An H2O Adventure: Season 2,No,2015-02-13,3900000,*,700000
Master of the House: Limited Series // สืบสันดาน: ลิมิเต็ดซีรีส์,Yes,2024-07-18,3900000,5:56,700000
Pokémon Ultimate Journeys: The Series: Part 2,No,2023-02-24,3900000,5:28,700000
Pokémon Ultimate Journeys: The Series: Part 3,No,2023-06-23,3900000,5:27,700000
Unbreakable Kimmy Schmidt: Season 1,Yes,2015-03-06,3900000,5:35,700000
Who Killed Sara?: Season 2 // ¿Quién mató a Sara?: Temporada 2,Yes,2021-05-19,3900000,5:46,700000
【OSHI NO KO】: Season 1 // 【推しの子】: 第1期,No,,3900000,5:26,700000
3Below: Tales of Arcadia: Part 1,Yes,2018-12-21,3800000,5:09,700000
Benidorm (2007): Season 8,No,,3800000,5:24,700000
Catch! Teenieping: Secret Catch! Teenieping // 캐치! 티니핑: 알쏭달쏭 캐치! 티니핑,Yes,,3800000,5:37,700000
Fishbowl Wives: Season 1 // 金魚妻: シーズン1,Yes,2022-02-14,3800000,5:49,700000
One Piece: Whole Cake Island ⑥ // ワンピース: ホールケーキアイランド編⑥,No,,3800000,5:31,700000
The Ranch: Part 8,Yes,2020-01-24,3800000,5:12,700000
Baby Bandito: Season 2,Yes,2025-10-22,3700000,5:20,700000
Bard of Blood: Season 1 // बार्ड ऑफ़ ब्लड: सीज़न 1,Yes,2019-09-27,3700000,5:15,700000
Fullmetal Alchemist: Brotherhood: Part 3 // 鋼の錬金術師 Fullmetal Alchemist: パート3,No,,3700000,5:19,700000
Pantheon: Season 1,No,,3700000,5:34,700000
Mob Psycho 100: Season 2 // モブサイコ100: シーズン2,No,,3600000,*,700000
Tamon’s B-Side: Season 1 // 多聞くん今どっち!?: シーズン1,No,,3600000,5:08,700000
Tiger King,Yes,2020-03-20,3600000,5:19,700000
Zoey 101: Season 1,No,,3600000,4:54,700000
【OSHI NO KO】: Season 2 // 【推しの子】: 第2期,No,,3600000,5:20,700000
Dinotrux: Season 2,No,2016-03-11,3500000,5:05,700000
Easygoing Territory Defense by the Optimistic Lord: Season 1 // お気楽領主の楽しい領地防衛～生産系魔術で名もなき村を最強の城塞都市に～: 第1期,No,,3500000,4:44,700000
Finding Ola: Season 1 // البحث عن علا: موسم 1,Yes,2022-02-03,3500000,5:18,700000
Green Eggs and Ham: Season 2: The Second Serving,Yes,2022-04-08,3500000,4:49,700000
Human Resources: Season 1,Yes,2022-03-18,3500000,4:40,700000
Muted: Limited Series // El silencio: Miniserie,Yes,2023-05-19,3500000,4:40,700000
"Noble Reincarnation: Born Blessed, So I'll Obtain Ultimate Power: Season 1 // 貴族転生 ～恵まれた生まれから最強の力を得る～: シーズン1",No,,3500000,4:44,700000
The Rising of the Shield Hero: Season 2 // 盾の勇者の成り上がり: シーズン2,No,,3500000,5:08,700000
Tribes of Europa: Season 1,Yes,2021-02-19,3500000,4:44,700000
WWE: Unreal: Season 1,Yes,2025-07-29,3500000,4:41,700000
"I Got a Cheat Skill in Another World and Became Unrivaled in the Real World, Too // 異世界でチート能力を手にした俺は、現実世界をも無双する ～レベルアップは人生を変えた～: シーズン1",No,,3400000,5:12,700000
KENGAN ASHURA: Part l // ケンガンアシュラ: シーズン1: パートI,Yes,2019-07-31,3400000,5:04,700000
Santa Clarita Diet: Season 2,Yes,2018-03-23,3400000,4:52,700000
Dive Club: Season 1,Yes,2021-09-03,3300000,4:47,700000
Frontier: Season 2,Yes,2017-11-24,3300000,4:42,700000
No Good Nick: Part 1,Yes,2019-04-15,3300000,4:39,700000
Adoration: Limited Series // Adorazione: Miniserie,Yes,2024-11-20,3200000,4:32,700000
Hell Mode: The Hardcore Gamer Dominates in Another World With Garbage Balancing: Season 1 // ヘルモード ～やり込み好きのゲーマーは廃設定の異世界で無双する～: シーズン1,No,,3200000,4:45,700000
Hellbound: Season 2 // 지옥: 시즌 2,Yes,2024-10-25,3200000,4:55,700000
Maverix: Season 1,Yes,2022-05-12,3200000,4:21,700000
Top Secret UFO Projects: Declassified: Season 1,Yes,2021-08-03,3200000,4:26,700000
Trailer Park Boys: Season 11,Yes,2017-03-31,3200000,4:37,700000
Young Wallander: Season 1,Yes,2020-09-03,3200000,4:47,700000
Daniel Spellbound: Season 2,Yes,2023-01-26,3100000,4:16,700000
F is for Family: Season 4,Yes,2020-06-12,3100000,4:46,700000
Forensic Factor: A New Era: Season 2,No,,3100000,4:24,700000
Kaiju No. 8: Season 2 // 怪獣8号: 第2期,No,,3100000,4:44,700000
Kim's Convenience: Season 5,No,,3100000,4:45,700000
"The Booze, Bets and Sex That Built America: Season 1",No,,3100000,4:18,700000
Detective Forst: Season 1 // Forst: Sezon 1,Yes,2024-01-11,3000000,4:18,700000
Pokémon Journeys: The Series: Part 1,No,2020-06-12,3000000,4:24,700000
She: Season 1,Yes,2020-03-20,3000000,4:15,700000
Woman of the Dead: Season 2 // Totenfrau: Staffel 2,Yes,2025-03-19,3000000,4:30,700000
Court of Gold: Season 1,Yes,2025-02-18,2900000,4:24,700000
Glitch Techs: Season 2,Yes,2020-08-17,2900000,4:11,700000
Good Times: Season 1,Yes,2024-04-12,2900000,4:22,700000
Creeped Out: Season 2,Yes,2019-10-04,2800000,4:06,700000
Saare Jahan Se Accha: The Silent Guardians: Season 1 // सारे जहाँ से अच्छा: सीज़न 1,Yes,2025-08-13,2800000,4:03,700000
Search Party: Season 2,No,,2800000,3:50,700000
Blood of Zeus: Season 1,Yes,2020-10-27,2700000,4:08,700000
Love on the Spectrum: Australia: Season 2,No,2021-09-21,2700000,*,700000
Super Monsters: Season 1,Yes,2017-10-13,2700000,3:52,700000
The Hollow: Season 2,Yes,2020-05-08,2700000,3:59,700000
Wyatt Earp and The Cowboy War: Season 1,Yes,2024-08-21,2700000,3:52,700000
Ashley Garcia: Genius in Love: Part 1,Yes,2020-02-17,2600000,3:51,700000
Deliver Me: Limited Series // I dina händer: Miniserie,Yes,2024-04-24,2500000,3:45,700000
Encounters: Season 1,Yes,2023-09-27,2500000,3:23,700000
The Midnight Gospel: Season 1,Yes,2020-04-20,2500000,3:28,700000
How to Sell Drugs Online (Fast): Season 4,Yes,2025-04-08,2400000,3:32,700000
Pinky Malinky: Part 3,Yes,2019-07-17,2400000,3:14,700000
Ushijima The Loan Shark: Season 2 // 闇金ウシジマくん: シーズン2,No,,2400000,3:31,700000
Yoh! Christmas: Season 1,Yes,2023-12-15,2400000,3:28,700000
Animal: Season 2,Yes,2022-03-18,2200000,3:02,700000
Barbie Mysteries: Beach Detectives,Yes,2025-08-28,2200000,3:11,700000
Norsemen: Season 1,Yes,2017-08-17,2200000,3:05,700000
That '90s Show: Part 2,Yes,2024-06-27,2200000,3:04,700000
That '90s Show: Part 3,Yes,2024-08-22,2200000,3:07,700000
WWE WrestleMania: WrestleMania 41 Sunday,No,2025-04-20,2200000,3:19*,700000
Edgar Rice Burroughs' Tarzan and Jane: Season 1,Yes,2017-01-06,2000000,3:03,700000
Sea of Love: Season 1,Yes,2022-05-23,2000000,2:44,700000
Neymar: The Perfect Chaos: Limited Series // Neymar: O Caos Perfeito: Minissérie,Yes,2022-01-25,1900000,2:45,700000
Is It Cake? Holiday: Season 1,No,2024-11-28,1800000,2:41,700000
Mafia: Most Wanted: Season 1,No,2025-09-20,1800000,2:45,700000
Sicily Express: Limited Series // Sicilia Express: Miniserie,Yes,2025-12-05,1800000,2:39,700000
"The Billionaire, The Butler, and the Boyfriend: Limited Series // L'Affaire Bettencourt : Scandale chez la femme la plus riche du monde: Mini-série",Yes,2023-11-08,1800000,2:30,700000
"Ashley Madison: Sex, Lies & Scandal: Season 1",Yes,2024-05-15,1700000,2:36,700000
Chico Bon Bon: Monkey with a Tool Belt: Season 2,Yes,2020-07-01,1700000,2:25,700000
Cunk On Earth: Season 1,Yes,2023-01-31,1700000,2:25,700000
2026 World Baseball Classic: Semifinals 2: Italy vs. Venezuela // 2026 ワールドベースボールクラシック: 準決勝2 イタリア 対 ベネズエラ,No,2026-03-16,1600000,*,700000
A Tragedy Foretold: Flight 3054: Season 1 // Congonhas: Tragédia Anunciada: Temporada 1,Yes,2025-04-23,1600000,2:20,700000
Don't Pick Up the Phone: Limited Series,No,2022-12-14,1600000,2:24,700000
Gundam: Requiem for Vengeance: Season 1,Yes,2024-10-17,1600000,2:26,700000
Mighty Express: Season 1,Yes,2020-09-22,1600000,2:25,700000
Team Kaylie: Part 1,Yes,2019-09-23,1600000,2:23,700000
Word Party: Season 4,Yes,2020-01-21,1600000,2:12,700000
"Cocaine Air: Smugglers at 30,000 Ft.: Limited Series // Y a-t-il un dealer dans l’avion ?: Mini-série",Yes,2025-06-11,1500000,2:12,700000
The Christine Jessop Story: Season 1,No,,1500000,2:15,700000
From Rock Star to Killer: Limited Series // De rockstar à tueur : Le cas Cantat: Mini-série,Yes,2025-03-27,1400000,2:05,700000
"Start Up, Fall Down: From Billionaire to Convict: Limited Series // Terrazza Sentimento: Miniserie",Yes,2025-11-05,1400000,2:08,700000
"Love, Death & Robots: Volume 2",Yes,2021-05-14,1300000,1:49,700000
Drake & Josh: Season 1,No,,1200000,1:38,700000
I Think You Should Leave with Tim Robinson: Season 2,Yes,2021-07-06,1200000,1:39,700000
Spirit Riding Free: Pony Tales: Collection 2,Yes,2019-10-18,1100000,1:37,700000
Project Mc²: Part 1,Yes,2015-08-07,1000000,1:27,700000
Star Search: Challenge Accepted,No,2026-02-03,900000,1:17*,700000
Franco Escamilla: Ladies' man,No,2024-05-23,800000,1:13,700000
Matt Rife: Natural Selection,No,2023-11-15,800000,1:04,700000
Star Search: Defend Your Crown,No,2026-02-04,800000,1:11*,700000
Bridgerton: Fireplace,Yes,2024-12-13,700000,1:00,700000
Larva In Mars,Yes,,700000,0:58,700000
Matt Rife: Unwrapped - A Christmas Crowd Work Special,No,2025-12-02,700000,0:59,700000
Nate Jackson: Super Funny,No,2025-07-08,700000,1:04,700000
Ryan Hamilton: This Just Hit Me,No,2026-06-23,600000,0:53,700000
Dance & Sing with True: Songs,Yes,2018-05-18,300000,0:25,700000
Mighty Express: A Mighty Christmas,Yes,2020-12-05,300000,0:26,700000
Super Monsters: Once Upon a Rhyme,Yes,2021-06-01,300000,0:25,700000
Super Monsters: The New Class,Yes,2020-08-01,300000,0:25,700000
El final del paraíso: Season 1,No,,37400000,66:22,600000
Part-Time Wife: Season 1 // Istri Paruh Waktu: Season 1,Yes,,29400000,48:38,600000
Sin senos sí hay paraíso: Season 3,No,,27100000,44:26,600000
La Reina del Sur: Season 2,No,2019-08-16,24300000,43:02,600000
Perfect Match: Season 1 // 五福臨門: 第 1 季 // 五福临门: 第 1 季,Yes,2025-01-25,16800000,30:15,600000
"I'm SOLO, Love goes on: 2026 // 나는 SOLO, 그 후 사랑은 계속된다: 2026",No,,16700000,29:17,600000
The Vendetta of An: Season 1 // 長安二十四計: 第 1 季 // 长安二十四计: 第 1 季,No,,12400000,21:13,600000
KenIchi: The Mightiest Disciple: Season 1 // 史上最強の弟子ケンイチ: シーズン1,No,,12100000,20:14,600000
Dr. Romantic 2 // 낭만닥터 김사부2,Yes,,11700000,*,600000
The Tale of Lady Ok: Limited Series // 옥씨부인전: Limited Series,No,,11200000,19:34,600000
"Captivating the King: Limited Series // 세작, 매혹된 자들: 리미티드 시리즈",Yes,2024-01-21,10900000,19:05,600000
Pokémon Journeys: The Series: Season 1,No,,10900000,18:10,600000
Something in the Rain: Limited Series // 밥 잘 사주는 예쁜 누나: 리미티드 시리즈,Yes,2018-04-13,10900000,*,600000
Stranger: Season 1 // 비밀의 숲: 시즌 1,No,2017-06-13,10600000,18:40,600000
Café Minamdang: Limited Series // 미남당: 리미티드 시리즈,Yes,2022-06-27,10500000,18:56,600000
Descendants of the Sun: Limited Series // 태양의 후예: 리미티드 시리즈,No,,10300000,15:54,600000
Doctor John: Limited Series // 의사 요한: Saison 1,Yes,,10300000,*,600000
Pretty Little Liars (2010): Season 1,No,,10300000,16:03,600000
My ID is Gangnam Beauty: Limited Series // 내 아이디는 강남미인: 리미티드 시리즈,Yes,,9900000,*,600000
Taxi Driver: Season 2 // 모범택시2,No,,9900000,*,600000
Ghost Doctor: Limited Series // 고스트 닥터: 리미티드 시리즈,Yes,,9800000,17:29,600000
ER (1994): Season 7,No,,9700000,16:28,600000
The West Wing: Season 5,No,,9700000,15:44,600000
Bake Your Dream: Season 1 // 천하제빵: 시즌1,No,,9600000,17:15,600000
Captain Tsubasa: Season 2 // キャプテン翼: シーズン2,No,,9500000,*,600000
ER (1994): Season 8,No,,9100000,16:30,600000
Hawaii Five-0: Season 2,No,,9100000,16:24,600000
Tomorrow: Limited Series // 내일: 리미티드 시리즈,Yes,2022-04-01,9000000,16:05,600000
Blindspot (2015): Season 2,No,,8900000,15:40,600000
Dynasty: Season 3,Yes,2020-05-23,8800000,14:09,600000
The Flash (2014): Season 8,No,,8800000,14:02,600000
All American: Season 4,No,,8500000,14:07,600000
Heartland (2007): Season 8,No,,8500000,13:12,600000
El Chavo (1971): 1976,No,,8400000,15:06,600000
Riverdale: Season 5,No,2021-01-21,8400000,13:27,600000
The Dream Life of Mr. Kim: Limited Series // 서울 자가에 대기업 다니는 김 부장 이야기: 리미티드 시리즈,Yes,2025-10-25,8400000,13:12,600000
The Atypical Family: Limited Series // 히어로는 아닙니다만: 리미티드 시리즈,Yes,2024-05-04,8200000,14:12,600000
Heartland (2007): Season 9,No,,8100000,13:01,600000
El Chavo (1971): 1975,No,,7900000,13:35,600000
Heartland (2007): Season 10,No,,7900000,13:17,600000
Heartland (2007): Season 11,No,,7900000,13:17,600000
Love Me: Season 1 // 러브 미: 시즌1,No,,7900000,12:23,600000
All American: Season 5,No,,7800000,14:07,600000
Bunk'd: Season 4,No,,7700000,12:00,600000
Romance in the House: Limited Series // 가족X멜로: 리미티드 시리즈,Yes,2024-08-10,7700000,13:13,600000
Scandal (2012): Season 7,No,,7700000,12:57,600000
Parenthood (2010): Season 3,No,,7600000,12:59,600000
Grey's Anatomy: Season 22,No,,7500000,12:55,600000
Love Is Blind: S1: Atlanta,No,2020-02-13,7300000,12:46,600000
Scandal (2012): Season 6,No,,7300000,11:29,600000
Wedding Impossible: Season 1 // 웨딩임파서블: 시즌 1,No,,7300000,13:10,600000
Find Me in Paris: Season 1,No,,7200000,11:14,600000
Luz: The Light of the Heart: Season 1 // Luz: Temporada 1,Yes,2024-02-07,6900000,11:23,600000
The Five Juanas: Season 1 // La venganza de las Juanas: Temporada 1,Yes,2021-10-06,6800000,11:37,600000
H2O: Just Add Water: Season 3,No,,6600000,10:37,600000
El marginal: Season 1,No,2016-10-06,6500000,10:53,600000
Naruto: Season 7 // NARUTO-ナルト-: オリジナル編2,No,,6400000,10:00,600000
The Sea Beyond: Season 1 // Mare Fuori: Stagione 1,No,,6400000,11:19,600000
60 Days In: Season 9,No,,6300000,9:55,600000
House of Cards: Season 2,Yes,2014-02-14,6200000,11:02,600000
Sonic Boom: Season 2,No,,6200000,9:41,600000
The Inmate: Season 1 // El recluso: Temporada 1,No,2018-12-07,6200000,9:49,600000
All American: Season 6,No,,6100000,10:35,600000
Parenthood (2010): Season 4,No,,6000000,10:49,600000
Sneaky Links: Dating After Dark: Season 1,No,2025-05-21,6000000,9:26,600000
My Holo Love: Limited Series // 나 홀로 그대: 리미티드 시리즈,Yes,2020-02-07,5900000,10:40,600000
Ouran High School Host Club: Season 1 // 桜蘭高校ホスト部: シーズン1,No,,5900000,10:08,600000
Rescue Me (2004): Season 2,Yes,,5900000,9:52,600000
Sonic X: Season 1 // ソニックX: シーズン1,No,,5900000,10:42,600000
Naruto Shippuden: Season 5 // NARUTO-ナルト- 疾風伝: 三尾編,No,,5800000,9:15,600000
Titans: Season 2,No,2020-01-10,5800000,10:06,600000
Transformers Earthspark: Season 1,No,,5800000,9:24,600000
Wrong Side of the Tracks: Season 2 // Entrevías: Temporada 2,Yes,2023-03-01,5800000,9:39,600000
Love is Blind: France: Season 1 // Pour le meilleur et à l'aveugle: Saison 1,No,2025-09-10,5700000,9:47,600000
Pop Culture Jeopardy!: Season 1,No,2026-05-11,5700000,8:49,600000
Heartland (2007): Season 1,No,,5600000,9:46,600000
Wrong Side of the Tracks: Season 4 // Entrevías: Temporada 4,Yes,2025-02-07,5600000,9:39,600000
All American: Season 7,No,,5500000,9:10,600000
Parasyte: The Maxim: Season 1 // 寄生獣 セイの格率: シーズン1,No,,5500000,9:09,600000
The Light We Cast: Season 1 // 銀河の一票: シーズン1,No,,5500000,8:30,600000
Wrong Side of the Tracks: Season 3 // Entrevías: Temporada 3,Yes,2024-02-23,5500000,9:53,600000
72 Dangerous Animals: Latin America: Limited Series,Yes,2017-12-22,5400000,8:49,600000
Arrested Development: Season 4 Remix: Fateful Consequences,No,2018-05-03,5400000,8:24,600000
Fauda: Season 2 // פאודה: עונה 2,Yes,2018-05-24,5400000,8:40,600000
Love Generation: Season 1 // ラブ ジェネレーション: シーズン1,Yes,,5400000,9:21,600000
Talking Tom and Friends: Season 1,No,,5400000,*,600000
The Lieutenant Ninzaburo Furuhata: Season 1 // 警部補・古畑任三郎: 第1シリーズ,No,,5400000,9:19,600000
Club de Cuervos: Season 1,Yes,2015-08-07,5300000,8:55,600000
Friends (1994): Season 1,No,,5300000,9:02,600000
Horrid Henry: Season 1,No,,5300000,*,600000
The Flash (2014): Season 9,No,,5300000,9:09,600000
The King of Queens: Season 3,No,,5300000,8:41,600000
Eva Lasting: Season 1 // La primera vez: Temporada 1,Yes,2023-02-15,5200000,9:08,600000
Extracurricular: Season 1 // 인간수업: 시즌 1,Yes,2020-04-29,5200000,9:09,600000
Fargo: Season 3,No,,5200000,8:44,600000
Friendly Rivalry: Season 1 // 선의의 경쟁: 시즌 1,No,,5200000,8:03,600000
Iron Reign: Season 1 // Mano de hierro: Temporada 1,Yes,2024-03-15,5200000,8:20,600000
Law & Order (1990): Season 23,No,,5100000,9:08,600000
Marco Polo: Season 2,Yes,2016-07-01,5100000,9:10,600000
Passing the Reins: Season 1 // ザ・ロイヤルファミリー: シーズン1,No,,5100000,8:17,600000
Undercover: Season 1,Yes,2019-05-03,5100000,8:17,600000
WWII in Color: Road to Victory: Season 1,Yes,2021-12-22,5100000,8:33,600000
Dubai Bling: Season 3 // Bling دبي: موسم 3,No,2025-01-08,5000000,7:46,600000
Martin: Season 5,No,,5000000,8:51,600000
Naruto Shippuden: Season 13 // NARUTO-ナルト- 疾風伝: 忍界大戦編(2),No,,5000000,7:50,600000
Fauda: Season 4 // פאודה: עונה 4,Yes,2023-01-20,4900000,8:19,600000
Sneaky Pete: Season 2,No,,4900000,8:32,600000
The Fairly OddParents: Season 4,No,,4900000,8:26,600000
Black-ish: Season 7,No,,4800000,7:29,600000
Chilling Adventures of Sabrina: Part 4,Yes,2020-12-31,4800000,7:50,600000
Dragon Ball DAIMA // ドラゴンボールDAIMA,No,,4800000,8:06,600000
Heartland (2007): Season 12,No,,4800000,8:07,600000
Snowpiercer: Season 2,No,2021-01-26,4800000,7:55,600000
Dare You to Death: Season 1 // ไขคดีเป็น เห็นคดีตาย: ซีซั่น 1,Yes,,4700000,7:39,600000
Heartland (2007): Season 14,No,,4700000,7:21,600000
Sounds of Winter: Season 1 // 冬のなんかさ、春のなんかね: シーズン1,Yes,,4700000,8:22,600000
The Boyfriend: Season 1 // ボーイフレンド: シーズン1,No,2024-07-09,4700000,7:23,600000
Cable Girls: Season 1 // Las chicas del cable: Temporada 1,Yes,2017-04-28,4600000,7:10,600000
Chesapeake Shores: Season 2,No,,4600000,7:17,600000
Cowboy Bebop: Season 1,Yes,2021-11-19,4600000,7:42,600000
Eva Lasting: Season 3 // La primera vez: Temporada 3,Yes,2025-06-04,4600000,7:39,600000
Graveyard: Season 1 // Mezarlık: 1. Sezon,Yes,2022-06-16,4600000,7:07,600000
Good Witch (2015): Season 1,No,,4500000,7:00,600000
Monarca: Season 1,Yes,2019-09-13,4500000,7:12,600000
DI4RIES: Season 2 // DI4RI: Stagione 2,Yes,2023-09-14,4400000,7:02,600000
Golden Kamuy -The Hunt of Prisoners in Hokkaido-: Season 1 // 連続ドラマW ゴールデンカムイー北海道刺青囚人争奪編ー: シーズン1,Yes,2025-02-06,4400000,7:57,600000
Heartland (2007): Season 13,No,,4400000,7:23,600000
Jekyll and Hyde: Season 1,No,,4400000,7:37,600000
Operation Wedding: Season 1,No,,4400000,7:57,600000
The 8 Show: Limited Series,Yes,2024-05-17,4400000,6:59,600000
The Fabulous: Season 1 // 더 패뷸러스: 시즌 1,Yes,2022-12-23,4400000,7:30,600000
Benidorm (2007): Season 9,No,,4300000,6:54,600000
LEGO® DREAMZzz: Trials of the Dream Chasers,Yes,,4300000,7:42,600000
Women at War: Limited Series // Les Combattantes: Mini-série,Yes,2022-10-27,4300000,6:50,600000
LOVED ONE: Season 1,Yes,,4200000,*,600000
Mad Unicorn: Limited Series // สงคราม ส่งด่วน: ลิมิเต็ดซีรีส์,Yes,2025-05-29,4200000,7:06,600000
Another Life: Season 2,Yes,2021-10-14,4100000,6:44,600000
Bread Barbershop: Season 2,Yes,,4100000,6:34,600000
Boy Swallows Universe: Limited Series,Yes,2024-01-11,4000000,6:44,600000
Celebrity Bear Hunt: Season 1,No,2025-02-05,4000000,7:09,600000
Miss Governor: Season 1,Yes,2025-05-22,4000000,7:00,600000
Starting 5: Season 2,Yes,2025-10-16,4000000,6:52,600000
Dew Drop Diaries: Season 1,Yes,2023-07-24,3900000,6:11,600000
Thai Cave Rescue: Limited Series // ถ้ำหลวง: ภารกิจแห่งความหวัง: ลิมิเต็ดซีรีส์,Yes,2022-09-22,3900000,6:12,600000
Altered Carbon: Season 2,Yes,2020-02-27,3800000,6:37,600000
Khakee: The Bengal Chapter: Season 1 // खाकी: द बंगाल चैप्टर: सीज़न 1,Yes,2025-03-20,3800000,5:51,600000
Hilda: Season 2,Yes,2020-12-14,3700000,5:44,600000
"Is It Cake, Too?",No,2023-06-30,3700000,5:52,600000
Kong: King of the Apes: Season 1,Yes,2016-04-15,3700000,6:13,600000
The Worst Witch: Season 3,Yes,2019-07-26,3700000,6:01,600000
Daughter From Another Mother: Season 3 // Madre solo hay dos: Temporada 3,Yes,2022-12-25,3600000,6:20,600000
Delirium: Limited Series // Delirio: Miniserie,Yes,2025-07-18,3600000,5:42,600000
My First First Love: Season 2 // 첫사랑은 처음이라서: 시즌 2,Yes,2019-07-26,3600000,6:15,600000
The Naked Director: Season 1 // 全裸監督: シーズン1,No,2019-08-08,3600000,6:24,600000
One Day at a Time: Season 2,Yes,2018-01-26,3500000,6:08,600000
One Piece: Whole Cake Island ⑦ // ワンピース: ホールケーキアイランド編⑦,No,,3500000,5:31,600000
Pokémon Master Journeys: The Series: Part 2,No,2022-01-21,3500000,5:32,600000
Valeria: Season 1,Yes,2020-05-08,3500000,5:32,600000
Boruto: Naruto Next Generations: Academy Entrance // BORUTO ボルト NEXT GENERATIONS: 忍者学校(アカデミー)入学編,No,,3400000,5:59,600000
Capitani: Season 1,Yes,2021-02-11,3400000,5:32,600000
Chucky: Season 1,No,,3400000,6:05,600000
Fullmetal Alchemist: Brotherhood: Part 4 // 鋼の錬金術師 Fullmetal Alchemist: パート4,No,,3400000,5:19,600000
Marcella: Season 1,Yes,2016-07-01,3400000,6:03,600000
Rust Valley Restorers: Season 1,No,2019-08-23,3400000,5:48,600000
Tex Mex Motors: Season 2,No,2024-11-22,3400000,5:38,600000
Kingdom: Series 6 // キングダム: 第6シリーズ,No,,3300000,5:24,600000
Supersex: Limited Series,Yes,2024-03-06,3300000,5:55,600000
Surviving Death: Limited Series,Yes,2021-01-06,3300000,5:14,600000
Dawn of the Croods: Season 1,No,2015-12-24,3200000,5:05,600000
Dawn of the Croods: Season 4,No,2017-07-07,3200000,5:08,600000
Eric: Limited Series,Yes,2024-05-30,3200000,5:21,600000
Final Draft: Season 1 // ファイナルドラフト: シーズン1,No,2025-08-12,3200000,5:27,600000
Glitch: Season 3,Yes,2019-09-25,3200000,5:25,600000
Grantchester: Season 1,No,,3200000,5:02,600000
Harry & Meghan: Limited Series,Yes,2022-12-08,3200000,5:49,600000
The Snow Girl: 2. The Soul Game // La chica de nieve: 2. El juego del alma,Yes,2025-01-31,3200000,4:58,600000
Daughter From Another Mother: Season 2 // Madre solo hay dos: Temporada 2,Yes,2021-12-24,3100000,4:55,600000
Marriagetoxin: Season 1 // マリッジトキシン: シーズン1,No,,3100000,5:11,600000
Mr. Iglesias: Part 1,Yes,2019-06-21,3100000,4:53,600000
Savage Beauty: Season 2,Yes,2024-06-28,3100000,4:52,600000
Tidelands: Season 1,Yes,2018-12-14,3100000,5:35,600000
Chainsaw Man: Season 1 // チェンソーマン: シーズン1,No,,3000000,4:50,600000
Classroom of the Elite: Season 1 // ようこそ実力至上主義の教室へ: 1st Season,No,,3000000,4:48,600000
Classroom of the Elite: Season 3 // ようこそ実力至上主義の教室へ: 3rd Season,No,,3000000,5:08,600000
Dudes: Season 1 // Alphamännchen: Staffel 1,Yes,2025-10-02,3000000,4:47,600000
Florida Man: Limited Series,Yes,2023-04-13,3000000,5:19,600000
Fullmetal Alchemist: Brotherhood: Part 5 // 鋼の錬金術師 Fullmetal Alchemist: パート5,No,,3000000,4:53,600000
Santa Clarita Diet: Season 3,Yes,2019-03-29,3000000,4:58,600000
The 7 Lives of Lea: Limited Series // Les 7 vies de Léa: Mini-série,Yes,2022-04-28,3000000,5:14,600000
The Protector: Season 3 // Hakan: Muhafız: 3. Sezon,Yes,2020-03-06,3000000,5:27,600000
Trailer Park Boys: Season 12,Yes,2018-03-30,3000000,4:55,600000
Turning Point: 9/11 and the War on Terror: Limited Series,Yes,2021-09-01,3000000,5:15,600000
Baby: Season 2,Yes,2019-10-18,2900000,4:40,600000
Blood & Water: Season 1,Yes,2020-05-20,2900000,4:53,600000
Castlevania: Season 4,Yes,2021-05-13,2900000,4:28,600000
Creeped Out: Season 1,Yes,2018-10-04,2900000,5:16,600000
Greenhouse Academy: Season 2,Yes,2018-02-14,2900000,4:41,600000
Naruto Shippuden: Season 16 // NARUTO-ナルト- 疾風伝: カカシ暗部篇～闇を生きる忍～,No,,2900000,5:00,600000
Pokémon Horizons: The Series: Part 1,No,2024-03-07,2900000,4:28,600000
Sintonia: Season 5,Yes,2025-02-05,2900000,5:07,600000
Tales of the Teenage Mutant Ninja Turtles: Season 1,No,,2900000,4:31,600000
Who Killed Sara?: Season 3 // ¿Quién mató a Sara?: Temporada 3,Yes,2022-05-18,2900000,4:42,600000
Wild Croc Territory: Season 1,No,2022-10-12,2900000,5:14,600000
Zoey 101: Season 2,No,,2900000,5:08,600000
Agents of Mystery: Season 1 // 미스터리 수사단: 시즌 1,No,2024-06-18,2800000,4:31,600000
Akane-Banashi: Season 1 // あかね噺: シーズン1,Yes,,2800000,*,600000
Asaf: Limited Series,Yes,2024-11-28,2800000,4:33,600000
Bake Squad: Season 1,No,2021-08-11,2800000,4:44,600000
Captains of the World: Season 1,Yes,2023-12-30,2800000,4:44,600000
I Was Reincarnated as the 7th Prince so I Can Take My Time Perfecting My Magical Ability: Season 2 // 転生したら第七王子だったので、気ままに魔術を極めます: 第2期,No,,2800000,4:50,600000
KENGAN ASHURA: Part ll // ケンガンアシュラ: シーズン1: パートII,Yes,2019-10-31,2800000,4:58,600000
Luna Nera: Season 1,Yes,2020-01-31,2800000,4:33,600000
Mr. Bean: The Animated Series: Season 3,No,,2800000,4:46,600000
Roman Empire: Commodus: Reign of Blood,Yes,2016-11-11,2800000,4:41,600000
Talking Tom and Friends: Season 2,No,,2800000,4:52,600000
Thomas & Friends: All Engines Go: Season 4,No,,2800000,*,600000
Tokyo Ghoul √A // 東京喰種トーキョーグール: 東京喰種√A,No,,2800000,4:49,600000
Black-ish: Season 8,No,,2700000,4:39,600000
Frontier: Season 3,Yes,2018-11-23,2700000,4:33,600000
He-Man and the Masters of the Universe: Season 1,Yes,2021-09-16,2700000,4:19,600000
Human Resources: Season 2,Yes,2023-06-09,2700000,4:41,600000
Rise of Empires: Ottoman: Mehmed vs. Vlad,Yes,2022-12-29,2700000,4:40,600000
Sintonia: Season 2,Yes,2021-10-27,2700000,4:47,600000
Snabba Cash: Season 1,Yes,2021-04-07,2700000,4:21,600000
Thursday's Widows: Limited Series // Las viudas de los jueves: Miniserie,Yes,2023-09-14,2700000,4:28,600000
A Man in Full: Limited Series,Yes,2024-05-02,2600000,4:28,600000
Fireman Sam: Season 14,No,,2600000,4:23,600000
Five Star Chef: Season 1,No,2023-07-14,2600000,4:38,600000
I AM A KILLER: Season 4,Yes,2022-12-21,2600000,4:36,600000
Little Baby Bum: Music Time: Season 2,Yes,2024-06-03,2600000,4:08,600000
MADOFF: The Monster of Wall Street: Limited Series,Yes,2023-01-04,2600000,4:13,600000
Samurai Rabbit: The Usagi Chronicles: Season 1,Yes,2022-04-28,2600000,4:12,600000
The Dragon Prince: Season 2,Yes,2019-02-15,2600000,4:02,600000
W.A.G.s to Riches: Season 1,No,2025-01-22,2600000,4:33,600000
Young Royals: Season 2,Yes,2022-11-01,2600000,4:29,600000
Close to Home: Murder in the Coalfield: Season 1 // Lauchhammer - Tod in der Lausitz: Staffel 1,Yes,,2500000,4:31,600000
Hilda: Season 3,Yes,2023-12-07,2500000,4:17,600000
Kipo and the Age of Wonderbeasts: Season 2,Yes,2020-06-12,2500000,3:52,600000
Llama Llama: Season 2,Yes,2019-11-15,2500000,4:06,600000
The Dragon Prince: Season 3,Yes,2019-11-22,2500000,4:07,600000
The Lost Pirate Kingdom: Limited Series,Yes,2021-03-15,2500000,4:20,600000
Transformers: BotBots: Season 1,No,2022-03-25,2500000,4:12,600000
Absurd Planet: Season 1,Yes,2020-04-22,2400000,3:55,600000
Age of Samurai: Battle for Japan: Limited Series,Yes,2021-02-24,2400000,4:15,600000
Pokémon Horizons: Season 2: The Search for Laqua: Part 1,No,2025-02-07,2400000,4:07,600000
Royal Rumble 2025,No,2025-02-01,2400000,4:16,600000
The Gangnam Project: Season 1,No,,2400000,4:10,600000
Castlevania: Nocturne: Season 1,Yes,2023-09-28,2300000,3:42,600000
Diary of a Ditched Girl: Season 1 // Halva Malmö består av killar som dumpat mig: Säsong 1,Yes,2025-09-11,2300000,3:36,600000
F is for Family: Season 5,Yes,2021-11-25,2300000,3:52,600000
Future Man: Season 3,No,,2300000,4:09,600000
Search Party: Season 3,No,,2300000,3:51,600000
Supa Team 4: Season 1,Yes,2023-07-20,2300000,3:37,600000
Castlevania: Nocturne: Season 2,Yes,2025-01-16,2200000,3:57,600000
Churchill at War: Season 1,Yes,2024-12-04,2200000,3:57,600000
Collateral: Limited Series,Yes,2018-03-09,2200000,3:49,600000
Delhi Crime: Season 2 // दिल्ली क्राइम: सीज़न 2,Yes,2022-08-26,2200000,3:42,600000
Drake & Josh: Season 2,No,,2200000,3:40,600000
How to Sell Drugs Online (Fast): Season 3,Yes,2021-07-27,2200000,3:25,600000
Into the Night: Season 1,Yes,2020-05-01,2200000,3:47,600000
Kipo and the Age of Wonderbeasts: Season 3,Yes,2020-10-12,2200000,3:52,600000
Sky Rojo: Season 2,Yes,2021-07-23,2200000,3:48,600000
Kid Cosmic: Season 1,Yes,2021-02-02,2100000,3:41,600000
Monster High (2022): Season 2A,No,,2100000,3:45,600000
Tomb Raider: The Legend of Lara Croft: Season 2,Yes,2025-12-11,2100000,3:28,600000
Transformers Earthspark: Season 2,No,,2100000,3:37,600000
Carmen Sandiego: Season 4,Yes,2021-01-15,2000000,3:17,600000
Chimp Empire: Limited Series,Yes,2023-04-19,2000000,3:12,600000
Motherland: Season 1,No,,2000000,3:15,600000
Ushijima The Loan Shark: Season 3 // 闇金ウシジマくん: シーズン3,No,,2000000,3:29,600000
2026 World Baseball Classic: Korea vs. Chinese Taipei // 2026 ワールドベースボールクラシック: 韓国 対 チャイニーズ・タイペイ,No,2026-03-07,1900000,3:03*,600000
Greenhouse Academy: Season 3,Yes,2019-10-25,1900000,3:12,600000
Motherland: Season 2,No,,1900000,3:01,600000
Roosters: Season 1 // Haantjes: Seizoen 1,Yes,2025-02-28,1900000,3:19,600000
The Ripper: Limited Series,Yes,2020-12-16,1900000,3:16,600000
This World Can't Tear Me Down: Season 1 // Questo mondo non mi renderà cattivo: Stagione 1,Yes,2023-06-09,1900000,2:59,600000
Digman!: Season 1,No,,1800000,2:54,600000
Evil Genius: the True Story of America's Most Diabolical Bank Heist: Limited Series,Yes,2018-05-11,1800000,3:14,600000
Fast & Furious Spy Racers: Season 1,Yes,2019-12-26,1800000,3:12,600000
Just a Dash: Season 3,No,,1800000,2:51,600000
The Tiny Chef Show: Season 1,No,,1800000,3:02,600000
Baby Fever: Season 1 // Skruk: Sæson 1,Yes,2022-06-08,1700000,3:05,600000
Naruto Shippuden: Season 7 // NARUTO-ナルト- 疾風伝: 六尾編,No,,1700000,3:05,600000
The Way of the Househusband: Season 1 // 極主夫道: シーズン1,Yes,2021-04-08,1700000,3:02,600000
Barracuda Queens: Season 2,Yes,2025-06-05,1600000,2:51,600000
Fear City: New York vs The Mafia: Limited Series,Yes,2020-07-22,1600000,2:36,600000
Headspace Guide to Meditation: Season 1,Yes,2021-01-01,1600000,2:53,600000
Motherland: Season 3,No,,1600000,2:53,600000
Mysteries of the Faith: Season 1,Yes,2023-11-01,1600000,2:49,600000
The Vince Staples Show: Season 2,Yes,2025-11-06,1600000,2:28,600000
Dancing for the Devil: The 7M TikTok Cult: Season 1,Yes,2024-05-29,1500000,2:41,600000
Quiz (2020): Season 1,No,,1500000,2:33,600000
BoBoiBoy Galaxy: Baraju: Season 1,No,,1400000,2:17,600000
How to Ruin Love: The Lobola,Yes,2025-12-19,1400000,2:14,600000
My Sesame Street Friends: My Abby: Season 1,No,,1400000,2:22,600000
My Sesame Street Friends: My Cookie Monster: Season 1,Yes,,1400000,2:22,600000
My Sesame Street Friends: My Elmo: Season 2,No,,1400000,2:23,600000
Prey (2014): Season 2,No,,1400000,2:16,600000
Project Mc²: Part 2,Yes,2016-08-12,1400000,2:27,600000
Carmen Sandiego: Season 3,Yes,2020-10-01,1300000,2:02,600000
Kill Tony: Kill or Be Killed,No,2025-04-07,1300000,2:12,600000
Pet Stars: Season 1,No,2021-04-30,1300000,2:16,600000
99.9 Criminal Lawyer: Season 3 // 99.9-刑事専門弁護士-: シーズン3,No,,1200000,1:59,600000
"WWE SmackDown: June 26, 2026",No,2026-06-26,1200000,2:04,600000
"Jerry Springer: Fights, Camera, Action: Limited Series",Yes,2025-01-07,1000000,1:38,600000
Samuel: Season 1,No,,900000,1:36,600000
Star Search: Semi-Final: Night 1,No,2026-02-10,800000,1:15,600000
Star Search: Semi-Final: Night 2,No,2026-02-11,800000,1:18,600000
Star Search: The Finals,No,2026-02-17,800000,1:20*,600000
Mike Epps: Ready to Sell Out,No,2024-02-20,600000,1:01,600000
Ricky Gervais: Armageddon,No,2023-12-25,600000,1:03,600000
Tom Segura: Sledgehammer,No,2023-07-04,600000,1:02,600000
Dee & Friends in Oz: The Prequel,Yes,2024-02-05,500000,0:48,600000
Robocar POLI Special: The Story of the Desert Rescue // 로보카폴리 스페셜: 사막 구조대 이야기,Yes,,500000,0:49,600000
StarBeam: Beaming in the New Year,No,2021-12-14,500000,0:47,600000
Contos Clássicos com a Galinha Pintadinha: Season 1,No,,400000,0:42,600000
A Family Reunion Christmas,Yes,2019-12-09,300000,0:29,600000
Spirit Riding Free: Pony Tales: Collection 1,Yes,2019-08-09,300000,0:30,600000
Biduzidos: Season 1,No,,200000,0:21,600000
True Tunes: Songs,Yes,2019-07-12,200000,0:21,600000
Pasión de Gavilanes: Season 1,No,,64600000,131:53,500000
Terikat Janji: Season 1,No,,35900000,79:34,500000
Til Money Do Us Part: Season 1 // Hasta que la plata nos separe: Temporada 1,No,2022-10-19,31800000,63:33,500000
Her Mother's Killer: Season 1 // La venganza de Analía: Temporada 1,No,2020-08-26,20400000,41:30,500000
Tails of Tales: 2026 // 꼬리에 꼬리를 무는 그날 이야기,No,,17600000,32:27,500000
The Story Of Pearl Girl // 珠簾玉幕 // 珠帘玉幕,No,,16000000,30:14,500000
I Am Not Mendoza: Season 1 // Yo no soy Mendoza: Temporada 1,No,2025-04-16,15900000,29:52,500000
Ace of Diamond // ダイヤのA: シーズン1,No,,15400000,29:56,500000
Aquí no hay quien viva (2003): Temporada 4,No,,14600000,28:10,500000
100 Days My Prince: Limited Series // 백일의 낭군님: 리미티드 시리즈,Yes,,10500000,20:14,500000
Birth of a Beauty: Limited Series // 미녀의 탄생: 리미티드 시리즈,No,,10300000,22:44,500000
Toriko: Season 1,No,,10200000,19:09,500000
My Liberation Notes: Limited Series // 나의 해방일지: 리미티드 시리즈,Yes,2022-04-09,9700000,17:57,500000
My Mister: Limited Series // 나의 아저씨: 리미티드 시리즈,Yes,,9600000,21:10,500000
One Spring Night: Season 1 // 봄밤: 시즌 1,Yes,2019-05-22,9300000,17:11,500000
What's Wrong with Secretary Kim: Limited Series // 김비서가 왜 그럴까: 리미티드 시리즈,No,,9300000,18:31,500000
Aquí no hay quien viva (2003): Temporada 6,No,,9000000,19:47,500000
Pretty Little Liars (2010): Season 2,No,,8900000,18:14,500000
Sisyphus: Season 1 // 시지프스: The Myth: 시즌 1,Yes,2021-02-17,8800000,18:55,500000
Aquí no hay quien viva (2003): Temporada 5,No,,8700000,17:02,500000
The West Wing: Season 6,No,,8600000,15:50,500000
Dynasty: Season 4,Yes,2021-10-22,8500000,15:34,500000
Military Prosecutor Doberman: Limited Series // 군검사 도베르만: 리미티드 시리즈,Yes,,8500000,17:32,500000
Pokémon Horizons: Season 2: The Search for Laqua: Season 2,No,,8500000,16:28,500000
ER (1994): Season 9,No,,8400000,16:35,500000
Parenthood (2010): Season 5,No,,8300000,15:47,500000
Cinderella and the Four Knights: Limited Series // 신데렐라와 네 명의 기사: 리미티드 시리즈,No,,8200000,16:13,500000
Strong Girl Bong-soon: Season 1 // 힘쎈 여자 도봉순: 시즌 1,No,,8200000,18:00,500000
Supernatural (2005): Season 1,No,,8200000,15:31,500000
El Chavo (1971): 1974,No,,8100000,15:02,500000
Blindspot (2015): Season 3,No,,7900000,15:42,500000
Dynasty: Season 5,Yes,2022-09-24,7900000,15:33,500000
One Tree Hill: Season 7,No,,7900000,15:26,500000
Pokémon The Series: XY: XY: Kalos Quest // ポケットモンスター XY: 49-93,No,,7900000,*,500000
El Chavo (1971): 1978,No,,7800000,14:39,500000
Khemjira the Series: Season 1 // เขมจิราต้องรอด: ซีซั่น 1,Yes,,7800000,15:37,500000
The West Wing: Season 7,No,,7800000,15:57,500000
Yankee: Season 1,Yes,2019-06-14,7700000,16:02,500000
El Chavo (1971): 1977,No,,7600000,14:23,500000
The Secret Life of My Secretary: Limited Series // 초면에 사랑합니다: 리미티드 시리즈,No,,7600000,15:59,500000
ER (1994): Season 10,No,,7500000,16:20,500000
Supergirl: Season 1,No,,7500000,14:32,500000
Blindspot (2015): Season 4,No,,7100000,15:40,500000
Nashville (2012): Season 1,No,,7100000,15:02,500000
Aquí no hay quien viva (2003): Temporada 3,No,,7000000,13:28,500000
Law & Order (1990): Season 24,No,,7000000,15:22,500000
Riverdale: Season 6,No,2021-11-17,7000000,15:30,500000
Aquí no hay quien viva (2003): Temporada 2,No,,6900000,14:57,500000
"Thirty-Nine: Limited Series // 서른, 아홉: 리미티드 시리즈",Yes,2022-02-16,6800000,14:28,500000
Through the Darkness: Limited Series // 악의 마음을 읽는 자들: 리미티드 시리즈,No,,6800000,*,500000
KENGAN ASHURA: Season 2 // ケンガンアシュラ: シーズン2,Yes,2023-09-21,6400000,11:49,500000
Ridiculousness: Season 11,No,,6400000,13:26,500000
Alba: Season 1,No,2022-07-15,6300000,11:33,500000
The Winning Try: Limited Series // 트라이: 우리는 기적이 된다: 리미티드 시리즈,Yes,2025-07-25,6300000,12:41,500000
Peter Rabbit: Season 2,No,,5800000,11:24,500000
Legacies: Season 1,No,,5700000,11:16,500000
Queenmaker: Season 1 // 퀸메이커: 시즌 1,Yes,2023-04-14,5700000,12:14,500000
Ancient Aliens: Season 11,No,,5400000,10:31,500000
The Staircase: Limited Series,Yes,2018-06-08,5300000,10:35,500000
Fargo: Season 4,No,,5200000,9:54,500000
Gigantosaurus: Season 1,No,,5200000,10:53,500000
Sense8: Season 1,Yes,2015-06-05,5200000,10:52,500000
Jin // JIN -仁-,No,,5100000,9:46,500000
Oh My Ghost Clients: Season 1 // 노무사 노무진: 시즌 1,No,,5100000,10:59,500000
The Great British Baking Show: Collection 6,No,2018-11-09,5100000,9:33,500000
The Queen of Lunchtime Cuisine: Season 1 // ランチの女王: シーズン1,Yes,,5100000,9:56,500000
It Is My Husband: Season 1 // 夫に間違いありません: シーズン1,No,,5000000,9:15,500000
Naruto: Season 8 // NARUTO-ナルト-: オリジナル編3,No,,5000000,10:00,500000
Orb: On the Movements of the Earth // チ。 ―地球の運動について―,Yes,,5000000,10:26,500000
Tokyo MER: Mobile Emergency Room: Season 1 // TOKYO MER～走る緊急救命室～: シーズン１,No,,5000000,10:24,500000
Cine Gibi: Turma da Mônica CineGibi,No,,4900000,10:28,500000
Fauda: Season 3 // פאודה: עונה 3,Yes,2020-04-16,4900000,8:57,500000
Hightown: Season 2,No,,4900000,9:19,500000
Parenthood (2010): Season 6,No,,4900000,9:21,500000
The Great British Baking Show: Collection 7,No,2019-08-30,4900000,9:42,500000
The Great British Baking Show: Collection 12,No,2024-09-27,4900000,10:03,500000
Perfect Match: Season 2,No,2024-06-07,4800000,9:37,500000
Rescue Me (2004): Season 3,Yes,,4800000,9:54,500000
Sonic Boom: Season 1,No,,4800000,9:41,500000
The Great British Baking Show: Collection 11,No,2023-09-29,4800000,10:02,500000
The Ultimatum: Marry or Move On: Season 3,No,2024-12-04,4800000,9:14,500000
Bloodline: Season 2,No,2016-05-27,4700000,10:14,500000
Food Wars!: Shokugeki no Soma // 食戟のソーマ,No,,4700000,9:58,500000
The Midnight Club: Season 1,Yes,2022-10-07,4700000,9:12,500000
MIU404: Season 1,No,,4600000,8:43,500000
Tiny Pretty Things: Season 1,Yes,2020-12-14,4600000,9:27,500000
The Adventures of Paddington: Season 2,No,,4500000,9:07,500000
The Last Ship: Season 3,No,,4500000,9:06,500000
Zoey's Extraordinary Playlist: Season 1,No,,4500000,8:41,500000
Home Improvement: Season 1,No,,4400000,9:24,500000
Bunk'd: Season 5,No,,4300000,8:31,500000
Friends (1994): Season 2,No,,4300000,9:04,500000
Friends (1994): Season 3,No,,4300000,9:28,500000
The Bernie Mac Show: Season 1,No,,4300000,8:09,500000
Friends (1994): Season 5,No,,4200000,8:51,500000
Gokusen: Season 2 // ごくせん２,No,,4200000,8:29,500000
Queer Eye: Season 9,No,2024-12-11,4200000,8:50,500000
The King of Queens: Season 4,No,,4200000,9:17,500000
The Mole: Season 2,No,2024-06-28,4200000,7:46,500000
Travelers: Season 2,Yes,2017-12-26,4200000,8:53,500000
Kung Fu Panda: The Dragon Knight: Season 3,Yes,2023-09-07,4100000,7:43,500000
Snowpiercer: Season 3,No,2022-01-25,4100000,7:53,500000
Taboo (2017): Season 1,No,,4100000,7:54,500000
AJ and the Queen: Season 1,Yes,2020-01-10,4000000,8:42,500000
Chesapeake Shores: Season 3,No,,4000000,7:36,500000
Formula 1: Drive to Survive: Season 6,Yes,2024-02-23,4000000,7:28,500000
Friends (1994): Season 4,No,,4000000,8:53,500000
Gypsy: Season 1,Yes,2017-06-30,4000000,8:42,500000
Three Idiots in Kenya: Season 1 // 케냐 간 세끼: 시즌 1,No,2025-11-25,4000000,7:44,500000
America's Team: The Gambler and His Cowboys: Season 1,Yes,2025-08-19,3900000,7:48,500000
Call the Midwife: Series 14,No,,3900000,8:33,500000
Good Witch (2015): Season 2,No,,3900000,8:23,500000
Ingobernable: Season 2,Yes,2018-09-14,3900000,8:13,500000
Love Is Blind: Germany: Season 1,No,2025-01-03,3900000,8:15,500000
NOBUTA WO PRODUCE: Season 1 // 野ブタ。をプロデュース: シーズン1,No,,3900000,8:12,500000
Squid Game: The Challenge: Season 1,No,2023-11-22,3900000,8:10,500000
Stranded with my Mother-in-Law: Season 3 // Ilhados com a Sogra: Temporada 3,No,2025-12-03,3900000,7:55,500000
El marginal: Season 2,No,2018-09-28,3800000,7:39,500000
Eva Lasting: Season 2 // La primera vez: Temporada 2,Yes,2024-07-10,3800000,8:09,500000
Fargo: Season 5,No,,3800000,7:53,500000
Playing with Fire: Season 1 // Jugar con fuego: Temporada 1,No,2019-05-31,3800000,7:13,500000
Say Yes to the Dress: Season 19,No,,3800000,7:05,500000
Benidorm (2007): Season 10,No,,3700000,6:57,500000
Naruto Shippuden: Season 19 // NARUTO-ナルト- 疾風伝: オリジナル(3)新たなる中忍試験編,No,,3700000,7:42,500000
Say Yes to the Dress: Season 18,No,,3700000,7:05,500000
The Big Nailed It Baking Challenge: Season 1,No,2023-08-04,3700000,7:48,500000
The Trust: Season 1,No,2024-01-10,3700000,6:56,500000
Chesapeake Shores: Season 6,No,,3600000,7:14,500000
Inside: USA: Season 1,No,2025-09-21,3600000,6:33,500000
Mad for Each Other: Season 1 // 이 구역의 미친 X: 시즌 1,Yes,2021-05-24,3600000,7:29,500000
Orphan Black: Season 2,No,2014-09-08,3600000,6:58,500000
Sneaky Pete: Season 3,No,,3600000,7:40,500000
Sullivan's Crossing: Season 4,No,,3600000,7:26,500000
The Parkers: Season 1,No,,3600000,7:58,500000
The Parkers: Season 3,No,,3600000,7:51,500000
Trick: Season 1 // トリック: シーズン1,No,,3600000,7:37,500000
Wild Wild Country: Limited Series,Yes,2018-03-16,3600000,6:43,500000
Blue Ribbon Baking Championship: Season 1,No,2024-08-09,3500000,6:23,500000
Half Bad: The Bastard Son & The Devil Himself: Season 1,Yes,2022-10-28,3500000,6:31,500000
Heirs to the Land: Season 1 // Los herederos de la tierra: Temporada 1,Yes,2022-04-15,3500000,7:11,500000
Lady Voyeur: Limited Series // Olhar Indiscreto: Minissérie,Yes,2022-12-31,3500000,6:23,500000
The UnXplained: Season 6,No,,3500000,7:00,500000
Chesapeake Shores: Season 5,No,,3400000,7:28,500000
Somebody Feed Phil: Season 8,Yes,2025-06-18,3400000,6:20,500000
Toy Boy: Season 2,No,2022-02-11,3400000,6:31,500000
Ancient Aliens: Season 10,No,,3300000,7:01,500000
Glow Up: Season 5,No,2023-09-12,3300000,6:35,500000
La Preside: Season 1,No,,3300000,7:19,500000
Robocar POLI: Season 4,Yes,,3300000,6:01,500000
The Sound of Magic: Limited Series // 안나라수마나라: 리미티드 시리즈,Yes,2022-05-06,3300000,6:54,500000
Unbreakable Kimmy Schmidt: Season 2,Yes,2016-04-15,3300000,6:48,500000
As the Crow Flies: Season 1 // Kuş Uçuşu: 1. Sezon,Yes,2022-06-03,3200000,6:10,500000
Dubai Bling: Season 1 // Bling دبي: موسم 1,No,2022-10-27,3200000,6:14,500000
Hightown: Season 3,No,,3200000,6:14,500000
Saihara the Loan Shark: Season 1 // 闇金ウシジマくん外伝 闇金サイハラさん: シーズン1,No,,3200000,5:57,500000
Spy Ops: Season 1,Yes,2023-09-08,3200000,6:02,500000
The A Word: Season 1,No,,3200000,5:52,500000
The Worst Witch: Season 4,Yes,2020-10-01,3200000,5:59,500000
Always a Witch: Season 1 // Siempre bruja: Temporada 1,Yes,2019-02-01,3100000,6:44,500000
Bread Barbershop: Season 3,Yes,,3100000,5:48,500000
Dee & Friends in Oz: The Series,Yes,2024-02-05,3100000,6:52,500000
Dinotrux: Season 3,No,2016-10-07,3100000,6:19,500000
Joko Anwar's Nightmares and Daydreams: Season 1,Yes,2024-06-14,3100000,6:04,500000
Marianne: Season 1,Yes,2019-09-13,3100000,6:02,500000
Sintonia: Season 4,Yes,2023-07-25,3100000,6:34,500000
Too Hot to Handle: Italy: Season 1 // Too Hot to Handle: Italia: Stagione 1,No,2025-07-18,3100000,*,500000
Weeds: Season 3,No,,3100000,6:34,500000
Agatha Christie's Marple: Series 1,No,,3000000,6:15,500000
Call Me Bruna: Season 2 // Me Chama de Bruna: Temporada 2,No,,3000000,6:04,500000
Fugue State 1986: Limited Series // Estado de fuga 1986: Miniserie,No,2025-12-04,3000000,6:04,500000
Iron Chef: Quest for an Iron Legend: Season 1,No,2022-06-15,3000000,6:19,500000
Midnight at the Pera Palace: Season 1 // Pera Palas'ta Gece Yarısı: 1. Sezon,Yes,2022-03-03,3000000,5:54,500000
Monarca: Season 2,Yes,2021-01-01,3000000,6:10,500000
Pokémon Master Journeys: The Series: Part 3,No,2022-05-26,3000000,5:31,500000
The Later Daters: Season 1,Yes,2024-11-29,3000000,5:32,500000
The Tourist: Season 1,No,2024-02-01,3000000,5:42,500000
Too Hot to Handle: Season 1,No,2020-04-17,3000000,6:13,500000
AlRawabi School for Girls: Season 2 // مدرسة الروابي للبنات: موسم 2,Yes,2024-02-15,2900000,5:54,500000
Big Tree City: Season 1,Yes,2022-08-01,2900000,5:59,500000
Cable Girls: Season 2 // Las chicas del cable: Temporada 2,Yes,2017-12-25,2900000,6:16,500000
D.P.: Season 2,Yes,2023-07-28,2900000,5:19,500000
One Day at a Time: Season 3,Yes,2019-02-08,2900000,5:47,500000
Slasher: Solstice,Yes,2019-05-23,2900000,6:08,500000
The Magic School Bus Rides Again: Season 2,Yes,2018-04-13,2900000,5:29,500000
The Travel Nurse: Season 1 // ザ・トラベルナース(2022),No,,2900000,6:23,500000
Weeds: Season 2,No,,2900000,5:33,500000
World of Winx: Season 1,Yes,2016-11-04,2900000,5:18,500000
3%: Season 1,Yes,2016-11-24,2800000,6:06,500000
30 Rock: Season 2,No,,2800000,5:22,500000
Control Z: Season 2,Yes,2021-08-04,2800000,5:06,500000
Hey Duggee: Season 3,No,,2800000,*,500000
Llama Llama: Season 1,Yes,2018-01-26,2800000,6:11,500000
Mighty Monsterwheelies: Season 1,Yes,2024-10-14,2800000,5:47,500000
Not Quite Narwhal: Season 1,Yes,2023-06-19,2800000,6:10,500000
Sexify: Season 1,Yes,2021-04-28,2800000,5:57,500000
Barbecue Showdown: Season 1,No,2020-09-18,2700000,5:43,500000
Car Masters: Rust to Riches: Season 1,No,2018-09-14,2700000,4:58,500000
Classroom of the Elite: Season 2 // ようこそ実力至上主義の教室へ: 2nd Season,No,,2700000,5:08,500000
Fear the Walking Dead: Season 1,No,,2700000,4:58,500000
Finding Ola: Season 2 // البحث عن علا: موسم 2,Yes,2024-09-26,2700000,5:27,500000
Formula 1: Drive to Survive: Season 2,Yes,2020-02-28,2700000,5:58,500000
"Good Morning, Verônica: Season 2 // Bom Dia, Verônica: Temporada 2",Yes,2022-08-03,2700000,5:11,500000
High Seas: Season 1 // Alta mar: Temporada 1,Yes,2019-05-24,2700000,5:42,500000
Hound's Hill: Limited Series // Wzgórze psów: Miniserial,Yes,2025-01-08,2700000,5:17,500000
Is It Wrong to Try to Pick Up Girls in a Dungeon?: Season 1 // ダンジョンに出会いを求めるのは間違っているだろうか: 第1期,No,,2700000,*,500000
Love 101: Season 1 // Aşk 101: 1. Sezon,Yes,2020-04-24,2700000,5:23,500000
No Good Nick: Part 2,Yes,2019-08-05,2700000,5:04,500000
Secrets of Summer: Season 1 // Cielo Grande: Temporada 1,Yes,2022-02-16,2700000,5:33,500000
Selena: The Series: Part 1,Yes,2020-12-04,2700000,5:38,500000
She: Season 2,Yes,2022-06-17,2700000,5:27,500000
Snowball Earth: Season 1 // スノウボールアース: シーズン1,No,,2700000,5:00,500000
Ace of Diamond: Ace of the Diamond Act II -Second Season- // ダイヤのA actⅡ -Second Season-,No,,2600000,5:07,500000
Bet Your Life: Season 1 // Bir İhtimal Daha Var: 1. Sezon,Yes,2025-03-20,2600000,5:06,500000
Blue Mountain State: Season 1,No,,2600000,4:47,500000
Dawn of the Croods: Season 2,No,2016-08-26,2600000,5:07,500000
Junji Ito Maniac: Japanese Tales of the Macabre: Season 1 // 伊藤潤二『マニアック』: シーズン1,Yes,2023-01-19,2600000,5:00,500000
Rising Impact: Season 1 // ライジングインパクト: シーズン1,Yes,2024-06-22,2600000,5:16,500000
Scandal Eve: Season 1 // スキャンダルイブ: シーズン1,Yes,,2600000,4:53,500000
The Walking Dead: Daryl Dixon: Season 2,No,,2600000,5:34,500000
Yakamoz S-245: Season 1,Yes,2022-04-20,2600000,5:34,500000
Young Royals: Season 3,Yes,2024-03-11,2600000,4:54,500000
Zom 100: Bucket List of the Dead: Season 1 // ゾン100〜ゾンビになるまでにしたい100のこと〜: シーズン1,No,,2600000,4:48,500000
3Below: Tales of Arcadia: Part 2,Yes,2019-07-12,2500000,5:09,500000
Fast & Furious Spy Racers: Season 6: Homecoming,Yes,2021-12-17,2500000,4:46,500000
I Was Reincarnated as the 7th Prince so I Can Take My Time Perfecting My Magical Ability // 転生したら第七王子だったので、気ままに魔術を極めます: 第1期,No,,2500000,4:46,500000
Letters From The Past: Limited Series // Geleceğe Mektuplar: Mini Dizi,Yes,2025-07-23,2500000,5:14,500000
Search Party: Season 4,No,,2500000,4:46,500000
Snakes and Ladders: Season 1 // Serpientes y Escaleras: Temporada 1,Yes,2025-05-14,2500000,5:03,500000
The Bequeathed: Limited Series // 선산: 리미티드 시리즈,Yes,2024-01-19,2500000,4:44,500000
Titipo Titipo: Season 2 // 띠띠뽀 띠띠뽀: 시즌2,No,,2500000,5:22,500000
Chiikawa: Season 1 // ちいかわ: シーズン1,No,,2400000,*,500000
Control Z: Season 3,Yes,2022-07-06,2400000,5:09,500000
Fixer: Season 1 // フィクサー: シーズン1,No,,2400000,4:35,500000
Grantchester: Season 2,No,,2400000,5:01,500000
LEGO® Friends The Next Chapter: Season 2,Yes,,2400000,4:34,500000
Pokémon: To Be a Pokémon Master: Ultimate Journeys: The Series: Part 1,No,2023-09-08,2400000,4:26,500000
The Protector: Season 4 // Hakan: Muhafız: 4. Sezon,Yes,2020-07-09,2400000,5:14,500000
Dead End: Paranormal Park: Season 1,Yes,2022-06-16,2300000,4:32,500000
Departure: Season 2,No,,2300000,4:16,500000
Easy-Bake Battle: The Home Cooking Competition: Season 1,No,2022-10-12,2300000,5:05,500000
PAW Patrol: Season 12,No,,2300000,5:02,500000
Rise of Empires: Ottoman: The Conquest of Constantinople,Yes,2020-01-24,2300000,4:35,500000
Sherlock (2010): Series 1,No,,2300000,4:27,500000
The Dragon Prince: Season 4,Yes,2022-11-03,2300000,4:13,500000
The Last Czars: Limited Series,Yes,2019-07-03,2300000,4:31,500000
AlRawabi School for Girls: Season 1 // مدرسة الروابي للبنات: موسم 1,Yes,2021-08-12,2200000,4:51,500000
Baby: Season 3,Yes,2020-09-16,2200000,4:38,500000
Chesapeake Shores: Season 4,No,,2200000,4:30,500000
Departure: Season 3,No,,2200000,4:17,500000
I Parry Everything: Season 1 // 俺は全てを【パリイ】する ～逆勘違いの世界最強は冒険者になりたい～: シーズン1,No,,2200000,4:46,500000
Kaiju No. 8: Season 1 // 怪獣8号: 第1期,No,,2200000,4:44,500000
LEGO Friends: Girls on a Mission: Season 2,No,,2200000,4:50,500000
Moonhaven: Season 1,No,,2200000,4:41,500000
Sintonia: Season 3,Yes,2022-07-13,2200000,4:28,500000
Sky Rojo: Season 3,Yes,2023-01-13,2200000,4:19,500000
Smother-in-Law: Season 1 // A Sogra que te pariu: Temporada 1,Yes,2022-04-13,2200000,4:06,500000
Still Game: Season 2,No,,2200000,4:20,500000
Style of Hiroshi Nohara’s Lunch: Season 1 // 野原ひろし 昼メシの流儀: シーズン1,No,,2200000,4:44,500000
Trailer Park Boys: The Animated Series: Season 1,Yes,2019-03-31,2200000,4:08,500000
Two Summers: Season 1 // Twee Zomers: Seizoen 1,No,2022-06-03,2200000,4:32,500000
Unsolved Mysteries: Volume 2,Yes,2020-10-19,2200000,4:20,500000
Disjointed: Part 1,No,2017-08-25,2100000,4:28,500000
Forensic Factor: A New Era: Season 1,No,,2100000,4:23,500000
Mo: Season 2,Yes,2025-01-30,2100000,4:00,500000
Night Court (2023): Season 2,No,,2100000,4:39,500000
Shanty Town: Season 1,Yes,2023-01-20,2100000,4:01,500000
The Dragon Prince: Season 5,Yes,2023-07-22,2100000,4:12,500000
The Dragon Prince: Season 7,Yes,2024-12-19,2100000,4:14,500000
The Feud: Season 1,No,,2100000,4:13,500000
Angry Birds: Summer Madness: Season 1,Yes,2022-01-28,2000000,3:43,500000
Back to 15: Season 2 // De Volta aos 15: Temporada 2,Yes,2023-07-05,2000000,3:54,500000
Back to 15: Season 3 // De Volta aos 15: Temporada 3,Yes,2024-08-21,2000000,3:58,500000
Biohackers: Season 1,Yes,2020-08-20,2000000,4:24,500000
I Am Georgina: Season 1 // Soy Georgina: Temporada 1,No,2022-01-27,2000000,4:07,500000
Invisible City: Season 1 // Cidade Invisível: Temporada 1,Yes,2021-02-05,2000000,4:15,500000
Love on the Spectrum: Australia: Season 1,No,2020-07-22,2000000,*,500000
Onimusha: Season 1 // 鬼武者: シーズン1,Yes,2023-11-02,2000000,3:43,500000
Team Kaylie: Part 3,Yes,2020-02-03,2000000,4:13,500000
The Dragon Prince: Season 6,Yes,2024-07-26,2000000,4:14,500000
28 Days Haunted: Season 1,No,2022-10-21,1900000,3:31,500000
Blood of Zeus: Season 2,Yes,2024-05-10,1900000,4:01,500000
Death Inc.: Season 1 // Muertos S.L.: Temporada 1,Yes,2025-07-31,1900000,3:52,500000
Friends from College: Season 1,Yes,2017-07-14,1900000,4:11,500000
Monster High (2022): Season 2B,No,,1900000,3:46,500000
My Lottery Dream Home: Season 13,No,,1900000,3:57,500000
Pinky Malinky: Part 2,Yes,2019-04-22,1900000,3:38,500000
The Game: You Never Play Alone: Season 1,Yes,2025-10-02,1900000,3:58,500000
Valeria: Season 4,Yes,2025-02-14,1900000,4:12,500000
Young Wallander: Killer's Shadow,Yes,2022-02-17,1900000,4:07,500000
Down for Love: Season 1,No,2023-08-11,1800000,3:55,500000
Little Baby Bum: Music Time: Season 1,Yes,2023-09-25,1800000,3:56,500000
Still Game: Season 5,No,,1800000,3:22,500000
Archer (2009): Season 1,No,,1700000,3:34,500000
Blood of Zeus: Season 3,Yes,2025-05-08,1700000,3:29,500000
Boruto: Naruto Next Generations: Sarada Uchiha // BORUTO ボルト NEXT GENERATIONS: うちはサラダ編,No,,1700000,3:36,500000
Community Squad: Season 1 // División Palermo: Temporada 1,Yes,2023-02-17,1700000,3:30,500000
DOTA: Dragon's Blood: Book 1,Yes,2021-03-25,1700000,3:29,500000
How to Change Your Mind: Limited Series,No,2022-07-12,1700000,3:34,500000
King of Collectibles: The Goldin Touch: Season 1,No,2023-04-28,1700000,3:23,500000
Kongsuni and Friends: Season 1 // 콩순이와 친구들: 시즌 1,Yes,,1700000,*,500000
Mismatched: Season 1 // मिसमैच्ड: सीज़न 1,Yes,2020-11-20,1700000,3:17,500000
Roman Empire: Julius Caesar: Master of Rome,Yes,2018-07-27,1700000,3:39,500000
Space Force: Season 2,Yes,2022-02-18,1700000,3:16,500000
Still Game: Season 6,No,,1700000,3:22,500000
Challenger: Limited Series,Yes,2020-09-16,1600000,3:00,500000
Detroiters: Season 1,No,,1600000,3:32,500000
Greenhouse Academy: Season 4,Yes,2020-03-20,1600000,3:05,500000
How to Become a Mob Boss: Season 1,Yes,2023-11-14,1600000,3:02,500000
McGREGOR FOREVER: Limited Series,Yes,2023-05-17,1600000,3:27,500000
Molang: Season 2,No,,1600000,3:02,500000
Naruto: Season 9 // NARUTO-ナルト-: オリジナル編4,No,,1600000,3:05,500000
Nothing to See Here: Season 1 // Ojitos de Huevo: Temporada 1,Yes,2023-11-17,1600000,3:23,500000
Plebs: Season 2,No,,1600000,3:07,500000
Shaun the Sheep: Season 4,No,,1600000,3:16,500000
The Kings of Tupelo: A Southern Crime Saga: Season 1,Yes,2024-12-11,1600000,3:15,500000
The Kominsky Method: Season 1,Yes,2018-11-16,1600000,3:30,500000
Ashley Garcia: Genius in Love: Part 2,Yes,2020-07-20,1500000,2:55,500000
Brockmire: Season 2,No,,1500000,2:57,500000
Chef's Table: Legends: Season 1,Yes,2025-04-28,1500000,3:16,500000
Criminal: UK: Season 2,Yes,2020-09-16,1500000,3:03,500000
Drug Lords: Season 2,Yes,2018-07-10,1500000,2:52,500000
Family Business: Season 1,Yes,2019-06-28,1500000,2:59,500000
Pacific Rim: The Black: Season 1,Yes,2021-03-04,1500000,2:53,500000
Still Game: Season 3,No,,1500000,2:54,500000
Still Game: Season 4,No,,1500000,2:53,500000
Top Boy: Summerhouse: Series 1,Yes,,1500000,3:17,500000
War Sailor: Limited Series // Krigsseileren: Miniserie,Yes,2023-04-02,1500000,2:56,500000
Animal: Season 1,Yes,2021-11-10,1400000,3:04,500000
Dream Home Makeover: Season 4,No,2022-12-09,1400000,2:56,500000
Fisk: Season 3,No,,1400000,2:47,500000
Gold & Greed: The Hunt for Fenn's Treasure: Season 1,Yes,2025-03-27,1400000,2:41,500000
"Good Morning, Verônica: Season 3 // Bom Dia, Verônica: Temporada 3",Yes,2024-02-14,1400000,2:53,500000
Mr. Iglesias: Part 2,Yes,2020-06-17,1400000,2:47,500000
Norsemen: Season 2,Yes,2018-09-26,1400000,3:06,500000
Plebs: Season 3,No,,1400000,3:05,500000
Still Game: Season 1,No,,1400000,2:54,500000
Team Kaylie: Part 2,Yes,2019-12-02,1400000,2:46,500000
Transformers Earthspark: Season 3,No,,1400000,2:54,500000
Chico Bon Bon: Monkey with a Tool Belt: Season 3,Yes,2020-09-22,1300000,2:24,500000
Crime Scene: The Times Square Killer: Limited Series,Yes,2021-12-29,1300000,2:27,500000
Fisk: Season 1,No,,1300000,2:43,500000
How to Become a Tyrant: Limited Series,Yes,2021-07-09,1300000,2:48,500000
Nailed It!: Season 7,No,2022-10-05,1300000,2:23,500000
"Pepsi, Where's My Jet?: Limited Series",Yes,2022-11-17,1300000,2:43,500000
Tekken: Bloodline: Season 1,No,2022-08-18,1300000,2:35,500000
"Upstairs, Downstairs (2010): Series 1",No,,1300000,2:37,500000
Beyond Stranger Things: Beyond 2,No,2017-10-27,1200000,2:28,500000
Chi’s Sweet Adventure: Summer Vacation // こねこのチー: ポンポンらー夏休み,Yes,,1200000,2:28,500000
House of Secrets: The Burari Deaths: Limited Series,Yes,2021-10-08,1200000,2:16,500000
My Little Pony: Tell Your Tale: Season 2,Yes,,1200000,2:37,500000
My Next Guest Needs No Introduction With David Letterman: Season 6,No,2025-12-16,1200000,2:21,500000
Plebs: Season 1,No,,1200000,2:14,500000
Project Mc²: Part 3,Yes,2016-10-14,1200000,2:29,500000
Criminal: UK: Season 1,Yes,2019-09-20,1100000,2:10,500000
Des: Season 1,No,,1100000,2:21,500000
Elves: Season 1 // Nisser: Sæson 1,Yes,2021-11-28,1100000,2:23,500000
Hello Ninja: Season 3,Yes,2020-07-10,1100000,2:11,500000
Norway: The Dark Horse: Limited Series // Norges vei tilbake: Miniserie,Yes,2026-06-09,1100000,2:02,500000
SAINT SEIYA: Knights of the Zodiac: Part I,Yes,2019-07-19,1100000,2:22,500000
Son of a Donkey: Season 1,Yes,2025-10-30,1100000,2:23,500000
The Conners: Season 7,No,,1100000,2:09,500000
The Diamond Heist: Limited Series,Yes,2025-04-16,1100000,2:15,500000
Transformers: War for Cybertron: Siege: Siege,Yes,2020-07-30,1100000,2:26,500000
Carlos Alcaraz: My Way: Season 1 // Carlos Alcaraz: A mi manera: Temporada 1,Yes,2025-04-23,1000000,1:57,500000
Masters of the Universe: Revelation: Part 1,Yes,2021-07-23,1000000,2:08,500000
Project Mc²: Part 5,Yes,2017-09-15,900000,2:00,500000
"Welcome, Now Get Lost // 罵倒村",No,2025-05-13,900000,1:55,500000
Detective Conan: Missing Conan Edogawa Case – His History's Worst Two Days: Season 1 // 名探偵コナン 江戸川コナン失踪事件〜史上最悪の2日間〜: シーズン1,No,,800000,1:32,500000
Jeff Ross: Take A Banana For The Ride,No,2026-03-24,800000,1:30,500000
Kitty Kotty: Season 3 // Kicia Kocia: Sezon 3,No,,700000,1:27,500000
"Raw: December 22, 2025",No,2025-12-22,700000,1:32,500000
Bert Kreischer: Lucky,No,2025-03-18,600000,1:08,500000
Dave Chappelle: Sticks & Stones,No,2019-08-26,600000,1:06,500000
John Mulaney: Baby J,No,2023-04-25,600000,1:20,500000
Leanne Morgan: I'm Every Woman,No,2023-04-11,600000,1:14,500000
Ricky Gervais: Humanity,No,2018-03-13,600000,1:19,500000
Tayo's Singalong Show: Season 1 // 타요의 씽씽극장: 시즌1,No,,600000,1:10,500000
Famous Last Words: Dr. Jane Goodall,Yes,2025-10-03,500000,0:55,500000
Fate/strange Fake: TVSP「-Whispers of Dawn-」 // TVアニメ『Fate/strange Fake』: TVSP「-Whispers of Dawn-」,No,,500000,0:56,500000
Franco Escamilla: Por la anécdota,No,2018-06-08,500000,1:06,500000
Jeff Dunham: Beside Himself,No,2019-09-24,500000,0:58,500000
Jim Jefferies: Two Limb Policy,No,2025-08-12,500000,1:03,500000
Jo Koy: Live from Brooklyn,No,2024-06-04,500000,1:00,500000
KPop Demon Hunters: Fireplace,Yes,2025-12-01,500000,1:00,500000
Pinkfong Dance Workout: Season 1 // 핑크퐁과 체조해요(영어): 시즌1,No,,500000,0:56,500000
Ricky Gervais: SuperNature,No,2022-05-24,500000,1:05,500000
Robby Hoffman: Wake Up,No,2025-12-14,500000,1:06,500000
Sarah Millican: Late Bloomer,No,2026-04-01,500000,1:00,500000
Thomas & Friends: The Mystery of Lookout Mountain,No,,500000,1:00,500000
Earthquake: Joke Telling Business,No,2025-09-30,400000,0:45,500000
Frankenstein: The Anatomy Lesson,Yes,2025-11-07,400000,0:46,500000
Tayo and the Animal Rescue: Season 1 // 타요와 동물구조대: 시즌 1,No,,400000,0:48,500000
The Magic School Bus Rides Again In the Zone,Yes,2020-12-26,400000,0:46,500000
Motherland Christmas Special 2022 (2017),No,,300000,0:33,500000
Project Mc²: Part 4,Yes,2017-02-14,300000,0:35,500000
"StoryBots: Laugh, Learn, Sing: Collection 2: Learn to Read",Yes,2022-07-18,300000,0:33,500000
A StoryBots Christmas,Yes,2017-12-01,200000,0:26,500000
Charlie's Colorforms City: The Lost Valentines Musical,Yes,2021-11-30,200000,0:25,500000
Charlie's Colorforms City: Snowy Stories,Yes,2021-11-30,200000,0:26,500000
Monsters 103 Mercies Dragon Damnation // MONSTERS 一百三情飛龍侍極,Yes,,200000,0:26,500000
Musical Rescue Tayo: Season 1 // 뮤지컬 레스큐 타요: 시즌 1,No,,200000,0:25,500000
One Piece Fan Letter,No,,200000,0:24,500000
Super Monsters Back to School,Yes,2019-08-16,200000,0:24,500000
Super Monsters Save Halloween,Yes,2018-10-05,200000,0:25,500000
Super Monsters: Dia de los Monsters,Yes,2020-10-09,200000,0:25,500000
A StoryBots Space Adventure,Yes,2021-09-14,100000,0:13,500000
La piloto: Season 1,No,,24400000,55:21,400000
Falsa identidad: Season 1,No,,23900000,64:44,400000
El Chema: Season 1,No,,21900000,61:58,400000
Señora Acero: Season 1,No,,20500000,53:48,400000
Her Mother's Killer: Season 2 // La venganza de Analía: Temporada 2,Yes,2025-09-08,19300000,52:02,400000
What Lies Beneath (2025): Season 1,No,,19200000,43:47,400000
Keluarga Yang Tak Dirindukan: Season 1,Yes,,18900000,46:22,400000
All For Love: Season 1 // Amar y vivir: Temporada 1,No,2020-06-26,18500000,52:25,400000
Miss Adrenaline: A Tale of Twins: Season 1 // Romina poderosa: Temporada 1,Yes,2023-08-30,18100000,49:51,400000
El Cartel: Season 1,No,,16400000,42:05,400000
Married at First Sight: Season 18,No,,16000000,37:32,400000
KLASS 95: The Power of Beauty: Season 1 // KLASS 95: El poder de la belleza: Temporada 1,Yes,2024-09-20,14800000,34:47,400000
Running Man: 2026 // 런닝맨,No,,14500000,40:59,400000
The Double: Season 1 // 墨雨雲間: 第1季 // 墨雨云间: 第1季,No,,12500000,33:20,400000
El Dragón: Return of a Warrior: Season 1 // El Dragón: El regreso de un guerrero: Temporada 1,No,2019-10-04,12400000,28:55,400000
Unanswered Questions: 2026 // 그것이 알고싶다,No,,11900000,27:28,400000
Mr. Sunshine: Season 1 // 미스터 션샤인: 시즌 1,Yes,2018-07-07,11100000,30:00,400000
Legend of the Female General: Season 1 // 錦月如歌: 第 1 季 // 锦月如歌: 第 1 季,No,,10600000,23:54,400000
The Prisoner of Beauty: Season 1 // 折腰: 第 1 季,No,,10600000,27:16,400000
The Penthouse: War in Life: Season 1 // 펜트하우스: 시즌1,No,,10300000,*,400000
A Secret in Prague: Season 1,No,,8600000,22:07,400000
Ace of Diamond Act II // ダイヤのA Act Ⅱ,No,,8600000,21:00,400000
Our Blues: Limited Series // 우리들의 블루스: 리미티드 시리즈,Yes,2022-04-09,8600000,22:01,400000
The Interest of Love: Limited Series // 사랑의 이해: 리미티드 시리즈,Yes,2022-12-21,8600000,20:00,400000
Doctor Stranger: Limited Series // 닥터 이방인: 리미티드 시리즈,No,,8400000,19:34,400000
Wrong Side of the Rainbow: Season 1 // รักหักหลัง: ซีซั่น 1,No,,8200000,18:35,400000
Reis: Series 1,No,,8000000,19:47,400000
Ace of Diamond Second Season // ダイヤのA Second Season,No,,7700000,20:18,400000
The Fiery Priest // 열혈사제,No,,7700000,19:53,400000
Because This Is My First Life: Limited Series // 이번 생은 처음이라: 리미티드 시리즈,Yes,,7600000,18:18,400000
Love (ft. Marriage and Divorce): Season 1 // 결혼작사 이혼작곡: 시즌 1,Yes,2021-01-23,7600000,18:08,400000
Pinocchio: Season 1 // 피노키오: 시즌 1,Yes,,7600000,19:34,400000
Pokémon The Series: XY: XYZ // ポケットモンスター XY: 94-142,No,,7500000,*,400000
Rookie Historian Goo Hae-Ryung: Season 1 // 신입사관 구해령: 시즌 1,Yes,2019-07-17,7500000,21:22,400000
Flower of Evil: Limited Series // 악의 꽃: 리미티드 시리즈,No,,7400000,18:56,400000
My Love from the Star: Season 1 // 별에서 온 그대: 시즌 1,No,,7400000,20:43,400000
Pretty Little Liars (2010): Season 3,No,,7300000,17:37,400000
Tale of the Nine Tailed: Limited Series // 구미호뎐: 리미티드 시리즈,Yes,,7300000,18:21,400000
Dawson's Creek: Season 2,No,,7200000,16:08,400000
Hot Stove League: Limited Series // 스토브리그: 리미티드 시리즈,Yes,,7200000,*,400000
El Chavo (1971): 1979 & 1980,No,,7100000,18:03,400000
Fire Country: Season 1,No,,7100000,15:51,400000
ER (1994): Season 11,No,,7000000,16:20,400000
Romance Is a Bonus Book: Season 1 // 로맨스는 별책부록: 시즌 1,Yes,2019-01-26,6800000,16:38,400000
Hawaii Five-0: Season 3,No,,6700000,17:14,400000
I Hear Your Voice: Limited Series // 너의 목소리가 들려: 리미티드 시리즈,Yes,,6700000,18:53,400000
Marriage Contract: Season 1 // 결혼계약: 시즌1,No,,6700000,17:00,400000
Pretty Little Liars (2010): Season 4,No,,6500000,*,400000
Beyond Evil: Limited Series // 괴물: 리미티드 시리즈,Yes,,6400000,17:29,400000
ER (1994): Season 12,No,,6400000,16:13,400000
Pokémon Horizons: The Series: Season 1,No,,6300000,16:31,400000
Aquí no hay quien viva (2003): Temporada 1,No,,6200000,15:27,400000
Nashville (2012): Season 2,No,,6200000,15:49,400000
One Tree Hill: Season 8,No,,6200000,15:26,400000
Weightlifting Fairy Kim Bok Joo: Limited Series // 역도요정 김복주: 리미티드 시리즈,No,,6200000,16:01,400000
ER (1994): Season 13,No,,6100000,16:42,400000
Dawson's Creek: Season 3,No,,6000000,16:39,400000
Delightfully Deceitful: Season 1 // 이로운 사기: 시즌 1,No,,6000000,16:34,400000
fumochitai: Season 1 // 不毛地帯: シーズン1,Yes,,6000000,15:49,400000
Heartland (2007): Season 2,No,,6000000,13:31,400000
Yu-Gi-Oh!: Season 1 // 遊☆戯☆王デュエルモンスターズ: 決闘者の王国(デュエリストキングダム) 編,No,,6000000,*,400000
Nashville (2012): Season 3,No,,5900000,15:47,400000
Heartland (2007): Season 4,No,,5800000,15:02,400000
BEYBLADE X: Season 2,No,,5700000,*,400000
The Penthouse: War in Life: Season 2 // 펜트하우스: 시즌2,No,,5700000,*,400000
Heartland (2007): Season 3,No,,5600000,13:32,400000
Nashville (2012): Season 4,No,,5600000,15:03,400000
Nashville (2012): Season 5,No,,5600000,15:44,400000
Supernatural (2005): Season 2,No,,5600000,15:05,400000
Better Late Than Single: Season 1 // 모태솔로지만 연애는 하고 싶어: 시즌 1,No,2025-07-08,5500000,13:07,400000
The Great Indian Kapil Show: Season 3 // द ग्रेट इंडियन कपिल शो: सीज़न 3,No,2025-06-21,5400000,15:08,400000
A Virtuous Business: Limited Series // 정숙한 세일즈: 리미티드 시리즈,Yes,2024-10-12,5300000,14:07,400000
Brave Detectives: Season 5 // 용감한 형사들: 시즌 5,No,,5200000,14:47,400000
Yellowstone: Season 5,No,,5200000,13:40,400000
Heartland (2007): Season 5,No,,5100000,13:19,400000
House of Cards: Season 3,Yes,2015-02-27,5100000,11:30,400000
Ridiculousness: Season 12,No,,5000000,14:06,400000
Goodbye Earth: Limited Series // 종말의 바보: 리미티드 시리즈,Yes,2024-04-26,4900000,11:48,400000
Heartland (2007): Season 6,No,,4900000,13:14,400000
Home Town (2016): Season 4,No,,4900000,12:12,400000
Peter Rabbit: Season 1,No,,4600000,11:23,400000
PJ Masks: Season 3,No,,4600000,10:27,400000
Titans: Season 3,No,2021-12-08,4600000,10:15,400000
Total Drama: Action,No,,4600000,*,400000
El hombre de tu vida (2011): Season 1,No,,4500000,10:31,400000
The Great British Baking Show: Collection 8,No,2020-09-25,4500000,10:02,400000
The Great British Baking Show: Collection 9,No,2021-09-24,4500000,10:02,400000
The Sea Beyond: Season 3 // Mare Fuori: Stagione 3,No,,4500000,12:46,400000
Goddess Bless You From Death: Season 1 // สิงสาลาตาย: ซีซั่น 1,No,,4400000,11:41,400000
Making a Murderer: Part 1,Yes,2015-12-18,4400000,10:13,400000
Bunk'd: Season 6,No,,4300000,12:07,400000
The Great British Baking Show: Collection 10,No,2022-09-16,4300000,10:03,400000
Brave Detectives: Season 4: 2026 // 용감한 형사들: 시즌4: 2026,No,,4200000,10:17,400000
Plaha: Season 1,No,,4200000,10:48,400000
Van Helsing: Season 2,Yes,2018-01-19,4200000,9:24,400000
Copycat Killer: Season 1 // 模仿犯: 第 1 季,Yes,2023-03-31,4100000,9:52,400000
Fear the Walking Dead: Season 2,No,,4100000,10:52,400000
Friends (1994): Season 6,No,,4100000,9:08,400000
HANA-KIMI: Season 1 // 花ざかりの君たちへ～イケメン♂パラダイス～: シーズン1,Yes,,4100000,10:13,400000
Legacies: Season 2,No,,4100000,11:15,400000
Physical: 100: Season 2 // 피지컬: 100: 시즌 2,No,2024-03-19,4100000,10:23,400000
Rescue Me (2004): Season 4,Yes,,4100000,9:45,400000
Club de Cuervos: Season 4,Yes,2019-01-25,4000000,10:59,400000
House of Cards: Season 4,Yes,2016-03-04,4000000,10:43,400000
The Garfield Show: Season 2,No,,4000000,10:17,400000
Your Honor (2020): Season 1,No,,4000000,9:27,400000
Bapa Mentuaku Mafia: Season 1,No,,3900000,9:05,400000
Deadwind: Season 1 // Karppi: Kausi 1,Yes,2018-08-23,3900000,8:55,400000
The Society: Season 1,Yes,2019-05-10,3900000,9:25,400000
Titans: Season 4,No,2023-06-25,3900000,9:57,400000
TSUKIMICHI -Moonlit Fantasy-: Season 2 // 月が導く異世界道中: シーズン2,No,,3900000,9:52,400000
Bloodline: Season 3,No,2017-05-26,3700000,9:16,400000
Iryu Team Medical Dragon: Season 1 // 医龍 Team Medical Dragon: シーズン1,No,,3700000,8:56,400000
Light of My Lion: Season 1 // ライオンの隠れ家: シーズン1,No,,3700000,8:14,400000
New Amsterdam (2018): Season 5,No,,3700000,9:13,400000
The Parkers: Season 4,No,,3700000,8:40,400000
"BASTARD‼ -Heavy Metal, Dark Fantasy-: Season 1 // BASTARD!! ー暗黒の破壊神ー: シーズン1",Yes,2022-06-30,3600000,10:01,400000
Friends (1994): Season 7,No,,3600000,8:45,400000
Good Witch (2015): Season 3,No,,3600000,8:26,400000
Naruto Shippuden: Season 11 // NARUTO-ナルト- 疾風伝: オリジナル(2) 航海編,No,,3600000,8:05,400000
The Confidence Man JP: Season 1 // コンフィデンスマンJP: シーズン1,No,,3600000,8:27,400000
Thomas & Friends: All Engines Go: Season 1,No,,3600000,*,400000
Van Helsing: Season 3,Yes,2019-02-25,3600000,9:24,400000
Akame ga Kill!: Season 1 // アカメが斬る!: シーズン1,No,,3500000,9:28,400000
Dog Man: Season 1 // 欠妳的那場婚禮: 第 1 季 // 欠你的那场婚礼: 第 1 季,No,,3500000,8:13,400000
Hajime no Ippo: The Fighting!: New Challenger // はじめの一歩: New Challenger,No,,3500000,9:59,400000
Hitler's Circle of Evil: Season 1,Yes,,3500000,8:42,400000
Home Improvement: Season 2,No,,3500000,9:51,400000
Ichikei’s Crow – The Criminal Court Judges: Season 1 // イチケイのカラス: シーズン1,Yes,,3500000,9:26,400000
"Love Is Blind, Habibi: Season 1 // الحب أعمى، حبيبي: موسم 1",No,2024-10-10,3500000,9:25,400000
Lovestruck in the City: Season 1 // 도시남녀의 사랑법: 시즌 1,Yes,2020-12-22,3500000,9:13,400000
Nicky Jam: El Ganador: Season 1,Yes,2018-11-30,3500000,9:44,400000
Offline Love: Season 1 // オフライン ラブ: シーズン1,No,2025-02-18,3500000,9:55,400000
The Adventures of Paddington: Season 1,No,,3500000,9:07,400000
The Parkers: Season 2,No,,3500000,7:51,400000
Arrested Development: Season 5,No,2018-05-29,3400000,7:56,400000
El marginal: Season 3,No,2019-09-27,3400000,7:46,400000
Friends (1994): Season 8,No,,3400000,8:45,400000
Home Town (2016): Season 3,No,,3400000,9:20,400000
Rurouni Kenshin: Season 1 // るろうに剣心 -明治剣客浪漫譚-: シーズン1,No,,3400000,9:09,400000
Song of the Bandits: Season 1 // 도적: 칼의 소리: 시즌 1,Yes,2023-09-22,3400000,8:38,400000
The Hot Spot: Season 1 // ホットスポット: シーズン1,Yes,,3400000,7:38,400000
The Resurrected: Season 1 // 回魂計: 第 1 季 // 回魂计: 第 1 季,Yes,2025-10-09,3400000,8:11,400000
Ancient Aliens: Season 9,No,,3300000,8:37,400000
Blindspot (2015): Season 5,No,,3300000,7:50,400000
Good Witch (2015): Season 4,No,,3300000,8:31,400000
I AM A KILLER: Season 1,Yes,2018-08-03,3300000,8:33,400000
Naruto Shippuden: Season 9 // NARUTO-ナルト- 疾風伝: オリジナル(1) 過去編,No,,3300000,8:05,400000
Next in Fashion: Season 2,No,2023-03-03,3300000,7:52,400000
RIPLEY: Limited Series,Yes,2024-04-04,3300000,7:29,400000
The Bernie Mac Show: Season 2,No,,3300000,8:01,400000
The Big Bang Theory: Season 4,No,,3300000,8:19,400000
The Greatest Teacher: Season 1 // 最高の教師 1年後、私は生徒に■された: シーズン1,No,,3300000,7:36,400000
Van Helsing: Season 4,Yes,2020-02-08,3300000,9:25,400000
Zoey's Extraordinary Playlist: Season 2,No,,3300000,9:25,400000
El marginal: Season 4,No,2022-01-19,3200000,7:50,400000
Let This Grieving Soul Retire!: Season 1 // 嘆きの亡霊は引退したい: シーズン1,No,,3200000,*,400000
Suburra: Blood on Rome: Season 1 // Suburra: La serie: Stagione 1,Yes,2017-10-06,3200000,8:26,400000
The Bernie Mac Show: Season 3,No,,3200000,7:57,400000
The Big Bang Theory: Season 5,No,,3200000,8:16,400000
Travelers: Season 3,Yes,2018-12-14,3200000,7:43,400000
30 Rock: Season 3,No,,3100000,7:29,400000
Freud: Season 1,No,2020-03-23,3100000,6:57,400000
Good Witch (2015): Season 5,No,,3100000,8:33,400000
Graveyard: Season 2 // Mezarlık: 2. Sezon,Yes,2025-02-27,3100000,7:30,400000
Oggy Oggy: Season 3,Yes,2023-10-16,3100000,8:30,400000
Orphan Black: Season 3,No,2015-04-19,3100000,7:00,400000
The Big Bang Theory: Season 2,No,,3100000,8:00,400000
The Disappearance of Madeleine McCann: Limited Series,Yes,2019-03-15,3100000,7:20,400000
The Jamie Foxx Show: Season 1,No,,3100000,8:14,400000
Unsolved Mysteries: Volume 3,Yes,2022-10-18,3100000,7:00,400000
Zomvivor: Season 1 // มหาลัยคลั่ง: ซีซั่น 1,Yes,,3100000,7:17,400000
Away: Season 1,Yes,2020-09-04,3000000,8:24,400000
Boruto: Naruto Next Generations: Chunin Exam // BORUTO ボルト NEXT GENERATIONS: 中忍試験編,No,,3000000,7:57,400000
Club de Cuervos: Season 3,Yes,2017-09-29,3000000,7:33,400000
Extremely Inappropriate!: Season 1 // 不適切にもほどがある!: シーズン1,No,,3000000,7:57,400000
Formula 1: Drive to Survive: Season 4,Yes,2022-03-11,3000000,7:02,400000
Formula 1: Drive to Survive: Season 5,Yes,2023-02-24,3000000,6:45,400000
From Me to You: Kimi ni Todoke: Season 1 // 君に届け: シーズン1,Yes,2023-03-30,3000000,6:50,400000
PLUTO: Season 1,Yes,2023-10-26,3000000,8:14,400000
Slasher: The Executioner,Yes,2016-05-17,3000000,6:44,400000
Soda Master: Season 1 // ラムネモンキー: シーズン1,No,,3000000,8:18,400000
The Big Bang Theory: Season 3,No,,3000000,7:51,400000
The Big Bang Theory: Season 6,No,,3000000,8:13,400000
The House of Flowers: Season 1 // La casa de las flores: Temporada 1,Yes,2018-08-10,3000000,6:49,400000
The Mole: Season 1,No,2022-10-07,3000000,7:18,400000
The Trial: Season 1 // Il processo: Stagione 1,Yes,2019-12-17,3000000,6:51,400000
Club de Cuervos: Season 2,Yes,2016-12-09,2900000,7:01,400000
Good Luck!! (2003): Season 1,No,,2900000,8:14,400000
Griya: Season 1,No,,2900000,6:39,400000
The Big Bang Theory: Season 7,No,,2900000,8:03,400000
The Lieutenant Ninzaburo Furuhata: Season 2 // 警部補・古畑任三郎: 第2シリーズ,No,,2900000,7:22,400000
Cuffs: Season 1,No,,2800000,7:37,400000
Dele: Season 1,No,,2800000,6:26,400000
Horrid Henry: Season 5,No,,2800000,7:35,400000
I AM A KILLER: Season 2,No,2020-01-31,2800000,7:42,400000
"Mr. Housekeeper, Mitazono: Season 2 // 家政夫のミタゾノ(2018)",No,,2800000,6:24,400000
My Lover My Killer: Season 2,No,,2800000,7:18,400000
Orphan Black: Season 4,No,2016-04-15,2800000,7:02,400000
Rotten Legacy: Season 1 // Legado: Temporada 1,Yes,2025-05-16,2800000,6:41,400000
The Big Bang Theory: Season 8,No,,2800000,7:57,400000
Women Document Detectives: Season 1 // 未解決の女 警視庁文書捜査官: シーズン1,No,,2800000,6:40,400000
Formula 1: Drive to Survive: Season 3,Yes,2021-03-19,2700000,6:47,400000
Petit Ours Brun: Little Brown Bear: Season 1,No,,2700000,6:04,400000
Unbreakable Kimmy Schmidt: Season 3,Yes,2017-05-19,2700000,6:53,400000
Weeds: Season 4,No,,2700000,6:04,400000
A Body that Works: Season 1 // גוף שלישי: עונה 1,No,,2600000,7:16,400000
Against the Ropes: Season 1 // Contra las cuerdas: Temporada 1,No,2023-01-25,2600000,6:40,400000
Aníkúlápó: The Series: Season 1: Rise of the Spectre,Yes,2024-03-01,2600000,6:40,400000
Call the Midwife: Series 5,No,,2600000,6:50,400000
Chastity High: Season 1 // 恋愛バトルロワイヤル: シーズン1,Yes,2024-08-29,2600000,6:43,400000
Grantchester: Season 3,No,,2600000,6:07,400000
Orphan Black: Season 5,No,2017-06-11,2600000,6:50,400000
Outsider Cops: Season 1 // 警視庁アウトサイダー: シーズン1,No,,2600000,6:53,400000
Pressure Cooker: Season 1,No,2023-01-06,2600000,6:18,400000
Somebody: Season 1 // 썸바디: 시즌 1,Yes,2022-11-18,2600000,7:17,400000
The Big Bang Theory: Season 1,No,,2600000,5:54,400000
The Keepers: Limited Series,Yes,2017-05-19,2600000,7:16,400000
Um Herói do Coração: Season 1,No,,2600000,5:58,400000
Weeds: Season 5,No,,2600000,6:02,400000
As the Crow Flies: Season 2 // Kuş Uçuşu: 2. Sezon,Yes,2023-12-14,2500000,6:28,400000
Bee and PuppyCat: Part 1,Yes,2022-09-06,2500000,6:59,400000
Big Timber: Season 2,No,2022-07-13,2500000,5:38,400000
Black Warrant: Season 1 // ब्लैक वॉरंट: सीज़न 1,Yes,2025-01-10,2500000,5:34,400000
Cable Girls: Season 3 // Las chicas del cable: Temporada 3,Yes,2018-09-07,2500000,6:06,400000
Call Me Bruna: Season 3 // Me Chama de Bruna: Temporada 3,No,,2500000,5:45,400000
Call Me Bruna: Season 4 // Me Chama de Bruna: Temporada 4,No,,2500000,5:59,400000
Clark: Limited Series,Yes,2022-05-05,2500000,6:05,400000
Dubai Bling: Season 2 // Bling دبي: موسم 2,No,2023-12-13,2500000,6:29,400000
Inspector DAIMAJIN: Season 1 // 警部補ダイマジン: シーズン1,No,,2500000,6:18,400000
"Legendary Boss, Sho: Season 1 // 伝説の頭 翔: シーズン1",No,,2500000,6:22,400000
Platonic: Blue Moon Hotel // Platonik: Mavi Dolunay Otel,Yes,2025-09-18,2500000,6:19,400000
Rising Impact: Season 2 // ライジングインパクト: シーズン2,Yes,2024-08-06,2500000,5:44,400000
Terror Tuesday: Extreme: Season 1 // อังคารคลุมโปง: เอ็กซ์ตรีม: ซีซั่น 1,Yes,2024-08-20,2500000,5:41,400000
The Gift: Season 1 // Atiye: 1. Sezon,Yes,2019-12-27,2500000,6:05,400000
The Trials of Winnie Mandela: Limited Series,No,2026-04-23,2500000,6:27,400000
Too Hot to Handle: Germany: Season 2,No,2025-02-18,2500000,6:02,400000
Too Hot to Handle: Spain: Season 1 // Jugando con fuego: España: Temporada 1,No,2025-06-13,2500000,5:52,400000
As the Crow Flies: Season 3 // Kuş Uçuşu: 3. Sezon,Yes,2024-04-11,2400000,6:33,400000
Blood & Water: Season 2,Yes,2021-09-24,2400000,5:34,400000
Hey Duggee: Season 2,No,,2400000,*,400000
Love 101: Season 2 // Aşk 101: 2. Sezon,Yes,2021-09-30,2400000,6:47,400000
Paranoid: Season 1,Yes,2016-11-17,2400000,5:50,400000
Skylanders Academy: Season 1,Yes,2016-10-28,2400000,5:21,400000
The Believers: Season 2 // สาธุ: ซีซั่น 2,Yes,2025-12-04,2400000,6:40,400000
Twelve Forever: Season 1,Yes,2019-07-29,2400000,5:52,400000
Weeds: Season 6,No,,2400000,5:54,400000
Weeds: Season 7,No,,2400000,5:56,400000
Weeds: Season 8,No,,2400000,6:11,400000
Bad Boy: Season 1 // ילד רע: עונה 1,Yes,,2300000,5:13,400000
Girls Incarcerated: Season 1,No,2018-03-02,2300000,5:43,400000
Kongsuni and Friends: Season 2 // 콩순이와 친구들: 시즌 2,Yes,,2300000,5:46,400000
"Mr. Housekeeper, Mitazono: Season 3 // 家政夫のミタゾノ(2019)",No,,2300000,6:24,400000
Owning Manhattan: Season 1,No,2024-06-28,2300000,6:08,400000
Rhyme Time Town: Season 2,Yes,2021-06-15,2300000,6:02,400000
Sacred Games: Season 1 // सेक्रेड गेम्स: सीज़न 1,Yes,2018-07-06,2300000,6:27,400000
THE UNLISTED: Season 1,Yes,2019-10-17,2300000,5:32,400000
The Walking Dead: Daryl Dixon: Season 1,No,,2300000,5:26,400000
The Who Was? Show: Season 1,Yes,2018-05-11,2300000,5:15,400000
Transatlantic: Limited Series,Yes,2023-04-07,2300000,5:56,400000
Valeria: Season 2,Yes,2021-08-13,2300000,5:40,400000
Blown Away: Season 4,No,2024-03-08,2200000,5:13,400000
Call the Midwife: Series 1,No,,2200000,5:13,400000
Dawn of the Croods: Season 3,No,2017-04-07,2200000,5:07,400000
Food Wars!: Shokugeki no Soma: The Second Plate // 食戟のソーマ: 弐ノ皿,No,,2200000,5:14,400000
High-Rise Invasion: Season 1 // 天空侵犯: シーズン1,Yes,2021-02-25,2200000,5:06,400000
Hollywood: Season 1,Yes,2020-05-01,2200000,5:58,400000
K-foodie meets J-foodie: Season 5 // 미친맛집: 미식가 친구의 맛집: 시즌5: 한일 미식 데이트,No,,2200000,5:29,400000
Little Witch Academia: Season 1 // リトルウィッチアカデミア: シーズン1,Yes,2017-01-08,2200000,5:23,400000
Marcella: Season 2,Yes,2018-06-08,2200000,6:04,400000
May I Ask for One Final Thing?: Season 1 // 最後にひとつだけお願いしてもよろしいでしょうか: シーズン1,No,,2200000,5:08,400000
Pantheon: Season 2,No,,2200000,5:41,400000
Somos.: Season 1,Yes,2021-06-30,2200000,5:11,400000
The Mothers of Penguins: Season 1 // Matki Pingwinów: Sezon 1,Yes,2024-11-13,2200000,5:03,400000
The Nutty Boy: Season 1 // Menino Maluquinho: Temporada 1,No,2022-10-12,2200000,5:16,400000
Blue Mountain State: Season 2,No,,2100000,4:42,400000
Blue Period: Season 1 // ブルーピリオド: シーズン1,Yes,2021-09-24,2100000,4:51,400000
Boruto: Naruto Next Generations: Kawaki: Otsutsuki Awakening // BORUTO ボルト NEXT GENERATIONS: カワキ編 大筒木覚醒,No,,2100000,5:58,400000
Cable Girls: Season 4 // Las chicas del cable: Temporada 4,Yes,2019-08-09,2100000,5:34,400000
Failure Frame: I Became the Strongest and Annihilated Everything with Low-Level Spells: Season 1 // ハズレ枠の【状態異常スキル】で最強になった俺がすべてを蹂躙するまで: シーズン1,No,,2100000,4:50,400000
H2O: Mermaid Adventures: Season 1,No,2015-05-22,2100000,5:18,400000
In the Clear Moonlit Dusk: Season 1 // うるわしの宵の月: シーズン 1,No,,2100000,4:45,400000
Kaulitz & Kaulitz: Season 2,No,2025-06-17,2100000,5:55,400000
Kleo: Season 2,Yes,2024-07-25,2100000,4:51,400000
Made in Abyss: Season 1 // メイドインアビス: シーズン1,No,,2100000,*,400000
Minx: Season 1,No,,2100000,4:57,400000
Mob Psycho 100: Season 3 // モブサイコ100: シーズン3,No,,2100000,4:44,400000
My Hero Academia: Vigilantes: Season 2 // ヴィジランテ-僕のヒーローアカデミア ILLEGALS-: シーズン2,No,,2100000,5:08,400000
Rust Valley Restorers: Season 2,No,2020-05-08,2100000,*,400000
Spirit Rangers: Season 2,Yes,2023-05-08,2100000,4:53,400000
The A Word: Season 2,No,,2100000,5:47,400000
The Aristocrat’s Otherworldly Adventure: Serving Gods Who Go Too Far: Season 1 // 転生貴族の異世界冒険録～自重を知らない神々の使徒～: シーズン1,No,,2100000,4:44,400000
1670: Season 1,Yes,2023-12-13,2000000,4:29,400000
1670: Season 2,Yes,2025-09-17,2000000,4:52,400000
42 Days of Darkness: Season 1 // 42 días en la oscuridad: Temporada 1,Yes,2022-05-11,2000000,4:34,400000
Aranyak: Season 1 // आरण्यक: सीज़न 1,Yes,2021-12-10,2000000,5:38,400000
Archer (2009): Season 2,No,,2000000,4:35,400000
B: The Beginning: Season 1,Yes,2018-03-02,2000000,5:12,400000
Beat Bobby Flay: Season 30,No,,2000000,5:15,400000
Blood & Water: Season 3,Yes,2022-11-25,2000000,4:58,400000
Captain Fall: Part 1,Yes,2023-07-28,2000000,4:31,400000
Car Masters: Rust to Riches: Season 2,No,2020-03-27,2000000,4:42,400000
Chillin' in Another World with Level 2 Super Cheat Powers: Season 1 // Lv2からチートだった元勇者候補のまったり異世界ライフ: シーズン1,No,,2000000,4:44,400000
Cocaine Cowboys: The Kings of Miami: Limited Series,Yes,2021-08-04,2000000,4:33,400000
Farming Life in Another World: Season 1 // 異世界のんびり農家: シーズン1,No,,2000000,4:46,400000
Grantchester: Season 4,No,,2000000,5:02,400000
I AM A KILLER: Season 3,Yes,2022-08-30,2000000,4:31,400000
Jamtara - Sabka Number Ayega: Season 1 // जमतारा - सबका नंबर आएगा: सीज़न 1,Yes,2020-01-10,2000000,4:53,400000
King of Collectibles: The Goldin Touch: Season 2,No,2024-06-12,2000000,5:22,400000
Mismatched: Season 2 // मिसमैच्ड: सीज़न 2,Yes,2022-10-14,2000000,5:01,400000
Mismatched: Season 3 // मिसमैच्ड: सीज़न 3,Yes,2024-12-13,2000000,5:06,400000
Nontan: Collection // げんきげんきノンタン: シーズン1,No,,2000000,5:02,400000
School of Chocolate: Season 1,No,2021-11-26,2000000,5:03,400000
Scooped Up by an S-Rank Adventurer!: Season 1 // 勇者パーティーを追放された白魔導師、Sランク冒険者に拾われる ～この白魔導師が規格外すぎる～: シーズン 1,No,,2000000,4:42,400000
Search Party: Season 5,No,,2000000,4:29,400000
Shahmaran: Season 2 // Şahmaran: 2. Sezon,Yes,2024-08-08,2000000,4:31,400000
The A List: Season 1,Yes,2019-08-30,2000000,5:19,400000
The English Game: Season 1,Yes,2020-03-20,2000000,4:45,400000
The Golden Hour: Season 1 // Het gouden uur: Seizoen 1,No,,2000000,4:53,400000
The Love Lab: Season 1 // 연애실험실: 시즌 1,No,,2000000,*,400000
The New Legends of Monkey: Season 2,Yes,2020-08-07,2000000,4:27,400000
The Playlist: Limited Series,Yes,2022-10-13,2000000,5:01,400000
TSUKIMICHI -Moonlit Fantasy- // 月が導く異世界道中: シーズン1,No,,2000000,4:44,400000
Upin&Ipin: Season 5,No,,2000000,4:27,400000
Valeria: Season 3,Yes,2023-06-02,2000000,5:22,400000
Archer (2009): Season 3,No,,1900000,4:33,400000
Archer (2009): Season 4,No,,1900000,4:30,400000
Brigands: The Quest for Gold: Season 1 // Briganti: Stagione 1,Yes,2024-04-23,1900000,5:06,400000
Equinox: Season 1,Yes,2020-12-30,1900000,4:33,400000
Fearless (2017): Season 1,No,,1900000,4:33,400000
Pokémon Journeys: The Series: Part 2,No,2020-09-11,1900000,4:21,400000
Ridley Jones: Season 5,Yes,2023-03-06,1900000,5:07,400000
Snabba Cash: Season 2,Yes,2022-09-22,1900000,4:29,400000
SPRIGGAN: Season 1 // スプリガン: シーズン1,Yes,2022-06-18,1900000,4:32,400000
Super Giant Robot Brothers: Season 1,Yes,2022-08-04,1900000,4:26,400000
The Angel Next Door Spoils Me Rotten // お隣の天使様にいつの間にか駄目人間にされていた件: 第1期,No,,1900000,4:43,400000
The Mire: Millennium // Rojst: Millenium,Yes,2024-02-28,1900000,5:14,400000
Titipo Titipo: Season 1 // 띠띠뽀 띠띠뽀: 시즌1,No,,1900000,5:20,400000
Tour de France: Unchained: Season 3 // Tour de France : Au cœur du peloton: Saison 3,Yes,2025-07-02,1900000,5:25,400000
Archer (2009): Season 5,No,,1800000,4:30,400000
Barbie: It Takes Two: Season 1,No,,1800000,5:01,400000
Blood & Water: Season 4,Yes,2024-03-01,1800000,4:40,400000
Car Masters: Rust to Riches: Season 3,No,2021-08-04,1800000,4:52,400000
Centaurworld: Season 1,Yes,2021-07-30,1800000,4:28,400000
El marginal: Season 5,No,2022-05-04,1800000,4:48,400000
Entrapped: Season 1 // Ófærð,No,2022-09-08,1800000,4:17,400000
Pokémon Horizons: Season 2: The Search for Laqua: Part 4,No,2025-09-26,1800000,4:08,400000
Rust Valley Restorers: Season 3,No,2020-08-21,1800000,4:30,400000
Spy Kids: Mission Critical: Season 1,Yes,2018-04-20,1800000,4:05,400000
StoryBots: Answer Time: Season 2,Yes,2023-07-10,1800000,4:41,400000
The Dark History of the Reincarnated Villainess: Season 1 // 転生悪女の黒歴史: シーズン1,No,,1800000,4:47,400000
The Too-Perfect Saint: Tossed Aside by My Fiancé and Sold to Another Kingdom: Season 1 // 完璧すぎて可愛げがないと婚約破棄された聖女は隣国に売られる: シーズン1,No,,1800000,4:44,400000
Beavis and Butt-head (1993): Mike Judge's Beavis and Butt-Head: Season 2,No,,1700000,4:12,400000
Between: Season 1,No,2015-05-21,1700000,4:23,400000
Blue Mountain State: Season 3,No,,1700000,4:42,400000
"Even Given the Worthless “Appraiser” Class, I'm Actually the Strongest: Season 1 // 不遇職【鑑定士】が実は最強だった: シーズン1",No,,1700000,4:44,400000
Fire Force: Season 3 Part 1 // 炎炎ノ消防隊: 参ノ章 パート1,No,,1700000,4:45,400000
Johnny Test (2005): Season 1,No,,1700000,4:29,400000
KonoSuba: God's Blessing on This Wonderful World! // この素晴らしい世界に祝福を!,No,,1700000,*,400000
LEGO® Friends The Next Chapter: Season 3,Yes,,1700000,4:00,400000
Love & Anarchy: Season 1 // Kärlek & Anarki: Säsong 1,Yes,2020-11-04,1700000,3:55,400000
Navy SEALs: America's Secret Warriors: Season 2,No,,1700000,4:12,400000
Pirate Gold of Adak Island: Season 1,Yes,2022-06-29,1700000,3:56,400000
Pokémon Horizons: The Series: Part 2,No,2024-05-10,1700000,4:04,400000
Possibly the Greatest Alchemist of All Time: Season 1 // いずれ最強の錬金術師?: シーズン1,No,,1700000,4:44,400000
Sherlock (2010): Series 2,No,,1700000,4:27,400000
The Parisian Agency: Exclusive Properties: Season 1 // L'Agence : L'immobilier de luxe en famille: Saison 1,No,2021-06-23,1700000,4:19,400000
The Quintessential Quintuplets // 五等分の花嫁,No,,1700000,4:49,400000
Unsolved Mysteries: Volume 4,Yes,2024-07-31,1700000,3:54,400000
We Were Kings: Season 1 // Los Reyes de oriente: Temporada 1,Yes,2024-09-25,1700000,3:49,400000
Accused (2010): Season 2,No,,1600000,3:57,400000
Archer (2009): Season 6,No,,1600000,4:34,400000
Cinderella Closet: Season 1 // シンデレラ クロゼット: シーズン1,No,,1600000,4:00,400000
Doppelhaushälfte: Season 3,No,,1600000,4:29,400000
I Am Georgina: Season 3 // Soy Georgina: Temporada 3,No,2024-09-18,1600000,4:22,400000
Monday Late Show: Season 2 // 月曜から夜ふかし: シーズン2,No,,1600000,*,400000
NASA+ Live on Netflix: NASA's Artemis II Crew Comes Home,No,,1600000,3:54*,400000
Pokémon Horizons: Season 2: The Search for Laqua: Part 2,No,2025-04-25,1600000,4:07,400000
Pokémon Horizons: Season 2: The Search for Laqua: Part 3,No,2025-06-27,1600000,4:08,400000
Pokémon Journeys: The Series: Part 3,No,2020-12-04,1600000,4:21,400000
Secrets of Summer: Season 2 // Cielo Grande: Temporada 2,Yes,2022-12-30,1600000,4:27,400000
Selling Sunset: Season 1,No,2019-03-22,1600000,4:31,400000
Sergeant Kim at Military: Season 1 // 일병 김원훈 : 보직의 세계: 시즌 1,No,,1600000,4:15,400000
Snow Man 1st Stadium Live Snow World: Season 1,Yes,,1600000,3:38,400000
Tomb Raider: The Legend of Lara Croft: Season 1,Yes,2024-10-10,1600000,3:37,400000
Trailer Park Boys: The Animated Series: Season 2,Yes,2020-05-22,1600000,4:12,400000
Crystal’s Beating: Season 1 // 水晶の鼓動 殺人分析班: シーズン1,No,,1500000,4:17,400000
Jailbirds: Season 1,Yes,2019-05-10,1500000,4:03,400000
Long Story Short: Season 1,Yes,2025-08-22,1500000,4:14,400000
Matori & Kyoken Men in the Back Alleys: Season 1 // マトリと狂犬: シーズン1,Yes,,1500000,3:36,400000
Russian Doll: Season 1,Yes,2019-02-01,1500000,3:33,400000
Scott Pilgrim Takes Off: Season 1,Yes,2023-11-17,1500000,3:41,400000
The Conners: Season 1,No,,1500000,3:56,400000
The Devil Next Door: Limited Series,Yes,2019-11-04,1500000,3:52,400000
The Freak Brothers: Season 2,No,,1500000,3:39,400000
The Hooligan: Season 1 // Kibic: Sezon 1,Yes,2025-01-29,1500000,3:48,400000
The Search: Season 1 // Historia de un crimen: La búsqueda: Temporada 1,Yes,2020-06-12,1500000,4:09,400000
Barbie Mysteries: The Great Horse Chase,Yes,2024-11-01,1400000,3:10,400000
Children of the Church Steps: Limited Series // Os Quatro da Candelária: Minissérie,Yes,2024-10-30,1400000,3:19,400000
Doppelhaushälfte: Season 1,No,,1400000,3:37,400000
Fast & Furious Spy Racers: Season 2: Rio,Yes,2020-10-09,1400000,3:11,400000
Freezing Point: Season 1 // スペシャルドラマ 氷点: シーズン1,No,,1400000,3:55,400000
Prince of Peoria: Part 1,Yes,2018-11-16,1400000,3:27,400000
Rebel Cheer Squad: A Get Even Series: Season 1,Yes,2022-07-29,1400000,3:53,400000
The Comeback: 2004 Boston Red Sox: Season 1,Yes,2024-10-23,1400000,3:09,400000
Tiny Creatures: Season 1,Yes,2020-08-07,1400000,3:23,400000
Vatican Girl: The Disappearance of Emanuela Orlandi: Limited Series // Vatican Girl: la scomparsa di Emanuela Orlandi: Miniserie,Yes,2022-10-20,1400000,3:54,400000
Baby Farm: Season 1,No,,1300000,3:03,400000
Boruto: Naruto Next Generations: Field Trip // BORUTO ボルト NEXT GENERATIONS: 修学旅行編,No,,1300000,3:11,400000
How to Ruin Love: The Proposal,Yes,2024-05-31,1300000,3:09,400000
Kid Cosmic: Season 2,Yes,2021-09-07,1300000,3:11,400000
My Little Pony: Tell Your Tale: Season 1,Yes,,1300000,3:32,400000
Robbie Williams: Limited Series,Yes,2023-11-08,1300000,3:20,400000
Still Game: Season 7,No,,1300000,2:55,400000
Supa Team 4: Season 2,Yes,2023-12-21,1300000,3:38,400000
WWE WrestleMania: WrestleMania 41 Saturday,No,2025-04-19,1300000,3:44*,400000
2026 World Baseball Classic: Venezuela vs. Dominican Republic // 2026 ワールドベースボールクラシック: ベネズエラ 対 ドミニカ共和国,No,2026-03-11,1200000,3:07*,400000
Alien Worlds: Season 1,Yes,2020-12-02,1200000,2:56,400000
Baby Fever: Season 2 // Skruk: Sæson 2,Yes,2024-08-22,1200000,3:07,400000
Boruto: Naruto Next Generations: Season 21 // BORUTO ボルト NEXT GENERATIONS: コード襲来編,No,,1200000,2:47,400000
Brockmire: Season 3,No,,1200000,2:55,400000
Digman!: Season 2,No,,1200000,2:52,400000
Family Business: Season 2,Yes,2020-09-11,1200000,3:23,400000
Home for Christmas: Season 2 // Hjem til jul: Sesong 2,Yes,2020-12-18,1200000,2:57,400000
Just a Dash: Season 1,No,,1200000,3:24,400000
Kath and Kim: Season 1,Yes,,1200000,3:23,400000
Plebs: Season 4,No,,1200000,3:00,400000
Still Game: Season 8,No,,1200000,2:54,400000
The Most Hated Man on the Internet: Limited Series,Yes,2022-07-27,1200000,2:43,400000
"Ada Twist, Scientist: Season 1",Yes,2021-09-28,1100000,2:57,400000
Adili Idola Celebrity Roast: Fedi Nuril,No,,1100000,2:54,400000
Boruto: Naruto Next Generations: Academy Graduation // BORUTO ボルト NEXT GENERATIONS: アカデミー卒業編,No,,1100000,2:47,400000
Death Inc.: Season 2 // Muertos S.L.: Temporada 2,Yes,2025-07-31,1100000,3:03,400000
Death Inc.: Season 3 // Muertos S.L.: Temporada 3,Yes,2025-08-21,1100000,2:54,400000
Dinotrux: Season 4,No,2017-03-31,1100000,2:46,400000
Fisk: Season 2,No,,1100000,2:38,400000
Home for Christmas: Season 1 // Hjem til jul: Sesong 1,Yes,2019-12-05,1100000,2:57,400000
Mr. Iglesias: Part 3,Yes,2020-12-08,1100000,2:27,400000
Ridley Jones: Season 1,Yes,2021-07-13,1100000,2:49,400000
Sophie: A Murder in West Cork: Limited Series,Yes,2021-06-30,1100000,2:46,400000
Super Monsters: Season 2,Yes,2018-10-05,1100000,2:27,400000
Swindlers: Season 1,No,,1100000,2:31,400000
2026 World Baseball Classic: Korea vs. Czechia // 2026 ワールドベースボールクラシック: 韓国 対 チェコ,No,2026-03-05,1000000,2:43*,400000
Bad Education: Season 1,No,,1000000,2:51,400000
"Blood, Sex & Royalty: Season 1",Yes,2022-11-23,1000000,2:17,400000
Dream Home Makeover: Season 1,No,2020-10-16,1000000,2:41,400000
Kill Tony: Mayhem at Madison Square Garden,No,2025-08-25,1000000,2:18,400000
Little Basha: Season 2 // Basia: Sezon 2,No,,1000000,2:22,400000
Pacific Rim: The Black: Season 2,Yes,2022-04-19,1000000,2:38,400000
Survivor's Remorse: Season 1,No,,1000000,2:47,400000
Franco Escamilla: Eavesdropping // Franco Escamilla: Voyerista auditivo,No,2022-10-22,900000,2:02,400000
Masters of the Universe: Revolution: Season 1,Yes,2024-01-25,900000,2:12,400000
Transformers: War for Cybertron: Kingdom: Kingdom,Yes,2021-07-29,900000,2:32,400000
Attack on Pearl Harbor: Minute by Minute: Season 1,No,,800000,2:11,400000
Baby Einstein: Closer Look: Season 1,No,,800000,2:07,400000
Dave Chappelle: Collection,No,2017-03-21,800000,2:14,400000
Little Basha: Season 1 // Basia: Sezon 1,No,,800000,2:17,400000
Nightmares of Nature: Lost in the Jungle,Yes,2025-10-28,800000,2:02,400000
Project Mc²: Part 6,Yes,2017-11-07,800000,2:00,400000
StoryBots Super Songs: Season 1,No,,800000,1:48,400000
The Manhattan Alien Abduction: Season 1,Yes,2024-10-30,800000,2:05,400000
The Root Of The Game: Limited Series // Várzea: Onde Nasce o Futebol: Minissérie,Yes,2026-06-20,800000,1:57,400000
The Widower (2014): Season 1,No,,800000,2:16,400000
Cem Yılmaz: Diamond Elite Platinum Plus,No,2021-12-31,700000,1:34,400000
Edgar Rice Burroughs' Tarzan and Jane: Season 2,Yes,2018-10-12,700000,1:52,400000
F1 Canadian Grand Prix: Race,No,2026-05-24,700000,*,400000
Gabriel Iglesias: Stadium Fluffy,No,2022-10-18,700000,1:56,400000
Mighty Express: Season 2,Yes,2021-02-02,700000,1:55,400000
"One Piece: 3D2Y - Overcome Ace's Death! Luffy's Vow to His Friends // ONE PIECE ""3D2Y"" エースの死を越えて! ルフィ仲間との誓い",No,,700000,1:47,400000
StarBeam: Season 1,No,2020-04-03,700000,1:42,400000
"The Mind, Explained: Season 2",Yes,2021-11-19,700000,1:57,400000
The Philosopher's Kitchen Jeong Kwan: Season 1 // 철학자의 요리: 시즌 1,Yes,,700000,1:38,400000
Gabriel lglesias: I’m Sorry For What I Said When I Was Hungry,No,2016-12-20,600000,1:28,400000
Jew,No,,600000,1:29,400000
Kevin Hart: What Now?,No,2017-04-11,600000,1:36,400000
Mermaze Mermaidz: Season 1,No,,600000,1:39,400000
Thus Spoke Kishibe Rohan: Season 1 // 岸辺露伴は動かない: Limited Series,Yes,2021-02-18,600000,1:37,400000
Women Document Detectives: Scarlet's Signal // 未解決の女 警視庁文書捜査官: ドラマスペシャル 未解決の女 警視庁文書捜査官,No,,600000,1:42,400000
Tom Segura: Disgraceful,No,2018-01-12,500000,1:11,400000
Andrew Schulz: LIFE,No,2025-03-04,400000,0:59,400000
Franco Escamilla: Bienvenido al mundo,No,2019-04-17,400000,0:54,400000
Jimmy Carr: Natural Born Killer,No,2024-04-16,400000,1:00,400000
Justin Willman: Magic Lover,No,2025-06-17,400000,1:05,400000
Katt Williams: World War III,No,2022-05-17,400000,1:00,400000
Kevin Hart: Irresponsible,No,2019-04-02,400000,1:00,400000
LEGO Bionicle: The Journey to One: Season 1,Yes,2016-03-04,400000,0:56,400000
Rustic Cabin Fireplace,Yes,2024-12-17,400000,1:00,400000
Sebastian Maniscalco: Is It Me?,No,2022-12-06,400000,1:07,400000
"StoryBots: Laugh, Learn, Sing: Collection 1",Yes,2021-11-16,400000,0:59,400000
Taylor Tomlinson: Have It All,No,2024-02-13,400000,1:07,400000
Taylor Tomlinson: Quarter-Life Crisis,No,2020-03-03,400000,1:01,400000
Thomas & Friends: Sodor Sings Together,No,,400000,1:00,400000
Trevor Noah: Where Was I,No,2023-12-19,400000,1:08,400000
A Paw Patrol Christmas,No,,300000,0:44,400000
Anthony Jeselnik: Bones and All,No,2024-11-26,300000,0:51,400000
Elite Short Stories: Carla Samuel: Season 1 // Élite historias breves: Carla Samuel: Temporada 1,Yes,2021-06-17,300000,0:45,400000
My Next Guest with David Letterman and Adam Sandler,No,2025-12-01,300000,0:48,400000
One Piece: 406/407 // ワンピース: 第406～407話,No,,300000,0:47,400000
Pop the Balloon LIVE: No Pops Left To Give,No,2025-05-29,300000,0:47,400000
Pororo Singalong show NEW1: Season 1 // 뽀로로와 노래해요 NEW1: 시즌 1,No,,300000,0:43,400000
Pororo Singalong show NEW1: Season 2 // 뽀로로와 노래해요 NEW1: 시즌 2,No,,300000,0:43,400000
Sam Morril: Same Time Tomorrow,No,2022-09-01,300000,0:43,400000
Strawberry Shortcake’s Summer Vacation,No,,300000,0:45,400000
The Magic School Bus Rides Again Kids In Space,Yes,2020-08-07,300000,0:46,400000
The Magic School Bus Rides Again The Frizz Connection,Yes,2020-10-20,300000,0:46,400000
The Rest is Football: Can England Win the 2026 World Cup?,No,2026-06-09,300000,0:47,400000
Ashley Garcia: Genius in Love: Christmas,Yes,2020-12-09,200000,0:29,400000
Bita e o Nosso Dia,No,,200000,0:28,400000
Marco Polo: One Hundred Eyes,Yes,2015-12-26,200000,0:29,400000
StarBeam: Halloween Hero,No,2020-10-06,200000,0:33,400000
Creating The Queen's Gambit,Yes,2021-01-08,100000,0:14,400000
The Road to El Camino: Behind the Scenes of El Camino: A Breaking Bad Movie,Yes,2019-10-29,100000,0:14,400000
Chiquititas (2013),No,,105000000,331:47,300000
Carrossel,No,,67300000,198:55,300000
Chica Vampiro: Season 1,No,,23200000,*,300000
Al sur del corazón: Season 1,No,2024-08-28,19900000,79:05,300000
Chef & My Fridge: 2025 // 냉장고를 부탁해,No,,18600000,70:55,300000
Señora Acero: Season 2,No,,18000000,54:34,300000
La piloto: Season 2,No,,17000000,59:48,300000
Our Golden Days: Season 1 // 화려한 날들: 시즌 1,No,,16800000,55:01,300000
Falsa identidad: Season 2,No,,16000000,57:09,300000
Las muñecas de la mafia: Season 2,No,2019-03-15,14600000,45:22,300000
"The Unbroken Voice: Season 1 // Canto para no llorar, Arelys Henao: Temporada 1",Yes,2022-11-23,12900000,47:35,300000
The Snitch Cartel: Origins: Season 1 // El cartel de los sapos: El origen: Temporada 1,No,2021-07-28,12300000,47:15,300000
El Cartel 2: Season 1,No,,11100000,36:43,300000
El Dragón: Return of a Warrior: Season 2 // El Dragón: El regreso de un guerrero: Temporada 2,No,2020-04-17,10900000,33:01,300000
Roja (2025): Season 1,No,,9000000,29:17,300000
Who Rules the World: Season 1 // 且試天下: 第 1 季 // 且试天下: 第1季,No,,8900000,28:36,300000
Miss Trot: Season 4 // 미스트롯: 시즌4,No,,8800000,32:52,300000
Love Between Fairy and Devil // 蒼蘭訣 // 苍兰诀,No,,8700000,26:18,300000
Kill Me Love Me: Season 1 // 春花焰: 第 1 季,No,,8300000,24:22,300000
Legend of the Magnate: Season 1 // 大生意人: 第 1 季,No,,8100000,30:24,300000
Blood vs Duty: Season One,No,,8000000,26:06,300000
High Heat: Season 1 // Donde hubo fuego: Temporada 1,Yes,2022-08-17,7400000,23:18,300000
The Heart of Yiwha: Of Love & Vengeance: Season 1 // ยิหวาดาตัง: ซีซั่น 1,No,,7400000,22:23,300000
The Last Empress // 황후의 품격,Yes,,7200000,*,300000
Falling Into Your Smile: Season 1 // 你微笑時很美: 第 1 季 // 你微笑时很美: 第一季,No,,7100000,22:33,300000
MasterChef Thailand: Season 7 // มาสเตอร์เชฟ ประเทศไทย: ซีซัน 7,No,,7000000,21:24,300000
Beautiful Gong Shim: Limited Series // 미녀 공심이: 리미티드 시리즈,No,,6900000,21:43,300000
Secret Garden: Limited Series // 시크릿 가든: 리미티드 시리즈,Yes,,6900000,20:32,300000
Dinosaur King: Season 1 // 古代王者 恐竜キング Dキッズ・アドベンチャー: シーズン1,No,,6800000,19:27,300000
Amidst a Snowstorm of Love: Season 1 // 在暴雪時分: 第1季 // 在暴雪时分: 第1季,No,,6700000,22:59,300000
Reborn Rich: Limited Series // 재벌집 막내아들: 리미티드 시리즈,No,,6600000,19:19,300000
Rooftop Prince: Limited Series // 옥탑방 왕세자: 리미티드 시리즈,No,,6400000,20:58,300000
Love (ft. Marriage and Divorce): Season 2 // 결혼작사 이혼작곡: 시즌 2,Yes,2021-06-12,6300000,18:19,300000
Prison Playbook: Limited Series // 슬기로운 감빵생활: 리미티드 시리즈,Yes,2017-12-01,6300000,24:24,300000
Youthful Glory: Season 1 // 韶華若錦: 第 1 季 // 韶华若锦: 第 1 季,No,,6300000,23:22,300000
The Master Cutter: Season 1,No,,6200000,17:49,300000
The Master's Sun: Season 1 // 주군의 태양,Yes,,6200000,17:56,300000
Mine: Limited Series // 마인: 리미티드 시리즈,Yes,2021-05-08,6100000,18:22,300000
Reis: Series 2,No,,6100000,22:46,300000
The Good Detective: Season 1 // 모범형사: 시즌 1,No,,6100000,17:30,300000
One the Woman: Limited Series // 원 더 우먼: 리미티드 시리즈,No,,6000000,*,300000
Her Private Life: Limited Series // 그녀의 사생활: 리미티드 시리즈,Yes,,5900000,18:16,300000
Pretty Little Liars (2010): Season 5,No,,5900000,17:42,300000
The Penthouse: War in Life: Season 3 // 펜트하우스: 시즌3,No,,5900000,*,300000
Eve // 이브,No,,5700000,16:52,300000
"Ski Into Love // 噓，國王在冬眠 // 嘘, 国王在冬眠: 第一季",No,,5700000,17:59,300000
Clean With Passion For Now: Limited Series // 일단 뜨겁게 청소하라: 리미티드 시리즈,No,,5600000,18:28,300000
Love (ft. Marriage and Divorce): Season 3 // 결혼작사 이혼작곡: 시즌 3,Yes,2022-02-26,5600000,18:04,300000
SHAMAN KING: Season 1,Yes,2021-04-01,5600000,21:01,300000
Stranger: Season 2 // 비밀의 숲: 시즌 2,Yes,2020-08-15,5600000,16:34,300000
The World of the Married: Limited Series // 부부의 세계: 리미티드 시리즈,No,,5600000,*,300000
Signal: Limited Series // 시그널: 리미티드 시리즈,Yes,,5500000,19:16,300000
The Devil's Plan: Season 2 // 데블스 플랜: 시즌 2,No,2025-05-06,5500000,18:02,300000
You are Beautiful: Season 1 // 미남이시네요: 시즌 1,Yes,,5500000,17:32,300000
ER (1994): Season 15,No,,5400000,16:34,300000
Healer: Limited Series // 힐러: 리미티드 시리즈,No,,5400000,20:38,300000
Hwarang: Limited Series // 화랑: 리미티드 시리즈,No,,5400000,*,300000
Love in the Moonlight: Limited Series // 구르미 그린 달빛: 리미티드 시리즈,No,,5400000,17:50,300000
My Lovely Liar: Season 1 // 소용없어 거짓말: 시즌 1,No,,5400000,17:19,300000
Rescue Me (2004): Season 5,Yes,,5400000,15:30,300000
Dawson's Creek: Season 4,No,,5300000,16:40,300000
Everyone Loves Me: Season 1 // 別對我動心: 第1季 // 别对我动心: 第1季,No,,5200000,19:06,300000
Gin Tama: Season 1 // 銀魂: 第1期 1年目,No,,5200000,*,300000
Love Is Blind: S8: Minneapolis,No,2025-02-14,5100000,16:23,300000
"Hi Bye, Mama!: Season 1 // 하이바이, 마마!: 시즌 1",Yes,2020-02-22,5000000,18:51,300000
She was pretty: Limited Series // 그녀는 예뻤다: 리미티드 시리즈,No,,5000000,16:03,300000
Wok of Love: Limited Series // 기름진 멜로: 리미티드 시리즈,No,,5000000,19:07,300000
Bulgasal: Immortal Souls: Limited Series // 불가살: 리미티드 시리즈,Yes,2021-12-18,4900000,18:49,300000
Riverdale: Season 7,No,2023-03-30,4900000,14:18,300000
The Privileged: Season 1 // 상류사회: 시즌 1,No,,4900000,15:38,300000
The Sea Beyond: Season 4 // Mare Fuori: Stagione 4,No,,4900000,14:52,300000
VIP (2019): Season 1,Yes,,4900000,*,300000
Detective Conan: Season 1 // 名探偵コナン: シーズン1,No,,4800000,17:21,300000
Crime Scene Zero: Season 1 // 크라임씬 제로: 시즌 1,No,2025-09-23,4700000,13:37,300000
ER (1994): Season 14,No,,4700000,13:43,300000
Still 17: Limited Series // 서른이지만 열일곱입니다: 리미티드 시리즈,No,,4700000,15:47,300000
Supernatural (2005): Season 4,No,,4700000,15:23,300000
The Girl Who Sees Scents: Limited Series // 냄새를 보는 소녀: 리미티드 시리즈,No,,4700000,15:45,300000
Dawson's Creek: Season 5,No,,4600000,16:28,300000
Dawson's Creek: Season 6,No,,4600000,17:16,300000
Hawaii Five-0: Season 4,No,,4600000,15:58,300000
Love Is Blind: S7: Washington D.C.,No,2024-10-02,4600000,15:23,300000
Good Morning Call: Season 1 // グッドモーニング・コール: シーズン1,Yes,2016-02-11,4500000,13:07,300000
Married with Children (2005): Season 1 // Casados con hijos: Temporada 1,No,,4500000,14:00,300000
Supergirl: Season 2,No,,4500000,15:30,300000
Abyss: Season 1 // 어비스: 시즌 1,Yes,2019-05-06,4400000,16:49,300000
Love Is Blind: S4: Seattle,No,2023-03-24,4400000,15:16,300000
Pawn Stars: Season 16,No,,4400000,13:54,300000
The UnXplained: Season 7,No,,4400000,12:37,300000
When the Stars Gossip: Limited Series // 별들에게 물어봐: 리미티드 시리즈,Yes,2025-01-04,4400000,16:36,300000
Your Turn to Kill: Season 1 // あなたの番です: シーズン1,Yes,,4400000,15:21,300000
Love Is Blind: S6: Charlotte,No,2024-02-14,4300000,14:19,300000
Partners for Justice: Season 1 // 검법남녀: 시즌1,No,,4300000,15:59,300000
Sense8: Season 2,Yes,2016-12-23,4300000,14:06,300000
Bleach (2004): Thousand-Year Blood War,No,,4200000,15:57,300000
Love Is Blind: S2: Chicago,No,2022-02-11,4200000,13:03,300000
Romance School : First & Again: Season 1 // 연애기숙학교 돌싱N모솔: 시즌1,No,,4200000,12:13,300000
Sh**ting Stars: Limited Series // 별똥별: 리미티드 시리즈,No,,4200000,16:14,300000
"Divorce Attorney Shin: Limited Series // 신성한, 이혼: 리미티드 시리즈",Yes,2023-03-04,4100000,13:21,300000
Love Is Blind: S3: Dallas,No,2022-10-19,4100000,14:16,300000
Pretty Little Liars (2010): Season 6,No,,4100000,13:50,300000
Re:ZERO -Starting Life in Another World- Director's Cut: Season 1 // Re:ゼロから始める異世界生活 新編集版,No,,4100000,*,300000
Supernatural (2005): Season 5,No,,4100000,15:13,300000
DC's Legends of Tomorrow: Season 1,No,,3900000,11:19,300000
Frankly Speaking: Limited Series // 비밀은 없어: 리미티드 시리즈,Yes,2024-05-01,3900000,12:45,300000
House of Cards: Season 5,Yes,2017-05-30,3900000,11:21,300000
Legacies: Season 3,No,,3900000,14:06,300000
Nashville (2012): Season 6,No,,3800000,11:24,300000
Pretty Little Liars (2010): Season 7,No,,3800000,*,300000
Tobot Galaxy Detectives: Season 1 // 또봇 V: 시즌1,Yes,,3800000,11:19,300000
Jin (Final) // JIN -仁- 完結編,No,,3700000,10:40,300000
Mobius: Season 1 // 不眠日: 第 1 季,Yes,,3700000,11:57,300000
Heidi (2015): Season 1,No,,3600000,14:09,300000
The Face Men 4: Season 4,No,,3600000,13:02,300000
Fear the Walking Dead: Season 3,No,,3500000,11:53,300000
Hell's Kitchen (2005): Season 24,No,,3500000,11:30,300000
Supernatural (2005): Season 3,No,,3500000,10:50,300000
The Devil's Plan: Season 1 // 데블스 플랜: 시즌 1,No,2023-09-26,3500000,13:21,300000
Home Improvement: Season 3,No,,3400000,9:49,300000
Last Summer: Season 1 // 마지막 썸머: 시즌 1,No,,3400000,12:41,300000
Love Is Blind: UK: Season 1,No,2024-08-07,3400000,11:45,300000
Luis Miguel - The Series: Season 1 // Luis Miguel - La serie: Temporada 1,No,2018-04-22,3400000,11:13,300000
The Sea Beyond: Season 2 // Mare Fuori: Stagione 2,No,,3400000,12:04,300000
Friends (1994): Season 9,No,,3300000,9:44,300000
Home Improvement: Season 4,No,,3300000,9:55,300000
Johnny Test (2005): Season 6,No,,3300000,9:33,300000
The Professor: Season 3 // Un professore: Stagione 3,No,,3300000,10:36,300000
Tokyo Ghoul:re // 東京喰種トーキョーグール: 東京喰種:re,No,,3300000,9:42,300000
72 Dangerous Animals: Asia: Limited Series,No,2018-08-10,3200000,9:11,300000
Home Improvement: Season 5,No,,3200000,9:58,300000
Mr. Bean: The Animated Series: Season 2,No,,3200000,9:33,300000
One Tree Hill: Season 9,No,,3200000,9:15,300000
The Garfield Show: Season 4,No,,3200000,11:16,300000
The King of Queens: Season 5,No,,3200000,9:13,300000
Twirlywoos: Season 1,No,,3200000,9:20,300000
Wakfu: Season 1,Yes,2014-09-12,3200000,9:42,300000
Big Windup!: Season 1 // おおきく振りかぶって ~夏の大会編~: おおきく振りかぶって,No,,3100000,10:28,300000
El hombre de tu vida (2011): Season 2,No,,3100000,9:24,300000
Iryu Team Medical Dragon: Season 2 // 医龍 Team Medical Dragon: シーズン2,No,,3100000,9:50,300000
Love Is Blind: S5: Houston,No,2023-09-22,3100000,11:04,300000
The Final Table: Season 1,No,2018-11-20,3100000,9:08,300000
Van Helsing: Season 5,Yes,2021-07-16,3100000,9:24,300000
Next Level Chef: Season 2,No,,3000000,10:51,300000
Re:ZERO -Starting Life in Another World- Director's Cut: Season 2 // Re:ゼロから始める異世界生活 新編集版: Re:ゼロから始める異世界生活 2nd season,No,,3000000,11:34,300000
The Full-Time Wife Escapist: Season 1 // 逃げるは恥だが役に立つ: シーズン1,No,,3000000,8:52,300000
The Secret of Skinwalker Ranch: Season 4,No,,3000000,10:28,300000
Tribhuvan Mishra CA Topper: Season 1 // त्रिभुवन मिश्रा - सीए टॉपर: सीज़न 1,Yes,2024-07-18,3000000,8:35,300000
Black Lightning: Season 1,No,2018-01-23,2900000,9:04,300000
Detective Conan: TV Special Selection: Kanagawa Prefectural Police Selection // 名探偵コナン TV特別セレクション: 風の女神 萩原千速 & 神奈川県警セレクション,No,,2900000,10:03,300000
EDENS ZERO: Season 1,Yes,2021-04-10,2900000,10:00,300000
Fire Force: Season 1 // 炎炎ノ消防隊: 壱ノ章,No,,2900000,9:35,300000
Inside: Season 1,No,2025-04-20,2900000,9:12,300000
Love Design: Season 1 // รับ (รัก) ออกแบบ: ซีซั่น 1,No,,2900000,10:13,300000
White Lines: Season 1,Yes,2020-05-15,2900000,9:07,300000
Your lie in April: Season 1 // 四月は君の嘘: シーズン1,No,,2900000,8:24,300000
Boruto: Naruto Next Generations: Mitsuki's Disappearance // BORUTO ボルト NEXT GENERATIONS: ミツキ失踪編,No,,2800000,8:45,300000
Home Improvement: Season 6,No,,2800000,9:21,300000
Let's Get Divorced: Season 1 // 離婚しようよ: シーズン1,Yes,2023-06-22,2800000,9:22,300000
Physical: 100: Season 1 // 피지컬: 100: 시즌 1,No,2023-01-24,2800000,9:44,300000
Ranczo: Season 1,No,,2800000,10:38,300000
Rookies: Season 1,No,,2800000,10:22,300000
"Roswell, New Mexico: Season 1",No,,2800000,9:09,300000
Sword Art Online // ソードアート・オンライン,No,,2800000,9:56,300000
Undercover: Season 2,Yes,2020-09-06,2800000,8:03,300000
Vida the Vet: Season 1,No,,2800000,10:10,300000
Why I Dress Up for Love: Season 1 // 着飾る恋には理由があって: シーズン1,No,,2800000,8:07,300000
30 Rock: Season 4,No,,2700000,7:52,300000
A Different World: Season 1,Yes,,2700000,8:40,300000
Agatha Christie's Poirot: Series 1,No,,2700000,8:19,300000
Call the Midwife: Series 2,No,,2700000,8:11,300000
Cowboy Bebop: Season 1 // カウボーイビバップ: シーズン1,No,,2700000,10:40,300000
Oscar's Oasis: Season 1,No,,2700000,9:08,300000
The Bureau of Magical Things: Season 1,Yes,,2700000,7:57,300000
The Jamie Foxx Show: Season 2,No,,2700000,8:14,300000
Black Forceps: Season 2 -The Devil Surgeon- // ブラックペアン: シーズン2,No,,2600000,8:48,300000
Bunk'd: Season 7,No,,2600000,8:46,300000
Diary of a Gigolo: Season 1 // Diario de un gigoló: Temporada 1,No,2022-09-07,2600000,8:08,300000
Dr. Storks (2015) // コウノドリ (2015),No,,2600000,8:11,300000
Hajime no Ippo: The Fighting!: Rising! // はじめの一歩: Rising,No,,2600000,9:32,300000
Love Is Blind: Brazil: Season 5 // Casamento às Cegas: Brasil: Temporada 5,No,2025-09-10,2600000,9:59,300000
Meet Me After School: Season 1 // 中学聖日記: シーズン1,No,,2600000,10:17,300000
PAW Patrol: Season 4,No,,2600000,10:03,300000
Pride: Season 1 // プライド: シーズン1,No,,2600000,9:02,300000
Rikuoh: Season 1 // 陸王: シーズン1,No,,2600000,10:03,300000
Rurouni Kenshin: -Kyoto Disturbance- // るろうに剣心 -明治剣客浪漫譚-: 京都動乱,No,,2600000,8:46,300000
Stolen Away: Season 1 // Perdida: Temporada 1,No,2020-06-05,2600000,8:49,300000
The Parisian Agency: Exclusive Properties: Season 5 // L'Agence : L'immobilier de luxe en famille: Saison 5,No,2025-02-21,2600000,7:53,300000
Your Honor (2020): Season 2,No,,2600000,8:57,300000
American Pickers: Season 17,No,,2500000,7:39,300000
Boruto: Naruto Next Generations: Time Slip // BORUTO ボルト NEXT GENERATIONS: タイムスリップ編,No,,2500000,8:21,300000
Call the Midwife: Series 3,No,,2500000,8:12,300000
Call the Midwife: Series 9,No,,2500000,8:23,300000
Call the Midwife: Series 13,No,,2500000,8:25,300000
Fire Force: Season 2 // 炎炎ノ消防隊: 弐ノ章,No,,2500000,9:48,300000
Girlfriends (2000): Season 1,No,,2500000,7:52,300000
Home Improvement: Season 7,No,,2500000,9:14,300000
Inside: Season 2,No,2025-03-17,2500000,7:12,300000
Johnny Test (2005): Season 4,No,,2500000,9:34,300000
Love is Blind: Sweden: Season 2 // Love is Blind: Sverige: Säsong 2,No,2025-03-13,2500000,9:58,300000
Ranczo: Season 5,No,,2500000,9:58,300000
Re:ZERO -Starting Life in Another World- Director's Cut: Re:ZERO -Starting Life in Another World- Season 3 // Re:ゼロから始める異世界生活 新編集版: 3rd season,No,,2500000,7:37,300000
The Big Bang Theory: Season 9,No,,2500000,7:41,300000
The Big Bang Theory: Season 10,No,,2500000,7:49,300000
The Game (2006): Season 1,No,,2500000,7:38,300000
The Steve Harvey Show: Season 1,No,,2500000,7:50,300000
Tojima Wants to Be a Kamen Rider: Season 1 // 東島丹三郎は仮面ライダーになりたい: シーズン1,No,,2500000,9:33,300000
Too Hot to Handle: Season 2,No,2021-06-23,2500000,7:18,300000
Warrior (2019): Season 1,No,,2500000,8:06,300000
A Different World: Season 3,Yes,,2400000,9:35,300000
A Different World: Season 4,Yes,,2400000,9:33,300000
Believe: Bridge to the Future: Season 1 // Believe-君にかける橋-: シーズン1,No,,2400000,7:29,300000
Beowulf: Season 1,No,,2400000,9:21,300000
Dearest: Season 1 // 最愛: シーズン1,No,,2400000,7:46,300000
Girlfriends (2000): Season 3,No,,2400000,8:44,300000
Gokusen: Season 3 // ごくせん3,No,,2400000,9:08,300000
If My Wife Becomes an Elementary School Student.: Season 1 // 妻、小学生になる。: シーズン１,No,,2400000,7:50,300000
Jashinnotenbin Kouanbunsekihan: Season 1 // 邪神の天秤 公安分析班: シーズン1,No,,2400000,8:24,300000
Mr. Bean: The Animated Series: Season 1,No,,2400000,9:35,300000
Rana Naidu: Season 1 // राणा नायडू: सीज़न 1,Yes,2023-03-10,2400000,7:57,300000
Ranczo: Season 6,No,,2400000,9:29,300000
Ranczo: Season 8,No,,2400000,9:34,300000
The Big Bang Theory: Season 11,No,,2400000,8:05,300000
The King of Queens: Season 6,No,,2400000,8:44,300000
The Risk Taker: Season 1 // 데스게임: 천만원을 걸어라,No,,2400000,7:16,300000
The Travel Nurse: Season 2 // ザ・トラベルナース(2024),No,,2400000,6:59,300000
Trick: Season 2 (2002) // トリック: シーズン2,No,,2400000,8:21,300000
When Missing Turns to Murder: Season 2,No,,2400000,7:53,300000
Wildfire (2005): Season 1,No,,2400000,9:27,300000
Call the Midwife: Series 4,No,,2300000,8:11,300000
City Hustlers: Season 1 // Băieți de oraș: Sezonul 1,No,,2300000,7:10,300000
Next in Fashion: Season 1,No,2020-01-29,2300000,8:14,300000
Please Die My Beloved: Season 1 // 夫よ、死んでくれないか: シーズン1,No,,2300000,7:44,300000
Queen Mantis: Season 1 // 사마귀: 살인자의 외출: 시즌 1,No,,2300000,8:06,300000
The Fairly OddParents: Season 5,No,,2300000,7:35,300000
The Jamie Foxx Show: Season 3,No,,2300000,7:28,300000
The Jamie Foxx Show: Season 4,No,,2300000,8:46,300000
The Parkers: Season 5,No,,2300000,6:37,300000
The Ultimatum: Marry or Move On: Season 1,No,2022-04-06,2300000,8:20,300000
The Ultimatum: Queer Love: Season 2,No,2025-06-25,2300000,9:00,300000
WHAT / IF: Part I,Yes,2019-05-24,2300000,8:19,300000
30 Rock: Season 5,No,,2200000,7:54,300000
A Different World: Season 2,Yes,,2200000,8:34,300000
Affair: Season 1 // รักเล่นกล: ซีซั่น 1,Yes,,2200000,7:51,300000
Call the Midwife: Series 6,No,,2200000,8:26,300000
Call the Midwife: Series 8,No,,2200000,8:26,300000
Call the Midwife: Series 12,No,,2200000,8:26,300000
Catalog: Season 1 // كتالوج: موسم 1,Yes,2025-07-17,2200000,7:14,300000
Friends (1994): Season 10,No,,2200000,7:24,300000
Girlfriends (2000): Season 2,No,,2200000,7:50,300000
Girlfriends (2000): Season 4,No,,2200000,8:22,300000
Harmony Secret: Season 1 // ดีลลับฉบับเล่นเล่ห์ - Harmony Secret: ซีซั่น 1,No,,2200000,7:35,300000
"Mr. Housekeeper, Mitazono: Season 4 // 家政夫のミタゾノ(2020)",No,,2200000,7:11,300000
Night Court (2023): Season 3,No,,2200000,6:27,300000
Rhythm + Flow Italy: Season 3 // Nuova Scena: Stagione 3,No,2026-06-22,2200000,6:52,300000
Spec～birth: Season 1 // SPEC～警視庁公安部公安第五課 未詳事件特別対策係事件簿～: シーズン1,No,,2200000,7:59,300000
Super Wings: Season 7,No,,2200000,8:16,300000
The Conners: Season 2,No,,2200000,7:11,300000
The Conners: Season 5,No,,2200000,7:55,300000
The Echoes of Survivors: Inside Korea’s Tragedies: Season 1 // 나는 생존자다: 시즌 1,Yes,2025-08-15,2200000,7:29,300000
The Lieutenant Ninzaburo Furuhata: Season 3 // 警部補・古畑任三郎: 第3シリーズ,No,,2200000,7:57,300000
The Naked Director: Season 2 // 全裸監督: シーズン2,Yes,2021-06-24,2200000,6:48,300000
Aniela: Season 1,Yes,2025-06-11,2100000,6:02,300000
Capitani: Season 2,Yes,2022-07-08,2100000,6:05,300000
Glamorous: Season 1,Yes,2023-06-22,2100000,7:27,300000
House of Cards: Season 6,Yes,2018-11-02,2100000,7:19,300000
Just a Bit Espers: Season 1 // ちょっとだけエスパー: シーズン1,No,,2100000,6:45,300000
Rescue Me (2004): Season 6,Yes,,2100000,7:01,300000
Rinjo: Season 1 // 臨場: 第一章,No,,2100000,7:30,300000
Teenage Bounty Hunters: Season 1,Yes,2020-08-14,2100000,8:14,300000
The Bernie Mac Show: Season 5,No,,2100000,8:00,300000
The Big Bang Theory: Season 12,No,,2100000,8:02,300000
The Blood Pact: Season 1 // Klem: Seizoen 1,No,,2100000,7:57,300000
The Blood Pact: Season 3 // Klem: Seizoen 3,No,,2100000,7:51,300000
The Envoys: Season 1 // Los Enviados: Temporada 1,No,,2100000,6:26,300000
The Game (2006): Season 2,No,,2100000,6:57,300000
The Last Ship: Season 4,No,,2100000,7:01,300000
The Makanai: Cooking for the Maiko House: Season 1 // 舞妓さんちのまかないさん: シーズン1,Yes,2023-01-12,2100000,6:30,300000
The Pride of the Temp: Season 1 // ハケンの品格: シーズン1,Yes,,2100000,7:54,300000
The Steve Harvey Show: Season 2,No,,2100000,8:15,300000
The Steve Harvey Show: Season 3,No,,2100000,8:14,300000
Too Hot to Handle: Season 5,No,2023-07-14,2100000,8:15,300000
A Model Family: Season 1 // 모범가족: 시즌 1,Yes,2022-08-12,2000000,7:34,300000
AARO -All-domain Anomaly Resolution Office-: Season 1 // 全領域異常解決室: シーズン1,No,,2000000,7:36,300000
Apache: The Life of Carlos Tevez: Season 1 // Apache: La vida de Carlos Tevez: Temporada 1,No,2019-08-16,2000000,6:16,300000
Atypical Crime Investigator Hinako Todo: Season 1 // ON 異常犯罪捜査官・藤堂比奈子: シーズン1,No,,2000000,7:37,300000
Average Joe (2023): Season 1,No,,2000000,7:33,300000
Big Timber: Season 1,No,2021-07-02,2000000,6:53,300000
Bitch and Rich: Season 1 // 청담국제고등학교: 시즌 1,No,,2000000,5:53,300000
Boruto: Naruto Next Generations: Kara Actuation // BORUTO ボルト NEXT GENERATIONS: 「殻」始動編,No,,2000000,7:57,300000
Good Partner the Invincible Lawyer: Season 1 // グッドパートナー 無敵の弁護士: シーズン1,No,,2000000,6:58,300000
Life After Death with Tyler Henry: Season 1,Yes,2022-03-11,2000000,6:29,300000
Omar & Hana: Season 1,No,,2000000,7:18,300000
Selling Sunset: Season 7,No,2023-11-03,2000000,7:46,300000
Selling Sunset: Season 8,No,2024-09-06,2000000,6:25,300000
Slasher: Guilty Party,Yes,2017-10-17,2000000,6:31,300000
The Bernie Mac Show: Season 4,No,,2000000,5:49,300000
The Black Swindler (2022): Season 1 // クロサギ (新シリーズ2022): シーズン1,No,,2000000,7:50,300000
The Blood Pact: Season 2 // Klem: Seizoen 2,No,,2000000,7:53,300000
The Conners: Season 3,No,,2000000,7:11,300000
The Conners: Season 4,No,,2000000,7:11,300000
The Defeated: Season 1,Yes,2021-08-18,2000000,6:04,300000
The Game (2006): Season 3,No,,2000000,7:37,300000
The Tycoon's Revenge: Season 1 // 財閥復讐～兄嫁になった元嫁へ～: シーズン1,No,,2000000,6:24,300000
To Kill a Monkey: Season 1,No,,2000000,7:38,300000
Trillion Game: Season 1 // トリリオンゲーム: シーズン１,No,,2000000,7:44,300000
Unbreakable Kimmy Schmidt: Season 4,Yes,2018-05-30,2000000,6:26,300000
Undercover: Season 3,Yes,2021-11-21,2000000,6:34,300000
You Cannot Hide: Season 1 // No te puedes esconder: Temporada 1,No,2020-01-24,2000000,7:37,300000
Agatha Christie's Marple: Series 2,No,,1900000,6:13,300000
Barbecue Showdown: Season 2,No,2023-05-26,1900000,5:41,300000
Black Suit Story: Season 1 // 黒服物語: シーズン1,No,,1900000,6:27,300000
Choona: Limited Series // चूना: लिमिटेड सीरीज़,Yes,2023-09-29,1900000,5:37,300000
HUNT - Tax Investigation Officer: Season 1 // ナサケの女 ～国税局査察官～: シーズン1,No,,1900000,6:31,300000
Istanbul Encyclopedia: Limited Series // İstanbul Ansiklopedisi: Mini Dizi,Yes,2025-04-17,1900000,5:44,300000
Last One Standing: Season 3 // トークサバイバー！〜トークが面白いと生き残れるドラマ〜: シーズン3,No,2024-09-03,1900000,6:06,300000
Love: Season 1,Yes,2016-02-19,1900000,5:37,300000
Octonauts: Season 4,No,,1900000,5:26,300000
Rescue Me (2004): Season 7,Yes,,1900000,6:43,300000
Sherlock (2010): Series 3,No,,1900000,5:53,300000
Suburræterna: Limited Series,Yes,2023-11-14,1900000,6:02,300000
Surviving Paradise: Season 1,No,2023-10-20,1900000,6:39,300000
The Girl in the Mirror: Season 1 // Alma: Temporada 1,Yes,2022-08-19,1900000,7:00,300000
Too Hot to Handle: Season 4,No,2022-12-07,1900000,7:27,300000
Women Document Detectives: Season 2 // 未解決の女 警視庁文書捜査官: シーズン2,No,,1900000,6:19,300000
"Ada Twist, Scientist: Season 4",Yes,2023-04-22,1800000,6:06,300000
Black Leather Notebook(2017): Season 1 // 黒革の手帖: シーズン1,No,,1800000,6:41,300000
Car Masters: Rust to Riches: Season 5,No,2023-12-13,1800000,5:18,300000
Class Act: Limited Series // Tapie: Mini-série,Yes,2023-09-13,1800000,6:19,300000
Jamtara - Sabka Number Ayega: Season 2 // जमतारा - सबका नंबर आएगा: सीज़न 2,Yes,2022-09-23,1800000,5:45,300000
Marcella: Season 3,Yes,2020-06-14,1800000,6:01,300000
Selena: The Series: Part 2,Yes,2021-05-04,1800000,5:32,300000
Summertime: Season 1,Yes,2020-04-29,1800000,5:40,300000
Sunim & Sonim: Soul Trip in India: 2026 // 법륜로드 : 스님과 손님: 2026,No,,1800000,7:11,300000
The A Word: Season 3,No,,1800000,5:51,300000
The Newsreader: Season 1,No,,1800000,5:16,300000
The Queen of Villains: Season 1 // 極悪女王: シーズン1,Yes,2024-09-19,1800000,5:45,300000
Too Hot to Handle: Season 3,No,2022-01-19,1800000,6:59,300000
Black Monday: Season 1,No,,1700000,4:54,300000
Call My Agent!: Season 1 // Dix pour cent: Saison 1,No,2016-12-20,1700000,5:11,300000
Car Masters: Rust to Riches: Season 4,No,2022-07-27,1700000,4:56,300000
Deadwind: Season 2 // Karppi: Kausi 2,Yes,2020-07-01,1700000,5:48,300000
Deadwind: Season 3 // Karppi: Kausi 3,Yes,2022-05-15,1700000,6:01,300000
Dirk Gently's Holistic Detective Agency: Season 1,No,2016-12-11,1700000,5:48,300000
Drink Masters: Season 1,No,2022-10-28,1700000,6:33,300000
Fate/strange Fake: Season 1 // TVアニメ『Fate/strange Fake』: シーズン1,No,,1700000,5:10,300000
Ferry: The Series: The Series // Ferry: de serie: de serie,Yes,2023-11-03,1700000,6:06,300000
Girlboss: Season 1,Yes,2017-04-21,1700000,5:53,300000
Kaulitz & Kaulitz: Season 1,No,2024-06-25,1700000,6:12,300000
"Mr. Housekeeper, Mitazono: Season 5 // 家政夫のミタゾノ(2022)",No,,1700000,6:22,300000
"Mr. Housekeeper, Mitazono: Season 7 // 家政夫のミタゾノ(2025)",No,,1700000,6:47,300000
Pay Later: Season 1,No,,1700000,5:24,300000
Pocoyo: Season 5 // Pocoyó: Temporada 5,No,,1700000,5:31,300000
Rebelde: Season 1,Yes,2022-01-05,1700000,5:22,300000
Somebody Feed Phil: Season 7,Yes,2024-03-01,1700000,6:18,300000
Suburra: Blood on Rome: Season 2 // Suburra: La serie: Stagione 2,Yes,2019-02-22,1700000,6:19,300000
Tex Mex Motors: Season 1,No,2023-06-09,1700000,4:53,300000
The Minions of Midas: Limited Series // Los Favoritos de Midas: Miniserie,Yes,2020-11-13,1700000,5:19,300000
Trick Shinsaku Special: TRICK SPECIAL // トリック新作スペシャル,No,,1700000,5:27,300000
Accused (2010): Season 1,No,,1600000,5:56,300000
Agatha Christie's Marple: Series 3,No,,1600000,6:12,300000
Alibi Breaker: Season 1 // アリバイ崩し承ります: シーズン1,No,,1600000,4:42,300000
Apocalypse Bringer Mynoghra: World Conquest Starts with the Civilization of Ruin: Season 1 // 異世界黙示録マイノグーラ～破滅の文明で始める世界征服～: シーズン1,No,,1600000,5:08,300000
Beat Bobby Flay: Season 29,No,,1600000,5:36,300000
Boruto: Naruto Next Generations: Vessel // BORUTO ボルト NEXT GENERATIONS: 「器」編,No,,1600000,6:22,300000
Bullsh*t The Gameshow: Season 1,No,2022-04-27,1600000,5:28,300000
CAT: Season 1,Yes,2022-12-09,1600000,5:58,300000
Dear My Loneliness and Darkness: Season 1 // 愛しい嘘～優しい闇～: シーズン1,No,,1600000,6:23,300000
Everything Calls for Salvation: Season 1 // Tutto chiede salvezza: Stagione 1,Yes,2022-10-14,1600000,5:25,300000
Full Swing: Season 1,Yes,2023-02-15,1600000,6:03,300000
Gantz (2004): The First Stage,No,,1600000,4:56,300000
Glow Up: Season 1,No,2019-12-06,1600000,5:59,300000
High Seas: Season 2 // Alta mar: Temporada 2,Yes,2019-11-22,1600000,5:42,300000
How to Get Rich: Season 1,Yes,2023-04-18,1600000,4:46,300000
Human: The World Within: Limited Series,Yes,2021-06-04,1600000,5:12,300000
MF Ghost: Season 2 // MFゴースト: シーズン2,No,,1600000,4:44,300000
Midnight at the Pera Palace: Season 2 // Pera Palas'ta Gece Yarısı: 2. Sezon,Yes,2024-09-12,1600000,5:41,300000
My Lottery Dream Home: Season 12,No,,1600000,5:23,300000
One Cent Thief: Season 2,No,,1600000,6:13,300000
Selling Sunset: Season 6,No,2023-05-19,1600000,6:04,300000
Sugar Rush: Extra Sweet,No,2020-07-31,1600000,5:18,300000
The Dangers in My Heart: Season 1 // 僕の心のヤバイやつ: シーズン1,No,,1600000,4:36,300000
The Fall: Season 1,No,2013-05-27,1600000,4:54,300000
The Fame Game: Season 1 // द फ़ेम गेम: सीज़न 1,Yes,2022-02-25,1600000,6:17,300000
The Life You Wanted: Limited Series // La vita che volevi: Miniserie,Yes,2024-05-29,1600000,4:52,300000
The Reincarnation Of The Strongest Exorcist In Another World: Season 1 // 最強陰陽師の異世界転生記: シーズン1,No,,1600000,5:08,300000
"The Wiggles: Ready, Steady, Wiggle: Season 5",No,,1600000,4:48,300000
Boruto: Naruto Next Generations: Byakuya Gang // BORUTO ボルト NEXT GENERATIONS: 白夜団編,No,,1500000,4:21,300000
Boruto: Naruto Next Generations: Naruto Shinden // BORUTO ボルト NEXT GENERATIONS: ナルト新伝,No,,1500000,5:10,300000
Boruto: Naruto Next Generations: Kawaki: Kara Clash // BORUTO ボルト NEXT GENERATIONS: カワキ編「殻」激突,No,,1500000,*,300000
Brassic: Season 1,No,,1500000,4:22,300000
Brassic: Season 3,No,,1500000,5:56,300000
Brassic: Season 5,No,,1500000,5:41,300000
Cranford (2007),No,,1500000,4:28,300000
Dead End: Paranormal Park: Season 2,Yes,2022-10-13,1500000,4:29,300000
Everyone Is Doing Great: Season 1,No,,1500000,4:31,300000
Fixer: Season 2 // フィクサー: シーズン2,No,,1500000,4:27,300000
Franklin: Season 1 // فرانكلين: موسم 1,Yes,2025-05-15,1500000,4:40,300000
Full Swing: Season 3,Yes,2025-02-25,1500000,5:23,300000
Glow Up: Season 2,No,2020-08-14,1500000,5:50,300000
Johnny Test (2005): Season 2,No,,1500000,4:46,300000
Kingdom: Series 5 // キングダム: 第5シリーズ,No,,1500000,5:24,300000
Last One Standing: Season 1 // トークサバイバー！〜トークが面白いと生き残れるドラマ〜: シーズン1,No,2022-03-08,1500000,4:49,300000
Normal People (2020): Season 1,No,,1500000,5:38,300000
Oggy Oggy: Season 1,Yes,2021-08-24,1500000,5:55,300000
Pine Gap: Season 1,No,2018-12-07,1500000,*,300000
Pororo - The Little Penguin: Season 8,No,,1500000,5:58,300000
Puella Magi Madoka Magica: Season 1 // 魔法少女まどかマギカ: シーズン1,No,,1500000,4:56,300000
Quarterback: Season 2,Yes,2025-07-08,1500000,6:00,300000
Santo: Season 1,Yes,2022-09-16,1500000,4:35,300000
Shameless: Series 1,No,,1500000,5:34,300000
Snowflake Mountain: Season 1,No,2022-06-22,1500000,5:01,300000
Sugar Rush: The Baking Point: Season 2 // Pasteleros contra el tiempo: Temporada 2,No,2024-07-10,1500000,5:13,300000
The Conners: Season 6,No,,1500000,4:40,300000
The Gift: Season 2 // Atiye: 2. Sezon,Yes,2020-09-10,1500000,5:34,300000
The Turkish Passion: Season 1 // La pasión turca: Temporada 1,No,,1500000,5:08,300000
The Unaware Atelier Meister: Season 1 // 勘違いの工房主～英雄パーティの元雑用係が、実は戦闘以外がSSSランクだったというよくある話～: シーズン 1,No,,1500000,4:44,300000
"Upstairs, Downstairs (2010): Series 2",No,,1500000,5:17,300000
Biohackers: Season 2,Yes,2021-07-09,1400000,4:11,300000
Call My Agent!: Season 2 // Dix pour cent: Saison 2,No,2017-09-16,1400000,5:17,300000
Cook at all Costs: Season 1,No,2022-12-16,1400000,4:46,300000
"Dad Is a Hero, Mom Is a Spirit, I’m a Reincarnator: Season 1 // 父は英雄、母は精霊、娘の私は転生者。: シーズン1",No,,1400000,4:47,300000
Ddusik: Season 8 // 뚜식이: 시즌8,No,,1400000,4:44,300000
Devilman Crybaby: Limited Series,Yes,2018-01-05,1400000,4:12,300000
Didi & Friends: Season 1,No,,1400000,4:34,300000
Disjointed: Part 2,No,2018-01-12,1400000,4:48,300000
Gangs of Oslo: Season 1 // Blodsbrødre: Sesong 1,Yes,,1400000,4:50,300000
GLOW: Season 1,Yes,2017-06-23,1400000,5:30,300000
I'm the Evil Lord of an Intergalactic Empire!: Season 1 // 俺は星間国家の悪徳領主!: シーズン1,No,,1400000,4:44,300000
Is It Wrong to Try to Pick Up Girls in a Dungeon?: Season 2 // ダンジョンに出会いを求めるのは間違っているだろうか: 第2期,No,,1400000,*,300000
Johnny Test (2005): Season 3,No,,1400000,4:47,300000
Mechamato The Animated Series: Season 2,No,,1400000,4:51,300000
One Against All: Season 1 // Um Contra Todos: Temporada 1,No,,1400000,4:56,300000
Pokémon Horizons: The Series: Part 3,No,2024-08-09,1400000,4:01,300000
Pokémon Journeys: The Series: Part 4,No,2021-03-05,1400000,4:21,300000
Queer Eye: Season 8,No,2024-01-24,1400000,5:27,300000
Reincarnated as a Sword // 転生したら剣でした: シーズン1,No,,1400000,4:44,300000
Samurai Rabbit: The Usagi Chronicles: Season 2,Yes,2022-09-01,1400000,4:07,300000
Selling Sunset: Season 2,No,2020-05-22,1400000,5:04,300000
Selling The City: Season 1,No,2025-01-03,1400000,4:51,300000
She-Ra and the Princesses of Power: Season 1,Yes,2018-11-13,1400000,5:14,300000
Smother-in-Law: Season 2 // A Sogra que te pariu: Temporada 2,Yes,2023-04-12,1400000,4:11,300000
The Dangers in My Heart: Season 2 // 僕の心のヤバイやつ: シーズン2,No,,1400000,5:20,300000
The Girl from Oslo: Season 1 // אזהרת מסע: עונה 1,No,2021-12-19,1400000,5:31,300000
The House of Flowers: Season 2 // La casa de las flores: Temporada 2,Yes,2019-10-18,1400000,4:57,300000
The Mire // Rojst,Yes,2019-12-21,1400000,4:11,300000
The Quintessential Quintuplets 2 // 五等分の花嫁∬,No,,1400000,*,300000
The Wrong Way to Use Healing Magic: Season 1 // 治癒魔法の間違った使い方: シーズン1,No,,1400000,5:08,300000
Twilight of the Gods: Season 1,Yes,2024-09-19,1400000,4:08,300000
Upin&Ipin: Season 18,No,,1400000,4:08,300000
"With Love, Meghan: Season 2",No,2025-08-26,1400000,4:50,300000
Yeh Kaali Kaali Ankhein: Season 1 // ये काली काली आंखें: सीज़न 1,Yes,2022-01-14,1400000,5:26,300000
Ōoku: The Inner Chambers: Season 1 // 大奥: シーズン1,Yes,2023-06-29,1400000,5:27,300000
10 Things I Want To Do Before I Turn 40: Season 1 // 40までにしたい10のこと: シーズン1,No,,1300000,4:35,300000
7th Time Loop: The Villainess Enjoys a Carefree Life Married to Her Worst Enemy!: Season 1 // ループ7回目の悪役令嬢は、元敵国で自由気ままな花嫁生活を満喫する: シーズン1,No,,1300000,4:46,300000
Ackley Bridge: Series 1,No,,1300000,4:37,300000
Alya Sometimes Hides Her Feelings in Russian: Season 1 // 時々ボソッとロシア語でデレる隣のアーリャさん: シーズン1,No,,1300000,4:54,300000
"Belascoarán, PI: Season 1 // Belascoarán: Temporada 1",Yes,2022-10-12,1300000,3:50,300000
Boruto: Naruto Next Generations: Chunin Re-Examination // BORUTO ボルト NEXT GENERATIONS: 中忍再試験編,No,,1300000,4:48,300000
Fictitious Girl's Diary: Season 1 // 架空OL日記: シーズン1,No,,1300000,3:59,300000
Fixer: Season 3 // フィクサー: シーズン3,No,,1300000,4:12,300000
Golden Kamuy: Season 1 // ゴールデンカムイ: シーズン1,No,,1300000,5:06,300000
I Am Georgina: Season 2 // Soy Georgina: Temporada 2,No,2023-03-24,1300000,4:09,300000
Kong: King of the Apes: Season 2,Yes,2018-05-04,1300000,3:44,300000
Mai: A Mother's Rage: Season 1 // माई: सीज़न 1,Yes,2022-04-15,1300000,4:47,300000
Medalist: Season 1 // メダリスト: シーズン1,No,,1300000,4:59,300000
Pokémon Horizons: Season 3: Rising Hope: Part 3,No,2026-06-26,1300000,4:34,300000
Pokémon Horizons: The Series: Part 4,No,2024-11-22,1300000,4:01,300000
Ponysitters Club: Season 1,No,2018-08-10,1300000,3:47,300000
Resurrected Rides: Season 1,No,2024-07-24,1300000,5:09,300000
Robocar POLI: 시즌 5,Yes,,1300000,3:45,300000
Run for the Money: Season 1 // 逃走中 Battle Royal: シーズン1,No,2022-11-15,1300000,3:44,300000
Selling The OC: Season 1,No,2022-08-24,1300000,4:37,300000
Slam Dunk: Season 1,No,,1300000,4:34,300000
SPRINT: Season 1,Yes,2024-07-02,1300000,4:09,300000
SWORDGAI The Animation: Part I // ソードガイ The Animation: パートI,Yes,2018-03-23,1300000,4:31,300000
Team Zenko Go: Season 2,Yes,2022-08-08,1300000,4:03,300000
The World’s Best Assassin: To Reincarnate in a Different World Aristocrat: Season 1 // 世界最高の暗殺者、異世界貴族に転生する: シーズン1,No,,1300000,4:44,300000
Always a Witch: Season 2 // Siempre bruja: Temporada 2,Yes,2020-02-28,1200000,4:47,300000
Archer (2009): Season 7,No,,1200000,3:37,300000
Brassic: Season 2,No,,1200000,4:26,300000
Centaurworld: Season 2,Yes,2021-12-07,1200000,4:30,300000
Detroiters: Season 2,No,,1200000,3:32,300000
Farzar: Season 1,Yes,2022-07-15,1200000,4:33,300000
Fatma: Season 1,Yes,2021-04-27,1200000,4:14,300000
Friends from College: Season 2,Yes,2019-01-11,1200000,3:51,300000
Hoops: Season 1,Yes,2020-08-21,1200000,4:15,300000
Indian Matchmaking: Season 3,No,2023-04-21,1200000,4:42,300000
Into the Night: Season 2,Yes,2021-09-08,1200000,3:28,300000
KonoSuba: God's Blessing on This Wonderful World! 2 // この素晴らしい世界に祝福を! 2,No,,1200000,*,300000
Matchroom: The Greatest Showmen: Season 1,Yes,2025-09-17,1200000,4:21,300000
Mechamato The Animated Series: Season 4,No,,1200000,4:47,300000
MF Ghost: Season 1 // MFゴースト: シーズン1,No,,1200000,4:44,300000
Minx: Season 2,No,,1200000,4:03,300000
"My Instant Death Ability Is So Overpowered, No One in This Other World Stands a Chance Against Me!: Season 1 // 即死チートが最強すぎて、異世界のやつらがまるで相手にならないんですが。: シーズン1",No,,1200000,4:42,300000
Pretty Smart: Season 1,Yes,2021-10-08,1200000,3:59,300000
Reboot: The Guardian Code: Season 1,Yes,2018-03-30,1200000,3:38,300000
Sherlock (2010): Series 4,No,,1200000,4:28,300000
Shouldn’t We Just Abandon Such Families?: Season 1 // そんな家族なら捨てちゃえば?: シーズン1,No,,1200000,4:01,300000
Spycraft: Season 1,Yes,2021-01-20,1200000,4:30,300000
StoryBots: Answer Time: Season 1,Yes,2022-11-21,1200000,3:49,300000
Suburra: Blood on Rome: Season 3 // Suburra: La serie: Stagione 3,Yes,2020-10-30,1200000,4:46,300000
The Great Heist: Limited Series // El robo del siglo: Miniserie,Yes,2020-08-14,1200000,4:09,300000
The Saintʼs Magic Power Is Omnipotent: Season 1 // 聖女の魔力は万能です: シーズン1,No,,1200000,4:44,300000
Thomas and Friends: Season 24,No,,1200000,3:43,300000
Tiger King 2,Yes,2021-11-17,1200000,3:35,300000
Together: Treble Winners: Limited Series,Yes,,1200000,4:31,300000
Trinkets: Season 1,Yes,2019-06-14,1200000,4:21,300000
Upin&Ipin: Season 6,No,,1200000,4:33,300000
Win the Wilderness: Season 1,No,2020-04-22,1200000,4:40,300000
2026 World Baseball Classic Quarterfinals: Italy vs. Puerto Rico // 2026 ワールドベースボールクラシック: 準々決勝 イタリア 対 プエルトリコ,No,2026-03-14,1100000,3:36*,300000
Between: Season 2,No,2016-07-01,1100000,4:20,300000
Cable Girls: Final Season: Part 1 // Las chicas del cable: Temporada final: Parte 1,Yes,2020-02-14,1100000,3:17,300000
Doppelhaushälfte: Season 2,No,,1100000,3:53,300000
DOTA: Dragon's Blood: Book 2,Yes,2022-01-18,1100000,3:28,300000
Family Business: Season 3,Yes,2021-10-08,1100000,3:34,300000
Fast & Furious Spy Racers: Season 3: Sahara,Yes,2020-12-26,1100000,3:11,300000
He-Man and the Masters of the Universe: Season 2,Yes,2022-03-03,1100000,3:27,300000
Invisible City: Season 2 // Cidade Invisível: Temporada 2,Yes,2023-03-22,1100000,3:32,300000
Kath and Kim: Season 2,Yes,,1100000,3:19,300000
LEGO Elves: Secrets of Elvendale: Season 1,Yes,2017-09-01,1100000,3:15,300000
Nothing to See Here: Season 2 // Ojitos de Huevo: Temporada 2,Yes,2024-11-20,1100000,4:14,300000
Prince of Peoria: Part 2,Yes,2019-05-20,1100000,3:31,300000
Scissor Seven: Season 1 // 刺客伍六七: 第 1 季,Yes,2020-01-10,1100000,3:20,300000
The Chosen One: Season 1 // El Elegido: Temporada 1,Yes,2023-08-16,1100000,4:19,300000
The Grimm Variations: Season 1 // グリム組曲: シーズン1,Yes,2024-04-17,1100000,4:12,300000
The Kominsky Method: Season 2,Yes,2019-10-25,1100000,3:23,300000
Time Hustler: Season 1 // O Cangaceiro do Futuro: Temporada 1,Yes,2022-12-25,1100000,4:03,300000
Top Boy: Summerhouse: Series 2,Yes,,1100000,3:09,300000
Upin&Ipin: Season 17,No,,1100000,4:10,300000
We Are! Let's get the party STARTO!!: Season 1,No,,1100000,4:17,300000
WWE Elimination Chamber: Elimination Chamber 2025,No,2025-03-01,1100000,3:16,300000
2026 World Baseball Classic: United States vs. Italy // 2026 ワールドベースボールクラシック: アメリカ 対 イタリア,No,2026-03-10,1000000,3:13*,300000
Blown Away: Season 1,No,2019-07-12,1000000,3:55,300000
Boruto: Naruto Next Generations: Konoha Shinden: The Steam Ninja Scrolls // BORUTO ボルト NEXT GENERATIONS: 木ノ葉新伝 湯煙忍法帖編,No,,1000000,3:59,300000
Brockmire: Season 4,No,,1000000,2:53,300000
Cable Girls: Final Season: Part 2 // Las chicas del cable: Temporada final: Parte 2,Yes,2020-07-03,1000000,3:19,300000
Canelo Álvarez vs. Terence Crawford,No,2025-09-13,1000000,*,300000
Drug Lords: Season 1,Yes,2018-01-19,1000000,3:01,300000
Easy: Season 1,Yes,2016-09-22,1000000,3:46,300000
Fast & Furious Spy Racers: Season 4: Mexico,Yes,2021-04-16,1000000,3:11,300000
Freeridge: Season 1,Yes,2023-02-02,1000000,3:44,300000
How to Become a Cult Leader: Season 1,Yes,2023-07-28,1000000,3:14,300000
Inside the World’s Toughest Prisons: Season 6,Yes,2022-09-28,1000000,3:04,300000
Kath and Kim: Season 3,Yes,,1000000,3:20,300000
Love Is Blind: Argentina: Season 2,No,2026-06-28,1000000,3:59,300000
My Lottery Dream Home: Season 11,No,,1000000,3:35,300000
Nailed It!: Season 6,No,2021-09-15,1000000,3:22,300000
Night Shift For Cuties: Season 1,Yes,2026-06-04,1000000,3:55,300000
Norsemen: Season 3,Yes,2020-07-22,1000000,3:08,300000
Simone Biles Rising: Season 1,Yes,2024-07-17,1000000,3:17,300000
Spy Kids: Mission Critical: Season 2,Yes,2018-11-30,1000000,*,300000
Still Game: Season 9,No,,1000000,2:54,300000
Strawberry Shortcake: Berry in the Big City: Season 1,No,,1000000,3:01,300000
Sunset: Season 1 // 湊かなえ「落日」: シーズン 1,No,,1000000,3:25,300000
Terminator Zero: Season 1 // ターミネーター 0: シーズン1,Yes,2024-08-29,1000000,3:47,300000
Unstable: Season 1,Yes,2023-03-30,1000000,3:20,300000
2026 World Baseball Classic: Mexico vs. Italy // 2026 ワールドベースボールクラシック: メキシコ 対 イタリア,No,2026-03-11,900000,3:11*,300000
Archer (2009): Season 10,No,,900000,3:14,300000
Bad Education: Season 2,No,,900000,3:22,300000
Bad Exorcist: Season 1 // Bogdan Boner: Egzorcysta: Sezon 1,Yes,2020-12-03,900000,2:44,300000
Bing: Season 1,No,,900000,*,300000
Bing: Season 4,No,,900000,*,300000
Chicago Party Aunt: Part 1,Yes,2021-09-17,900000,3:15,300000
DOTA: Dragon's Blood: Book 3,Yes,2022-08-11,900000,3:35,300000
Far From Home: Season 1,Yes,2022-12-16,900000,3:36,300000
Fast & Furious Spy Racers: Season 5: South Pacific,Yes,2021-08-13,900000,3:11,300000
Football Parents: Season 1 // Voetbalouders: Seizoen 1,Yes,2025-05-16,900000,2:58,300000
He-Man and the Masters of the Universe: Season 3,Yes,2022-08-18,900000,3:31,300000
I Cannot Reach You: Season 1 // 君には届かない。: シーズン1,No,,900000,2:42,300000
Karma's World: Season 1,Yes,2021-10-15,900000,3:17,300000
Kota Factory: Season 1 // कोटा फ़ैक्ट्री: सीज़न 1,Yes,2021-08-27,900000,3:15,300000
Magic for Humans: Season 3,No,2020-05-15,900000,2:37,300000
Molang: Season 3,No,,900000,3:02,300000
Monique Olivier: Accessory to Evil: Limited Series // L'Affaire Fourniret : Dans la tête de Monique Olivier: Mini-série,Yes,2023-03-02,900000,3:27,300000
Russian Doll: Season 2,Yes,2022-04-20,900000,3:31,300000
Scissor Seven: Season 5 // 刺客伍六七: 伍六七,Yes,2025-11-11,900000,2:38,300000
The Hook Up Plan: Season 1 // Plan Cœur: Saison 1,Yes,2018-12-07,900000,3:36,300000
The Scammer Games: Season 1 // เกมส์โกงเกมส์: ซีซั่น 1,No,,900000,2:52,300000
You’re Nothing Special: Season 1 // Tú no eres especial: Temporada 1,Yes,2022-09-02,900000,3:36,300000
900 Days Without Anabel: Limited Series // 900 días sin Anabel: Limited Series,Yes,2024-11-22,800000,2:38,300000
Archer (2009): Season 8,No,,800000,2:41,300000
Archer (2009): Season 12,No,,800000,3:04,300000
Archer (2009): Season 13,No,,800000,3:03,300000
Bad Exorcist: Season 2 // Bogdan Boner: Egzorcysta: Sezon 2,Yes,2021-10-13,800000,2:44,300000
Betaal: Season 1 // बेताल: सीज़न 1,Yes,2020-05-24,800000,3:08,300000
Bing: Season 2,No,,800000,*,300000
Community Squad: Season 2 // División Palermo: Temporada 2,Yes,2025-07-17,800000,2:39,300000
Cooking Up Murder: Uncovering the Story of César Román: Limited Series // El Rey del Cachopo: Miniserie,Yes,2024-05-10,800000,2:28,300000
Dope: Season 3,Yes,2019-06-28,800000,2:43,300000
Kath and Kim: Season 4,Yes,,800000,3:09,300000
Kid Cosmic: Season 3,Yes,2022-02-03,800000,2:21,300000
Murder Among the Mormons: Limited Series,Yes,2021-03-03,800000,2:41,300000
Peep Show: Series 1,No,,800000,2:27,300000
Peep Show: Series 2,No,,800000,2:35,300000
Peep Show: Series 3,No,,800000,2:26,300000
Peep Show: Series 4,No,,800000,2:31,300000
Peep Show: Series 5,No,,800000,2:28,300000
Peep Show: Series 6,No,,800000,2:26,300000
Power Moves with Shaquille O'Neal: Season 1,Yes,2025-06-04,800000,3:03,300000
Represent: Season 1 // En place: Saison 1,Yes,2023-01-20,800000,3:03,300000
Rhyme Time Town: Season 1,Yes,2020-06-19,800000,2:25,300000
SAINT SEIYA: Knights of the Zodiac: Part II,Yes,2020-01-23,800000,2:22,300000
StarBeam: Season 4,No,2021-06-29,800000,2:25,300000
The Kominsky Method: Season 3,Yes,2021-05-28,800000,2:48,300000
Untold: Swamp Kings: Season 1,Yes,2023-08-22,800000,3:07,300000
Where is Marta?: Limited Series // ¿Dónde está Marta?: Miniserie,Yes,2021-11-05,800000,3:10,300000
Yasuke: Season 1,Yes,2021-04-29,800000,2:54,300000
2026 World Baseball Classic: Australia vs. Chinese Taipei // 2026 ワールドベースボールクラシック: オーストラリア 対 チャイニーズ・タイペイ,No,2026-03-04,700000,2:23,300000
Bad Exorcist: Season 6 // Bogdan Boner: Egzorcysta: Sezon 6,No,2025-10-29,700000,2:36,300000
Bãhubali the Torch Bearer: Season 1,No,,700000,2:05,300000
Dream Home Makeover: Season 2,No,2021-01-01,700000,2:42,300000
Everyone Else Burns: Season 1,No,,700000,2:18,300000
Haunted: Season 3,No,2021-05-14,700000,2:34,300000
Jailbirds New Orleans: Season 1,Yes,2021-09-24,700000,2:02,300000
Masters of the Universe: Revelation: Part 2,Yes,2021-11-23,700000,2:15,300000
Oats Studios: Volume 1,Yes,,700000,2:03,300000
Peep Show: Series 7,No,,700000,2:26,300000
Peep Show: Series 8,No,,700000,2:24,300000
Pimpa: Season 4,No,,700000,2:15,300000
Prank Encounters: Season 2,No,2021-04-01,700000,2:43,300000
Red Pajama Yaco: Season 1 // 빨간내복야코: 시즌1,No,,700000,2:47,300000
Scissor Seven: Season 2 // 刺客伍六七: 第 2 季,Yes,2020-05-07,700000,2:47,300000
Somacguffin: Daily Cartoon: Season 1 // 소맥거핀 일상만화: 시즌1,No,,700000,2:28,300000
Tattoo Redo: Season 1,No,2021-07-28,700000,2:37,300000
The Day I Met El Chapo: Series 1 // Cuando conocí al Chapo: Temporada 1,Yes,2017-10-20,700000,2:44,300000
The Man with 1000 Kids: Limited Series,Yes,2024-07-03,700000,2:05,300000
The Raincoat Killer: Chasing a Predator in Korea: Limited Series // 레인코트 킬러: 유영철을 추격하다: 리미티드 시리즈,Yes,2021-10-22,700000,2:28,300000
The Real Bling Ring: Hollywood Heist: Limited Series,Yes,2022-09-21,700000,2:30,300000
Transformers: War for Cybertron: Earthrise: Earthrise,Yes,2020-12-30,700000,2:27,300000
Charlie's Colorforms City: Classic Tales with a Twist,Yes,2021-11-30,600000,1:54,300000
Crime Scene Berlin: Nightlife Killer: Season 1,Yes,2024-04-03,600000,1:47,300000
GAME ON: A Comedy Crossover Event: Season 1,Yes,2020-08-10,600000,1:54,300000
I AM A KILLER: RELEASED: Season 1,Yes,2020-08-28,600000,1:43,300000
LEGO® Friends The Next Chapter: Season 4,Yes,,600000,1:57,300000
Maledictions: Limited Series // Las maldiciones: Miniserie,Yes,2025-09-12,600000,2:08,300000
Maru Is a Puppy: Season 1 // 마루는 강쥐: 1기,No,,600000,2:20,300000
Mighty Express: Season 3,Yes,2021-04-13,600000,1:56,300000
One Piece Episode of East blue - Luffy and His Four Crewmates' Great Adventure // ONE PIECE エピソードオブ東の海(イーストブルー)～ルフィと4人の仲間の大冒険～,No,,600000,1:46,300000
Ridley Jones: Season 2,Yes,2021-11-02,600000,2:20,300000
Superbro: Season 2,No,,600000,2:07,300000
The Great British Baking Show: Holidays: Season 8,No,2025-11-20,600000,1:56,300000
The Motive: Limited Series // המניע: סדרה מוגבלת,Yes,2021-10-28,600000,2:18,300000
Amazing Adventures of Lost Socks: Season 1 // Niesamowite Przygody Skarpetek: Sezon 1,No,,500000,1:48,300000
BoBoiBoy Galaxy: Gentar: Gentar,No,,500000,1:31,300000
Boruto: Naruto Next Generations: Season 20 // BORUTO ボルト NEXT GENERATIONS: サスケ烈伝,No,,500000,1:59,300000
Dave Chappelle: Equanimity & The Bird Revelation: Collection,No,2017-12-31,500000,1:53,300000
Detective Conan - Police school edition Wild Police Story-: Season 1 // 名探偵コナン 警察学校編: シーズン1,No,,500000,1:38,300000
Episode One: The Great Detective Turned Small: Season 1 // 名探偵コナン エピソード“ONE” 小さくなった名探偵: シーズン1,No,,500000,1:36,300000
Mighty Express: Season 4,Yes,2021-07-27,500000,1:43,300000
One Piece Adventure of Nebulandia // ONE PIECE 〜アドベンチャー オブ ネブランディア〜,No,,500000,1:46,300000
Pinkfong Best Kids Songs: Season 1 // 핑크퐁 인기 동요: 시즌1,No,,500000,1:38,300000
"Raw: December 15, 2025",No,2025-12-15,500000,1:42,300000
The Way of the Househusband: Season 2 // 極主夫道: シーズン2,Yes,2023-01-01,500000,1:31,300000
3 Palavrinhas Mini: Season 1,No,,400000,1:14,300000
Alibi Breaker: Season 2 // アリバイ崩し承ります: スペシャル,No,,400000,1:32,300000
Bo Burnham: Inside,No,2021-05-30,400000,1:28,300000
Chris Rock: Selective Outrage,No,2023-03-04,400000,1:10,300000
Dave Chappelle: The Closer,No,2021-10-05,400000,1:12,300000
Dusty Slay: Wet Heat,No,2025-07-29,400000,1:10,300000
"Gabriel ""Fluffy"" Iglesias: One Show Fits All",No,2019-01-29,400000,1:31,300000
Jeff Dunham: Relative Disaster,No,2017-09-12,400000,1:11,300000
Manhunt: Chasing the Fox: Season 1,No,,400000,1:28,300000
Tom Segura: Ball Hog,No,2020-03-24,400000,1:10,300000
Tom Segura: Mostly Stories,No,2016-01-08,400000,1:14,300000
Whindersson Nunes: Adult // Whindersson Nunes: Adulto,No,2019-08-15,400000,1:09,300000
85 South: Ghetto Legends,No,2023-06-20,300000,0:54,300000
Ali Congun: Love Angeles // Ali Congun – Aşk Acısı,No,,300000,1:07,300000
Ali Wong: Single Lady,No,2024-10-08,300000,1:00,300000
Bert Kreischer: Razzle Dazzle,No,2023-03-14,300000,1:02,300000
Bill Burr: Paper Tiger,No,2019-09-10,300000,1:07,300000
Brassic Christmas Special,No,,300000,1:11,300000
Dave Chappelle: The Dreamer,No,2023-12-31,300000,0:57,300000
Jim Gaffigan: Comedy Monster,No,2021-12-21,300000,1:11,300000
Jimmy Carr: His Dark Material,No,2021-12-25,300000,0:59,300000
Jo Koy: Comin' In Hot,No,2019-06-12,300000,1:00,300000
John Mulaney: Kid Gorgeous at Radio City,No,2018-05-01,300000,1:05,300000
Jordan Jensen: Take Me With You,No,2025-09-09,300000,1:03,300000
Kathleen Madigan: Bothering Jesus,No,,300000,1:11,300000
Katt Williams: Great America,No,2018-01-16,300000,1:00,300000
Louis C.K.: Ridiculous,No,,300000,1:01,300000
Match to Marry: With Parents: Season 2 // 자식 방생 프로젝트 - 합숙 맞선: 시즌 2,No,,300000,1:12,300000
Michael McIntyre: Showman,No,2020-09-15,300000,1:03,300000
Mike Epps: Only One Mike,No,2019-06-25,300000,1:03,300000
Our Planet - Behind The Scenes,Yes,2019-08-02,300000,1:03,300000
"Ron White: If You Quit Listening, I'll Shut Up",No,2018-10-16,300000,1:03,300000
Sebastian Maniscalco: Aren't You Embarrassed?,No,,300000,1:02,300000
Sebastian Maniscalco: Stay Hungry,No,2019-01-15,300000,1:05,300000
Sheng Wang: Sweet and Juicy,No,2022-09-06,300000,1:00,300000
Somacguffin: Daily Cartoon: Season 2 // 소맥거핀 일상만화: 시즌2,No,,300000,1:09,300000
Sommore: Queen Chandelier,No,2023-02-21,300000,1:10,300000
Stranger Things: Fireplace,Yes,2025-12-01,300000,1:00,300000
Taylor Tomlinson: Look At You,No,2022-03-08,300000,1:01,300000
The Witcher: Fireplace,Yes,2021-12-17,300000,1:00,300000
Thomas & Friends: Race for the Sodor Cup,No,,300000,1:01,300000
Thomas & Friends: The Christmas Letter Express,No,,300000,1:00,300000
Tom Papa: Home Free,No,2024-10-29,300000,1:03,300000
Whindersson Nunes: My Own Show! // Whindersson Nunes: É de Mim Mesmo,No,2022-03-03,300000,1:03,300000
Whindersson Nunes: Preaching to the Choir // Whindersson Nunes: Isso não é um culto,No,2023-02-19,300000,1:09,300000
Elefantastisch: Season 1,No,,200000,0:43,300000
Elefantastisch: Season 2,No,,200000,0:44,300000
LEGO Bionicle: The Journey to One: Season 2,Yes,2016-07-29,200000,0:45,300000
Mundo Bita - Bita e o Corpo Humano,No,,200000,0:35,300000
Mundo Bita - Bita e o Nosso Mundo,No,,200000,0:38,300000
The Rest is Football: World Cup Dark Horses and Brazilian Magic,No,2026-06-10,200000,0:48*,300000
The Rest is Football: Frank Lampard and Joe Cole Join the Party; Mexico and Shakira Open in Style,No,2026-06-11,200000,0:44,300000
The Rest is Football: The Golden Generation Debate and Canada's First World Cup Point,No,2026-06-12,200000,0:46,300000
The Rest is Football: England Impress in Victory Over Croatia as Kane and Bellingham Shine,No,2026-06-17,200000,0:45,300000
Violet Evergarden: Special: Extra Episode // ヴァイオレット・エヴァーガーデン：スペシャル: Extra Episode,Yes,,200000,0:35,300000
Bita e o Circo,No,,100000,0:19,300000
How do you like Wednesday?: Christmas party in a car (1998) // 水曜どうでしょう: シェフ大泉 車内でクリスマス・パーティー プレミア版 (1998),No,,100000,0:23,300000
How do you like Wednesday?: Fisherman Battle on Ice (1999) // 水曜どうでしょう: 釣りバカ対決 氷上わかさぎ釣り対決 プレミア版 (1999),No,,100000,0:23,300000
Making All Quiet on the Western Front // Making Im Westen nichts Neues,Yes,2023-02-20,100000,0:18,300000
Making of Chicken Run: Dawn of the Nugget,Yes,2023-12-15,100000,0:19,300000
Pororo Hospital Play: Season 1 // 뽀로로 병원놀이 동화: 시즌1,No,,100000,0:24,300000
Super Monsters Save Christmas,Yes,2019-11-26,100000,0:24,300000
Super Monsters: Santa’s Super Monster Helpers,Yes,2020-12-08,100000,0:24,300000
Super Monsters: Vida's First Halloween,Yes,2019-10-04,100000,0:24,300000
The Four of Us: Season 1,No,,100000,0:23,300000
The Irishman: In Conversation,Yes,2019-11-27,100000,0:24,300000
Rebelde (2004),No,,69500000,324:05,200000
Carinha de Anjo: Season 1,No,,45300000,243:24,200000
Jesus (2017): Series 1,No,,24800000,144:58,200000
Valle Salvaje: Season 1,No,2024-09-19,23400000,112:45,200000
Valle Salvaje: Season 2,No,2025-03-21,21300000,101:44,200000
Apocalipse: Series 1,No,,19200000,114:07,200000
Rebelde Way (2002): Temporada 1,No,,17700000,105:45,200000
Señora Acero: Season 3,No,,16000000,64:42,200000
Pasión de Gavilanes: Season 2,No,,14600000,62:17,200000
Young Lady and Gentleman: Limited Series // 신사와 아가씨: 리미티드 시리즈,No,,14000000,*,200000
Señora Acero: Season 4,No,,12200000,58:33,200000
Paquita la del Barrio: Season 1,No,,12000000,56:13,200000
Playing Adult: Pernikahan Dini Gen Z: Season 1 // Pernikahan Dini Gen Z: Season 1,Yes,,11900000,50:56,200000
Rojo carmesí: Season 1,No,2024-10-30,11300000,54:22,200000
The Real Has Come!: Limited Series // 진짜가 나타났다!: 리미티드 시리즈,No,,9900000,57:14,200000
Detectives: The Trade Secret: 2026 // 탐정들의 영업비밀: 2026,No,,9400000,46:03,200000
Jezabel: Season 1,No,,9400000,61:43,200000
La bella y las bestias: Season 1,No,,9400000,58:55,200000
My Sister's Husband: Season 1 // Ipar Adalah Maut The Series: Season 1,Yes,,9300000,39:17,200000
A World Without God: Season 1 // Dunia Tanpa Tuhan: Season 1,Yes,,8700000,36:06,200000
The Road to Love: Season 1 // Los Briceño: Temporada 1,No,2019-12-04,8700000,48:34,200000
The Empress Ki: Season 1 // 기황후: 시즌 1,No,,8400000,50:13,200000
100 días para enamorarnos: Season 1,No,,7500000,42:06,200000
La Guzmán: Season 1,No,,7200000,45:12,200000
Intersection: Season 1 // Kördüğüm: 1. Sezon,Yes,,7100000,29:25,200000
The Influencer: Season 1 // La influencer: Temporada 1,Yes,2023-12-13,7000000,46:21,200000
Unknown Legend: Season 1 // 무명전설: 시즌1,No,,7000000,30:57,200000
Reis: Series 8,No,,6500000,37:39,200000
Baseball Queen: Season 1 // 야구여왕: 시즌 1,No,,6400000,28:54,200000
Married with Children (2005): Season 2 // Casados con hijos: Temporada 2,No,,6400000,28:06,200000
Meet Yourself // 去有風的地方 // 去有风的地方,No,,6400000,30:47,200000
A Korean Odyssey: Limited Series // 화유기: 리미티드 시리즈,Yes,2017-12-29,6100000,25:02,200000
Doraemon: Season 1 // ドラえもん: シーズン1,No,,6100000,25:49,200000
Intersection: Season 2 // Kördüğüm: 2. Sezon,Yes,,6100000,31:53,200000
Kick a Goal: Reboot // 골 때리는 그녀들: 리부트,No,,6100000,36:50,200000
Reis: Series 5,No,,6100000,27:51,200000
The Best K-Trot Singer: Season 3 // 현역가왕: 시즌3,No,,6100000,28:03,200000
"El Rey, Vicente Fernández: Season 1",No,2022-09-14,5900000,27:15,200000
The Epoch of Miyu: Season 1 // 蜜語紀: 第 1 季 // 蜜语记​: 第 1 季,No,,5900000,27:44,200000
Married with Children (2005): Season 4 // Casados con hijos: Temporada 4,No,,5800000,30:12,200000
Monster (2004): Season 1,No,,5800000,29:30,200000
Strategist KANBE: Season 1 // 大河ドラマ 軍師官兵衛: シーズン1,No,,5800000,36:27,200000
New Life Begins: Season 1 // 卿卿日常: 第 1 季,No,,5700000,31:25,200000
"Whenever Possible: Season 4 // 틈만나면,: 시즌 4",No,,5700000,26:31,200000
World Trigger: Season 1 // ワールドトリガー: 1stシーズン,No,,5600000,27:46,200000
My Grumpy Secretary: 2025 // 내겐 너무 까칠한 매니저 - 비서진: 2025,No,,5400000,24:11,200000
Married with Children (2005): Season 3 // Casados con hijos: Temporada 3,No,,5300000,25:33,200000
Reis: Series 7,No,,5300000,27:15,200000
Reis: Series 3,No,,5200000,23:25,200000
The Great Doctor // 신의: 시즌 1,No,,5000000,25:18,200000
When Destiny Brings the Demon: Season 1 // 獻魚: 第 1 季 // 献鱼: 第 1 季,No,,5000000,24:30,200000
Love Destiny: Season 1 // บุพเพสันนิวาส: ซีซั่น 1,No,,4900000,27:11,200000
"Money, My Love: Season 1 // ก็รักมันปักใจ: ซีซั่น 1",No,,4900000,19:56,200000
Find Yourself: Season 1 // 下一站是幸福: 第 1 季,Yes,,4700000,30:38,200000
Blossom: Season 1 // 九重紫: 第一季,No,,4600000,25:48,200000
Our Blooming Youth: Season 1 // 청춘월담: 시즌 1,No,,4600000,21:11,200000
The Rational Life: Season 1 // 理智派生活: 第 1 季,Yes,2021-06-18,4600000,26:38,200000
You are My Destiny: Season 1 // 운명처럼 널 사랑해: 시즌 1,No,,4600000,20:08,200000
When the Camellia Blooms: Season 1 // 동백꽃 필 무렵: 시즌 1,Yes,2019-09-18,4500000,21:32,200000
Love Game in Eastern Fantasy: Season 1 // 永夜星河: 第一季,No,,4400000,23:07,200000
SKY Castle: Limited Series // SKY 캐슬: 리미티드 시리즈,No,,4400000,*,200000
Love O2O: Season 1 // 微微一笑很傾城: 第 1 季 // 微微一笑很倾城: 第 1 季,No,,4300000,22:33,200000
Agency: Limited Series // 대행사: 리미티드 시리즈,No,,4200000,17:16,200000
"uh, but like, seriously!: 2026 // 아니 근데 진짜!: 2026",No,,4200000,26:24,200000
My Country: The New Age: Season 1 // 나의 나라: 시즌 1,No,2019-10-04,4100000,20:06,200000
Reunited Worlds: Limited Series // 다시 만난 세계: 리미티드 시리즈,No,,4100000,20:35,200000
Rugal: Season 1 // 루갈: 시즌 1,Yes,2020-03-28,4100000,17:12,200000
Good Partner: Season 1 // 굿파트너: 시즌1,No,,4000000,16:57,200000
Hawaii Five-0: Season 5,No,,4000000,18:12,200000
InuYasha: Season 1 // 犬夜叉: 第1期,No,,4000000,17:47,200000
Put Your Head on My Shoulder: Season 1 // 致我們暖暖的小時光: 第 1 季 // 致我们暖暖的小时光: 第 1 季,No,,4000000,16:45,200000
The Good Detective: Season 2 // 모범형사: 시즌 2,No,,4000000,18:24,200000
Dazzling: Season 1 // 耀眼: 第 1 季,No,,3900000,23:07,200000
Full House: Limited Series // 풀하우스: 리미티드 시리즈,No,,3900000,16:55,200000
Man to Man: Season 1 // 맨투맨: 시즌 1,No,,3900000,17:17,200000
My Dearest: Season 1 // 연인: 시즌1,No,,3900000,25:32,200000
Reis: Series 6,No,,3900000,18:51,200000
Reis: Series 9,No,,3900000,24:32,200000
Chocolate: Season 1 // 초콜릿: 시즌 1,Yes,2019-11-29,3800000,17:13,200000
Beauty Inside: Limited Series // 뷰티 인사이드: 리미티드 시리즈,No,,3700000,18:14,200000
Coffee Prince: Season 1 // 커피프린스: 시즌 1,No,,3700000,17:30,200000
Connection: Season 1 // 커넥션: 시즌1,No,,3700000,15:36,200000
Detective Conan: Season 2 // 名探偵コナン: シーズン2,No,,3700000,18:05,200000
Do Do Sol Sol La La Sol: Season 1 // 도도솔솔라라솔: 시즌 1,Yes,2020-10-07,3700000,16:04,200000
Love's Shattered Reflections: Season 1 // โทษฐานที่รักเธอ: ซีซั่น 1,No,,3700000,19:45,200000
NANA: Season 1 // NANA－ナナ－: シーズン1,No,,3700000,17:29,200000
Flower Crew: Joseon Marriage Agency: Limited Series // 조선혼담공작소 꽃파당: 리미티드 시리즈,No,,3600000,17:43,200000
Light to the Night: Season 1 // 黑夜告白: 第 1 季,No,,3600000,21:07,200000
Supergirl: Season 3,No,,3600000,16:13,200000
Supernatural (2005): Season 6,No,,3600000,15:13,200000
The Haunted Palace: Season 1 // 귀궁: 시즌 1,No,,3600000,16:58,200000
timelesz project -AUDITION-: Season 1,Yes,,3500000,14:57,200000
Daniel Tiger's Neighbourhood: Season 1,No,,3400000,*,200000
I'm not a robot: Season 1 // 로봇이 아니야: 시즌1,No,,3400000,16:21,200000
Law School: Season 1 // 로스쿨: 시즌 1,Yes,2021-04-14,3400000,17:18,200000
Maya the Bee: Season 1,No,,3400000,*,200000
Bahagia Yang Tertangguh: Season 1,No,,3300000,21:55,200000
Detective Conan: Season 5 // 名探偵コナン: シーズン5,No,,3300000,20:04,200000
Partners for Justice: Season 2 // 검법남녀: 시즌2,No,,3300000,16:45,200000
Supernatural (2005): Season 7,No,,3300000,16:01,200000
Black Out: Season 1 // 백설공주에게 죽음을-Black Out: 시즌 1,No,,3200000,*,200000
Detective Conan: Season 3 // 名探偵コナン: シーズン3,No,,3200000,18:54,200000
Detective Conan: Season 4 // 名探偵コナン: シーズン4,No,,3200000,19:35,200000
Prison Break: Season 1,No,,3200000,16:01,200000
Rubí: Season 1,No,,3200000,20:23,200000
Again My Life: Season 1 // 어게인 마이 라이프: 시즌 1,No,,3100000,17:55,200000
Cheer Up: Limited Series // 치얼업: 리미티드 시리즈,No,,3100000,*,200000
Fairy Tail: Season 1,No,,3100000,19:25,200000
"Fight for My Way: Limited Series // 쌈, 마이웨이: 리미티드 시리즈",No,,3100000,16:11,200000
Mystic Pop-up Bar: Season 1 // 쌍갑포차: 시즌 1,Yes,2020-05-20,3100000,13:24,200000
18 Again: Limited Series // 18 어게인: 리미티드 시리즈,No,,3000000,18:16,200000
Curious Stories Y: 2026 // 궁금한 이야기 Y,No,,3000000,19:02,200000
Detective Conan: Season 6 // 名探偵コナン: シーズン6,No,,3000000,18:53,200000
Fear the Walking Dead: Season 4,No,,3000000,12:11,200000
Racket Boys: Limited Series // 라켓소년단: 리미티드 시리즈,Yes,2021-05-31,3000000,18:44,200000
Supernatural (2005): Season 8,No,,3000000,16:07,200000
Who Are You: School 2015: Season 1 // 후아유-학교 2015: 시즌1,No,,3000000,15:50,200000
"Beverly Hills, 90210: Season 1",No,,2900000,17:53,200000
Reis: Series 4,No,,2900000,12:33,200000
Charmed (2018): Season 1,No,,2800000,15:02,200000
Legacies: Season 4,No,,2800000,11:16,200000
Married with Children (2005): Season 5 // Casados con hijos: Temporada 5,No,,2800000,16:03,200000
Prison Break: Season 2,No,,2800000,16:02,200000
Prison Break: Season 4,No,,2800000,17:34,200000
The Circle: Season 7,No,2024-09-11,2800000,11:18,200000
The Third Charm: Limited Series // 제3의 매력: 리미티드 시리즈,No,,2800000,17:39,200000
When the Weather Is Fine: Limited Series // 날씨가 좋으면 찾아가겠어요: 리미티드 시리즈,No,,2800000,16:32,200000
Do You Like Brahms?: Limited Series // 브람스를 좋아하세요?: 리미티드 시리즈,No,,2700000,*,200000
Supergirl: Season 4,No,,2700000,15:31,200000
Supernatural (2005): Season 9,No,,2700000,16:05,200000
"That Winter, the Wind Blows: Season 1 // 그 겨울, 바람이 분다: 시즌 1",No,,2700000,17:03,200000
"Angel's Last Mission: Love: Limited Series // 단,하나의 사랑: 리미티드 시리즈",No,,2600000,17:06,200000
DC's Legends of Tomorrow: Season 2,No,,2600000,11:54,200000
Detective Conan: Season 30 // 名探偵コナン: シーズン30,No,,2600000,15:32,200000
Lovers of the Red Sky: Season 1 // 홍천기: 시즌 1,No,,2600000,*,200000
Ranczo: Season 4,No,,2600000,10:27,200000
Thariq Ridzuwan: His Treasure: Season 1,No,,2600000,12:07,200000
Boruto: Naruto Next Generations: Season 17 // BORUTO ボルト NEXT GENERATIONS: 霧隠れ大海戦編,No,,2500000,11:08,200000
Fear the Walking Dead: Season 5,No,,2500000,12:04,200000
Kingdom: Series 3 // キングダム: 第3シリーズ,No,,2500000,10:50,200000
Power (2014): Season 6,No,,2500000,15:16,200000
Ranczo: Season 2,No,,2500000,10:31,200000
Ranczo: Season 3,No,,2500000,10:18,200000
Unauthorized Living: Season 1 // Vivir sin permiso: Temporada 1,No,2019-02-08,2500000,16:14,200000
Borgen: Season 1,Yes,,2400000,9:44,200000
Couple on the Backtrack: Limited Series // 고백부부: 리미티드 시리즈,No,,2400000,12:17,200000
DC's Legends of Tomorrow: Season 3,No,,2400000,12:41,200000
Fear the Walking Dead: Season 6,No,,2400000,12:33,200000
Love Village: Season 2 // あいの里: シーズン2,No,2024-11-05,2400000,10:50,200000
Making a Murderer: Part 2,Yes,2018-10-19,2400000,10:38,200000
Ranczo: Season 7,No,,2400000,9:40,200000
Ranczo: Season 9,No,,2400000,9:37,200000
Rubble & Crew: Season 1,No,,2400000,10:00,200000
Supernatural (2005): Season 10,No,,2400000,15:41,200000
The Beauty Queen of Jerusalem: Season 1 // מלכת היופי של ירושלים: עונה 1,No,2022-05-20,2400000,14:59,200000
The Chef and the Hunter: Season 1 // 셰프와 사냥꾼: 시즌1,No,,2400000,12:57,200000
The Great Indian Kapil Show: Season 2 // द ग्रेट इंडियन कपिल शो: सीज़न 2,No,2024-09-21,2400000,14:30,200000
Touched by an Angel: Season 1,No,,2400000,10:07,200000
ARASHI's Diary -Voyage-: Limited Series,Yes,2019-12-31,2300000,12:40,200000
Black Lightning: Season 2,No,2018-10-16,2300000,11:12,200000
Home Improvement: Season 8,No,,2300000,10:01,200000
Horrid Henry: Season 2,No,,2300000,9:26,200000
Intersection: Season 3 // Kördüğüm: 3. Sezon,Yes,,2300000,11:57,200000
Iron Man: Armored Adventures: Season 1,No,,2300000,9:52,200000
Kingdom: Series 4 // キングダム: 第4シリーズ,No,,2300000,10:49,200000
Love is Blind: Sweden: Season 1 // Love is Blind: Sverige: Säsong 1,No,2024-01-12,2300000,9:44,200000
Love Undercover: Season 1,No,,2300000,9:20,200000
PAW Patrol: Season 5,No,,2300000,10:07,200000
Ranczo: Season 10,No,,2300000,9:34,200000
The Blank Menu for You: Season 1 // 주관식당: 시즌 1,No,,2300000,14:41,200000
Fear the Walking Dead: Season 7,No,,2200000,12:16,200000
I Left My A-Rank Party to Help My Former Students Reach the Dungeon Depths!: Season 1 // Aランクパーティを離脱した俺は、元教え子たちと迷宮深部を目指す。: シーズン1,No,,2200000,9:13,200000
NASA+ Live on Netflix: NASA’s Artemis II: Lunar Fly-By,No,,2200000,10:10*,200000
"Poong, the Joseon Psychiatrist: Season 1 // 조선 정신과 의사 유세풍: 시즌 1",No,,2200000,13:53,200000
The Parisian Agency: Exclusive Properties: Season 4 // L'Agence : L'immobilier de luxe en famille: Saison 4,No,2024-02-22,2200000,9:51,200000
A Different World: Season 5,Yes,,2100000,9:25,200000
Black Forceps: Season 1 // ブラックペアン: シーズン1,No,,2100000,8:55,200000
Call the Midwife: Series 11,No,,2100000,8:26,200000
Divorce Lawyer: Season 1 // 離婚弁護士: シーズン1,Yes,,2100000,8:44,200000
Doubt: Season 1 // 이토록 친밀한 배신자: 시즌1,No,,2100000,11:52,200000
Dragon Sakura S2: Season 2 // ドラゴン桜 (2021),No,,2100000,8:42,200000
"I am Mita, Your Housekeeper.: Season 1 // 家政婦のミタ: シーズン1",Yes,,2100000,9:14,200000
Inspector Koo: Limited Series // 구경이: 리미티드 시리즈,Yes,2021-10-30,2100000,13:43,200000
Iryu Team Medical Dragon: Season 3 // 医龍 Team Medical Dragon: シーズン3,No,,2100000,8:55,200000
Rise of the Teenage Mutant Ninja Turtles: Season 1,No,,2100000,9:49,200000
Supergirl: Season 5,No,,2100000,13:24,200000
The Whirlwind: Limited Series // 돌풍: 리미티드 시리즈,Yes,2024-06-28,2100000,9:11,200000
Wakfu: Season 2,Yes,2014-09-12,2100000,9:45,200000
Ackley Bridge: Series 2,No,,2000000,9:16,200000
Dino Ranch: Season 1,No,,2000000,10:53,200000
Grand Army: Season 1,Yes,2020-10-16,2000000,8:03,200000
Ikebukuro West Gate Park (2000): Season 1 // 池袋ウエストゲートパーク: シーズン1,No,,2000000,10:19,200000
Johnny Test (2005): Season 5,No,,2000000,9:33,200000
Knight Flower: Season 1 // 밤에 피는 꽃: 시즌1,No,,2000000,13:09,200000
Love Is Blind: Argentina: Season 1,No,2024-11-06,2000000,10:33,200000
Love is Blind: Mexico: Season 1 // Love is Blind: México: Temporada 1,No,2024-08-01,2000000,10:23,200000
Sonic X: Season 2 // ソニックX: シーズン2,No,,2000000,10:41,200000
Yamato nadeshiko: Season 1 // やまとなでしこ: シーズン1,Yes,,2000000,8:48,200000
Berserk // ベルセルク: 剣風伝奇ベルセルク,No,,1900000,9:47,200000
Black Lightning: Season 3,No,2020-03-17,1900000,11:11,200000
Boruto: Naruto Next Generations: Mujina Gang // BORUTO ボルト NEXT GENERATIONS: 狢(ムジナ)強盗団編,No,,1900000,7:57,200000
DC's Legends of Tomorrow: Season 4,No,,1900000,11:16,200000
Eye Love You: Season 1,No,,1900000,8:02,200000
Great British Baking Show: Juniors: Season 7,No,2023-05-03,1900000,11:05,200000
LEGO® DREAMZzz: Night of the Never Witch,Yes,,1900000,7:38,200000
LEGO® DREAMZzz: Enter The Cyber Game,Yes,,1900000,7:42,200000
Navillera: Season 1 // 나빌레라: 시즌 1,Yes,2021-03-22,1900000,12:38,200000
New Atashin'chi: Season 1 // 新あたしンち: シーズン1,No,,1900000,10:00,200000
Radiation House: Season 1 // ラジエーションハウス～放射線科の診断レポート～: シーズン1,Yes,,1900000,10:46,200000
Slam Dunk: Season 7,No,,1900000,11:19,200000
Summer Time Rendering: Season 1 // サマータイムレンダ: シーズン1,No,,1900000,9:56,200000
The Bureau of Magical Things: Season 2,Yes,,1900000,8:00,200000
The Steve Harvey Show: Season 4,No,,1900000,8:04,200000
A Different World: Season 6,Yes,,1800000,9:35,200000
A Life : A Love: Season 1 // A LIFE ～愛しき人～: シーズン1,No,,1800000,8:38,200000
All American: Homecoming: Season 1,No,,1800000,9:11,200000
Black Sails: Season 1,No,,1800000,7:36,200000
Bleach (2004): The Substitute,No,,1800000,7:39,200000
Call the Midwife: Series 7,No,,1800000,8:15,200000
Dr. Storks (2017) // コウノドリ (2017),No,,1800000,8:44,200000
Food Wars!: Shokugeki no Soma: The Third Plate // 食戟のソーマ: 餐ノ皿,No,,1800000,9:38,200000
Gangs of London: Season 1,No,,1800000,9:00,200000
Girlfriends (2000): Season 5,No,,1800000,7:38,200000
Iryu Team Medical Dragon: Season 4 // 医龍 Team Medical Dragon: シーズン4,No,,1800000,9:25,200000
Kaala Paani: Season 1 // काला पानी: सीज़न 1,Yes,2023-10-18,1800000,7:15,200000
Love Village: Season 1 // あいの里: シーズン1,No,2023-05-02,1800000,9:00,200000
My Housekeeper Nagisa-san: Season 1 // 私の家政夫ナギサさん: シーズン1,No,,1800000,9:10,200000
Power (2014): Season 2,No,,1800000,9:44,200000
Rhythm + Flow: Season 2,No,2024-11-20,1800000,8:03,200000
"Roswell, New Mexico: Season 2",No,,1800000,9:10,200000
Selling Sunset: Season 5,No,2022-04-22,1800000,7:29,200000
The Loud House: Season 1,No,,1800000,9:49,200000
Thomas & Friends: All Engines Go: Season 2,No,,1800000,9:52,200000
YAIBA: Samurai Legend: Season 1 // 真･侍伝 YAIBA: シーズン1,No,,1800000,9:32,200000
3%: Season 2,Yes,2018-04-27,1700000,7:14,200000
Antihero: Season 1 // アンチヒーロー: シーズン1,No,,1700000,8:38,200000
Borgen: Season 2,Yes,,1700000,9:46,200000
Call the Midwife: Series 10,No,,1700000,6:56,200000
Cocaine Coast: Season 1 // Fariña: Temporada 1,No,,1700000,10:43,200000
Divorce Lawyer: Season 2 // 離婚弁護士: シーズン2,Yes,,1700000,8:39,200000
Good Morning Call: Season 2 // グッドモーニング・コール: シーズン2,Yes,2017-09-21,1700000,8:22,200000
Hati Suhita Series: Season 1,No,,1700000,7:11,200000
I Love Tokyo Legend - Kawaii Detective -: Season 1 // 都市伝説の女: シーズン1,No,,1700000,7:15,200000
Is It Wrong to Try to Pick Up Girls in a Dungeon?: Season 4 // ダンジョンに出会いを求めるのは間違っているだろうか: 第4期,No,,1700000,8:41,200000
"Mr. Housekeeper, Mitazono: Season 6 // 家政夫のミタゾノ(2023)",No,,1700000,6:50,200000
Pit Babe the Series: Season 1 // พิษเบ้บ เดอะซีรีส์: ซีซั่น 1,No,,1700000,11:17,200000
Power (2014): Season 1,No,,1700000,7:42,200000
Power (2014): Season 3,No,,1700000,9:37,200000
Power (2014): Season 4,No,,1700000,9:41,200000
Power (2014): Season 5,No,,1700000,9:49,200000
Solo Camping for Two (2025): Season 1 // ふたりソロキャンプ: シーズン1,No,,1700000,9:29,200000
Somewhere Between: Limited Series,No,2018-06-29,1700000,7:05,200000
Starting 5: Season 1,Yes,2024-10-09,1700000,7:44,200000
Tatsuki: Too Kind for School: Season 1 // タツキ先生は甘すぎる!: シーズン1,Yes,,1700000,7:30,200000
The Defender: Season 1 // Ochránce: 1. řada,No,,1700000,10:40,200000
The Good Cop: Season 1,Yes,2018-09-21,1700000,7:41,200000
The King of Queens: Season 7,No,,1700000,7:57,200000
The Parisian Agency: Exclusive Properties: Season 3 // L'Agence : L'immobilier de luxe en famille: Saison 3,No,2023-03-29,1700000,7:41,200000
Warrior (2019): Season 2,No,,1700000,8:23,200000
Warrior (2019): Season 3,No,,1700000,8:46,200000
Wildfire (2005): Season 2,No,,1700000,9:25,200000
WWE WrestleMania: 2024,No,2024-04-06,1700000,8:10,200000
30 Rock: Season 6,No,,1600000,7:32,200000
Agatha Christie's Poirot: Series 2,No,,1600000,8:24,200000
Agatha Christie's Poirot: Series 3,No,,1600000,10:07,200000
All American: Homecoming: Season 2,No,,1600000,10:35,200000
Beautiful Life: Season 1 // ビューティフルライフ～ふたりでいた日々～: シーズン１,No,,1600000,9:09,200000
Borgen: Season 3,Yes,,1600000,9:48,200000
"Borgen - Power & Glory: Season 1 // Borgen – Riget, Magten og Æren: Sæson 1",Yes,2022-04-14,1600000,7:39,200000
DC's Legends of Tomorrow: Season 5,No,,1600000,10:35,200000
Dogs of Berlin: Season 1,Yes,2018-12-07,1600000,9:11,200000
Fear the Walking Dead: Season 8,No,,1600000,9:14,200000
Galileo: Season 1 // ガリレオ: シーズン1,No,,1600000,7:15,200000
Girlfriends (2000): Season 6,No,,1600000,7:29,200000
Gurren Lagann: Season 1 // 天元突破グレンラガン: シーズン1,No,,1600000,6:29,200000
Heidi (2015): Season 2,No,,1600000,9:45,200000
In the Dark (2019): Season 1,No,,1600000,9:02,200000
Prison Break: Season 3,No,,1600000,9:23,200000
Rough Diamonds: Season 1,Yes,2023-04-21,1600000,6:52,200000
Sacred Games: Season 2 // सेक्रेड गेम्स: सीज़न 2,Yes,2019-08-14,1600000,6:49,200000
Shameless: Series 2,No,,1600000,*,200000
Thame - Po Heart That Skips a Beat: Season 1 // เธม-โป้ Heart That Skips a Beat: ซีซั่น 1,No,,1600000,10:06,200000
The 19th Medical Chart: Season 1 // 19番目のカルテ: シーズン 1,No,,1600000,6:34,200000
The Fall: Season 2,No,2015-01-15,1600000,6:25,200000
The Steve Harvey Show: Season 5,No,,1600000,8:02,200000
Ties of Shooting Stars: Season 1 // 流星の絆: シーズン1,No,,1600000,8:09,200000
Tobot Galaxy Detectives: Season 2 // 또봇 V: 시즌2,Yes,,1600000,10:20,200000
Tokyo Tarareba Girls: Season 1 // 東京タラレバ娘: シーズン1,Yes,,1600000,8:46,200000
Trick: Season 3 // トリック: シーズン3,No,,1600000,7:37,200000
Zombieverse: New Blood // 좀비버스: 뉴 블러드,No,2024-11-19,1600000,6:53,200000
All American: Homecoming: Season 3,No,,1500000,9:11,200000
Aoashi: Season 1 // アオアシ: シーズン1,No,,1500000,9:49,200000
Bonus Family: Season 1 // Bonusfamiljen: Säsong 1,No,2017-10-05,1500000,7:16,200000
Brassic: Season 4,No,,1500000,6:04,200000
Buying Beverly Hills: Season 2,No,2024-03-22,1500000,7:54,200000
Cheer: Season 2,Yes,2022-01-12,1500000,8:04,200000
Chucky: Season 2,No,,1500000,6:22,200000
Emergency Interrogation Room 2014 // 緊急取調室 (2014),No,,1500000,7:13,200000
Grizzy and the Lemmings: Season 2,No,,1500000,9:09,200000
Guns & Gulaabs: Season 1 // गन्ज़ & गुलाब्ज़: सीज़न 1,Yes,2023-08-18,1500000,6:11,200000
Juacas: Season 1,No,,1500000,9:38,200000
Koinaka: Season 1 // 恋仲: シーズン1,Yes,,1500000,7:18,200000
Learning to Love: Season 1 // 愛の、がっこう。: シーズン1,Yes,,1500000,8:36,200000
Lopez vs. Lopez: Season 1,No,,1500000,7:54,200000
Love Never Lies: Poland: Season 3 // Love Never Lies: Polska: Sezon 3,No,2025-02-26,1500000,7:14,200000
Luis Miguel - The Series: Season 2 // Luis Miguel - La serie: Temporada 2,No,2021-04-18,1500000,6:40,200000
Maniac: Limited Series,Yes,2018-09-21,1500000,6:28,200000
Nate Is Late: Season 1,No,,1500000,9:37,200000
"Not My Business, After All: Season 1 // しょせん他人事ですから ～とある弁護士の本音の仕事～: シーズン1",No,,1500000,6:06,200000
Rana Naidu: Season 2 // राणा नायडू: सीज़न 2,Yes,2025-06-13,1500000,6:07,200000
Rinjo: Season 2 // 臨場: 続章,No,,1500000,8:14,200000
"Roswell, New Mexico: Season 3",No,,1500000,9:09,200000
Selling Sunset: Season 4,No,2021-11-24,1500000,6:01,200000
Shinjuku Field Hospital: Season 1 // 新宿野戦病院: シーズン1,No,,1500000,8:20,200000
Sonic X: Season 3 // ソニックX: シーズン3,No,,1500000,9:05,200000
Stepmom and Daughter Blues: Season 1 // 義母と娘のブルース: シーズン1,No,,1500000,9:25,200000
Still Hungry: Season 1 // 쯔양몇끼: 시즌 1,No,,1500000,6:06,200000
The Believers: Season 1 // สาธุ: ซีซั่น 1,Yes,2024-03-27,1500000,7:04,200000
The Circle: Season 1,No,2020-01-01,1500000,9:52,200000
The Last Ship: Season 5,No,,1500000,7:04,200000
The Misfit of Demon King Academy: Season 2 // 魔王学院の不適合者 ～史上最強の魔王の始祖、転生して子孫たちの学校へ通う～: シーズン2,No,,1500000,9:30,200000
The Ultimatum: Marry or Move On: Season 2,No,2023-08-23,1500000,7:22,200000
Tokumei Kakarichou Tadano Hitoshi: Season 1 // 特命係長 只野仁(2003),No,,1500000,8:21,200000
Too Hot to Handle: Germany: Season 1,No,2023-02-28,1500000,7:44,200000
Ultimate Beastmaster: Survival of the Fittest,No,2018-08-31,1500000,8:12,200000
Until I destroyed my husband’s other family: Season 1 // 夫の家庭を壊すまで: シーズン1,No,,1500000,7:44,200000
Wiggle Wiggle Wiggle!: Season 1,No,,1500000,9:26,200000
Wildfire (2005): Season 3,No,,1500000,9:25,200000
Wildfire (2005): Season 4,No,,1500000,9:23,200000
Zig & Sharko: Season 2,No,,1500000,9:37,200000
Agatha Christie's Marple: Series 4,No,,1400000,6:12,200000
Avalanche: Season 1 // アバランチ: シーズン1,No,,1400000,7:50,200000
Baby Shark Best Sing-Along Songs: Season 1 // 아기상어 인기 동요: 시즌 1,No,,1400000,6:08,200000
Be-Bop-Highschool: Season 1,No,,1400000,5:48,200000
Big Windup!: Season 2 // おおきく振りかぶって ～夏の大会編～,No,,1400000,5:38,200000
Black Sails: Season 2,No,,1400000,9:15,200000
Bleach (2004): The Entry,No,,1400000,8:02,200000
Bleach (2004): The Rescue,No,,1400000,*,200000
Call My Agent!: Season 3 // Dix pour cent: Saison 3,No,2018-12-11,1400000,5:53,200000
Call My Agent!: Season 4 // Dix pour cent: Saison 4,No,2021-01-21,1400000,5:56,200000
Extant: Season 1,No,,1400000,9:04,200000
Feria: The Darkest Light: Season 1 // Feria: La luz más oscura: Temporada 1,Yes,2022-01-28,1400000,6:43,200000
Girlfriends (2000): Season 7,No,,1400000,7:40,200000
Glow Up: Season 3,No,2021-07-30,1400000,6:24,200000
"Hello, I Love You: Season 1 // はじめまして、愛しています。: シーズン1",No,,1400000,7:01,200000
In Love All Over Again: Season 1 // Todas las veces que nos enamoramos: Temporada 1,Yes,2023-02-14,1400000,5:59,200000
K-foodie meets J-foodie: Season 4: A Tastier Exchange // 미친맛집: 미식가 친구의 맛집: 시즌4: 한일 맛 교환 - 심화편,No,,1400000,5:42,200000
King of Survival: Season 2 // 생존왕: 시즌 2,No,,1400000,7:07,200000
Legal V Ex-lawyer Shoko Takanashi // リーガルV～元弁護士・小鳥遊翔子～,No,,1400000,7:30,200000
Moonrise: Season 1 // ムーンライズ: シーズン1,Yes,2025-04-10,1400000,7:55,200000
No Side Manager: Season 1 // ノーサイド・ゲーム: シーズン1,No,,1400000,8:34,200000
Nodame Cantabile: Season 1 // のだめカンタービレ: シーズン1,No,,1400000,8:55,200000
The Club: Season 1 // Kulüp: 1. Sezon,Yes,2021-11-05,1400000,8:19,200000
The King of Queens: Season 8,No,,1400000,8:11,200000
The Parisian Agency: Exclusive Properties: Season 2 // L'Agence : L'immobilier de luxe en famille: Saison 2,No,2022-03-03,1400000,5:39,200000
The Queen's Classroom: Season 1 // 女王の教室: シーズン1,No,,1400000,8:58,200000
The Tourist: Season 2,No,2024-02-29,1400000,5:45,200000
Zombieverse: Season 1 // 좀비버스: 시즌 1,No,2023-08-08,1400000,7:23,200000
4 Blocks: Season 1,No,,1300000,5:31,200000
All the Way Up: Season 1 // Validé: Saison 1,No,,1300000,5:21,200000
Asura: Season 1 // 阿修羅のごとく: シーズン1,Yes,2025-01-09,1300000,6:55,200000
"BASTARD‼ -Heavy Metal, Dark Fantasy-: Season 2 // BASTARD!! ー暗黒の破壊神ー: シーズン2",Yes,2023-07-31,1300000,6:18,200000
Checkmate Lawyer: Season 1 // 法廷のドラゴン: シーズン1,No,,1300000,5:56,200000
City Hustlers: Season 2 // Băieți de oraș: Season 2,No,,1300000,7:36,200000
Cracow Monsters: Season 1 // Krakowskie potwory: Sezon 1,Yes,2022-03-18,1300000,7:01,200000
Detective Conan: Season 31 // 名探偵コナン: シーズン31,No,,1300000,*,200000
Don't Hate the Player: Season 1 // Mauvais joueurs: Saison 1,No,2024-04-17,1300000,7:01,200000
Emergency Interrogation Room 2019 // 緊急取調室 (2019),No,,1300000,8:10,200000
Get Organized with The Home Edit: Season 2,No,2022-04-01,1300000,5:40,200000
Glow Up: Season 4,No,2022-08-19,1300000,6:31,200000
Last One Standing: Season 2 // トークサバイバー！〜トークが面白いと生き残れるドラマ〜: シーズン2,No,2023-10-10,1300000,5:43,200000
Love: Season 2,Yes,2017-03-10,1300000,6:10,200000
Orphan Black: Echoes: Season 1,No,,1300000,7:26,200000
Receiver: Season 1,Yes,2024-07-10,1300000,7:21,200000
Skylanders Academy: Season 2,Yes,2017-10-06,1300000,5:14,200000
The Brokenwood Mysteries: Season 1,No,,1300000,6:01,200000
The Dark Crystal: Age of Resistance: Season 1,Yes,2019-08-30,1300000,8:27,200000
The Envoys: Season 2 // Los Enviados: Temporada 2,No,,1300000,7:05,200000
The Fall: Season 3,No,2016-10-27,1300000,5:46,200000
The House of Flowers: Season 3 // La casa de las flores: Temporada 3,Yes,2020-04-23,1300000,5:32,200000
The Life and Movies of Erşan Kuneri: Season 1 // Erşan Kuneri: 1. Sezon,Yes,2022-05-13,1300000,6:22,200000
The Newsreader: Season 2,No,,1300000,5:25,200000
The Pride of the Temp: Season 2 // ハケンの品格: シーズン2,Yes,,1300000,6:52,200000
Who Saw the Peacock Dance in the Jungle?: Season 1 // クジャクのダンス、誰が見た?: シーズン1,No,,1300000,7:29,200000
Wild District: Season 1 // Distrito salvaje: Temporada 1,No,2018-10-19,1300000,7:40,200000
World of Winx: Season 2,Yes,2017-06-16,1300000,5:18,200000
Act Your Age: Season 1,No,,1200000,5:51,200000
Aema: Limited Series // 애마: 리미티드 시리즈,Yes,2025-08-22,1200000,5:53,200000
After School Doctor -Season1- // 放課後カルテ シーズン1,Yes,,1200000,7:27,200000
Agatha Christie's Marple: Series 5,No,,1200000,5:54,200000
Battlefish: Season 1,No,2018-09-21,1200000,5:46,200000
Bonus Family: Season 2 // Bonusfamiljen: Säsong 2,No,2018-07-15,1200000,7:15,200000
Bonus Family: Season 3 // Bonusfamiljen: Säsong 3,No,2019-07-12,1200000,7:15,200000
Boruto: Naruto Next Generations: Season 18 // BORUTO ボルト NEXT GENERATIONS: カワキ・ヒマワリ忍者学校編,No,,1200000,5:10,200000
Call of the Night: Season 1 // よふかしのうた: シーズン1,No,,1200000,4:58,200000
Cells At Work! (2018) // はたらく細胞,No,,1200000,*,200000
Cheer: Season 1,Yes,2020-01-08,1200000,5:57,200000
Desaparecido (Castilian Version): Season 1,No,,1200000,6:09,200000
Doctor X Surgeon Michiko Daimon 1 // ドクターX ～外科医・大門未知子～ (2012),No,,1200000,6:31,200000
Doppelhaushälfte: Season 4,No,,1200000,4:56,200000
Emergency Interrogation Room 2017 // 緊急取調室 (2017),No,,1200000,7:14,200000
Golden Kamuy: Season 2 // ゴールデンカムイ: シーズン2,No,,1200000,5:06,200000
Golden Kamuy: Season 3 // ゴールデンカムイ: シーズン3,No,,1200000,5:06,200000
Golden Kamuy: Season 4 // ゴールデンカムイ: シーズン4,No,,1200000,5:07,200000
Little Witch Academia: Season 2 // リトルウィッチアカデミア: シーズン2,Yes,2017-04-09,1200000,4:59,200000
Love Like a Bike: Season 1 // ปั่นไปให้ถึงรัก: ซีซั่น 1,No,,1200000,6:33,200000
Made in Abyss: The Golden City of the Scorching Sun // メイドインアビス: 烈日の黄金郷,No,,1200000,5:11,200000
On the Verge: Season 1,Yes,2021-09-07,1200000,6:24,200000
One Cent Thief: Season 1,No,,1200000,6:30,200000
Onmyoji: Season 1 // 陰陽師: シーズン1,Yes,2023-11-28,1200000,5:44,200000
Power Players: Season 1 (Batch A),No,,1200000,5:06,200000
Prison Princesses: Season 1 // 監獄のお姫さま: シーズン１,No,,1200000,7:38,200000
Project: High Council: Season 1 // Projek: High Council: Musim 1,No,,1200000,8:00,200000
Queer Eye: Season 1,No,2018-02-07,1200000,6:09,200000
Rebelde: Season 2,Yes,2022-07-27,1200000,5:34,200000
Skylanders Academy: Season 3,Yes,2018-09-28,1200000,5:12,200000
Slam Dunk: Season 3,No,,1200000,5:43,200000
Supppperman TV: Season 1 // 슈뻘맨TV: 시즌1,No,,1200000,4:56,200000
The Gift: Season 3 // Atiye: 3. Sezon,Yes,2021-06-17,1200000,5:51,200000
World Trigger: Season 3 // ワールドトリガー: 3rdシーズン,No,,1200000,5:26,200000
4 Blocks: Season 2,No,,1100000,5:53,200000
Ackley Bridge: Series 3,No,,1100000,6:11,200000
AJIN: Demi-Human: Season 1 // 亜人: シーズン1,Yes,2016-01-18,1100000,5:11,200000
Arifureta: From Commonplace to World's Strongest: 1st season // ありふれた職業で世界最強: 1st season,No,,1100000,5:13,200000
Chosen: Season 1,Yes,2022-01-27,1100000,4:24,200000
Dirk Gently's Holistic Detective Agency: Season 2,No,2018-01-05,1100000,6:56,200000
Emergency Interrogation Room: Season 4 // 緊急取調室 (2021),No,,1100000,7:10,200000
Foyle's War: Series 1,No,,1100000,6:29,200000
Franklin & Bash: Season 1,No,,1100000,7:01,200000
Glitter: Season 1 // Brokat: Sezon 1,Yes,2022-12-14,1100000,5:23,200000
Goosebumps (1995): Specials,No,,1100000,4:48,200000
Hache: Season 1,Yes,2019-11-01,1100000,6:08,200000
Interior Design Masters: Season 1,No,2019-10-18,1100000,5:49,200000
Kaguya-sama: Love Is War (2019) // かぐや様は告らせたい～天才たちの恋愛頭脳戦～,No,,1100000,4:49,200000
Lenox Hill: Season 1,Yes,2020-06-10,1100000,7:16,200000
Love: Season 3,Yes,2018-03-09,1100000,6:17,200000
My Hero Academia: Vigilantes: Season 1 // ヴィジランテ-僕のヒーローアカデミア ILLEGALS-: シーズン1,No,,1100000,5:08,200000
My Isekai Life: I Gained a Second Character Class and Became the Strongest Sage in the World // 転生賢者の異世界ライフ ～第二の職業を得て、世界最強になりました～: シーズン1,No,,1100000,4:44,200000
My Lover My Killer: Season 3,No,,1100000,7:18,200000
One Against All: Season 2 // Um Contra Todos: Temporada 2,No,,1100000,5:47,200000
Pedal to Metal: Season 1 // Dale gas: Temporada 1,No,2022-03-16,1100000,6:21,200000
Pocoyo: Season 2 // Pocoyó: Temporada 2,No,,1100000,5:57,200000
Post Mortem: No One Dies in Skarnes: Season 1 // Post Mortem: Ingen dør på Skarnes: Sesong 1,Yes,2021-08-25,1100000,4:30,200000
Queer Eye: Season 7,No,2023-05-12,1100000,6:10,200000
Ratu Ratu Queens: The Series: Season 1,Yes,2025-09-12,1100000,4:36,200000
Selling Sunset: Season 3,No,2020-08-07,1100000,4:27,200000
Selling The OC: Season 3,No,2024-05-03,1100000,4:38,200000
Shameless: Series 3,No,,1100000,6:34,200000
Shameless: Series 4,No,,1100000,6:49,200000
She-Ra and the Princesses of Power: Season 5,Yes,2020-05-15,1100000,5:14,200000
Somebody Feed Phil: Season 1,Yes,2018-01-12,1100000,5:41,200000
Somebody Feed Phil: Season 2,Yes,2018-07-06,1100000,5:50,200000
Survivor's Remorse: Season 2,No,,1100000,4:38,200000
Team Zenko Go: Season 1,Yes,2022-03-15,1100000,4:52,200000
The Angel Next Door Spoils Me Rotten: Season 2 // お隣の天使様にいつの間にか駄目人間にされていた件: 第2期,No,,1100000,4:44,200000
The Good Karma Hospital: Season 1,No,,1100000,4:32,200000
The Loch: Season 1,No,,1100000,4:24,200000
The Mire '97 // Rojst '97,Yes,2021-07-07,1100000,5:45,200000
The Newsreader: Season 3,No,,1100000,5:16,200000
The Prime Minister's Chef: Season 1 // グ・ラ・メ! ～総理の料理番～: シーズン1,No,,1100000,6:23,200000
The War Next-door: Season 2 // Guerra de vecinos: Temporada 2,Yes,2022-06-17,1100000,4:28,200000
"Wake Up, Carlo!: Season 1 // Acorda, Carlo!: Temporada 1",No,2023-07-06,1100000,4:50,200000
Yakuza Fiancé: Raise wa Tanin ga Ii: Season 1 // 来世は他人がいい: シーズン1,No,,1100000,4:44,200000
"Young, Famous & African: Season 3",No,2025-01-17,1100000,6:36,200000
​Carol & The End of The World: Limited Series,Yes,2023-12-15,1100000,4:51,200000
#NoFilter: Season 1 // Sem Filtro: Temporada 1,Yes,2023-02-15,1000000,5:40,200000
3%: Season 3,Yes,2019-06-07,1000000,5:55,200000
50M2: Season 1,Yes,2021-01-27,1000000,6:33,200000
All the Way Up: Season 2 // Validé: Saison 2,No,,1000000,4:39,200000
Archer (2009): Season 14,No,,1000000,4:07,200000
BLOCKBUSTER: Season 1,Yes,2022-11-03,1000000,4:27,200000
Blood (2018): Season 1,No,,1000000,4:35,200000
Bonus Family: Season 4 // Bonusfamiljen: Säsong 4,No,2021-12-14,1000000,5:48,200000
Buying London: Season 1,No,2024-05-22,1000000,4:12,200000
Cupcake & Dino - General Services: Season 1,Yes,2018-07-27,1000000,4:48,200000
Dalah: Death and the Flowers: Season 1 // ดาหลา บุปผา ฆาตกรรม: ซีซั่น 1,Yes,2025-02-27,1000000,5:12,200000
Everything I Know About Love: Season 1,No,,1000000,5:07,200000
Everything Now: Season 1,Yes,2023-10-05,1000000,6:13,200000
Great Pretender: Season 1,Yes,2020-06-01,1000000,5:30,200000
H2O: Mermaid Adventures: Season 2,No,2015-07-15,1000000,5:18,200000
Haters Back Off: Season 1,Yes,2016-10-14,1000000,4:18,200000
Is It Wrong to Try to Pick Up Girls in a Dungeon?: Season 3 // ダンジョンに出会いを求めるのは間違っているだろうか: 第3期,No,,1000000,4:44,200000
It's Always Sunny in Philadelphia: Season 3,No,,1000000,5:33,200000
Jaguar: Season 1,Yes,2021-09-22,1000000,4:33,200000
Kaguya-sama: Love Is War? (2019) // かぐや様は告らせたい? ～天才たちの恋愛頭脳戦～,No,,1000000,5:13,200000
Kaguya-sama: Love Is War -Ultra Romantic- // かぐや様は告らせたい～天才たちの恋愛頭脳戦～: かぐや様は告らせたい-ウルトラロマンティック-,No,,1000000,5:17,200000
KonoSuba: God's Blessing on This Wonderful World! 3 // この素晴らしい世界に祝福を! 3,No,,1000000,*,200000
Liaison: Kodomo no Kokoro Shinryojo: Season 1 // リエゾン－こどものこころ診療所－: シーズン1,No,,1000000,6:23,200000
Line of Duty: Season 3,No,,1000000,6:23,200000
Line of Duty: Season 5,No,,1000000,6:15,200000
Love & Anarchy: Season 2 // Kärlek & Anarki: Säsong 2,Yes,2022-06-16,1000000,4:30,200000
Luis Miguel - The Series: Season 3 // Luis Miguel - La serie: Temporada 3,No,2021-10-28,1000000,4:46,200000
Merlí. Sapere Aude: Season 1,No,2022-02-25,1000000,5:55,200000
Miss Kobayashi's Dragon Maid // 小林さんちのメイドラゴン,No,,1000000,5:32,200000
My Safe Zone: Season 1 // รักสุดท้าย: ซีซั่น 1,No,,1000000,6:15,200000
Nijntje & Vriendjes: Season 1,No,,1000000,5:48,200000
Odd Squad: Season 2,No,,1000000,6:22,200000
Parallel World Pharmacy: Season 1 // 異世界薬局: シーズン1,No,,1000000,4:44,200000
Prison Break: Season 5,No,,1000000,6:31,200000
Reality Z: Season 1,Yes,2020-06-10,1000000,5:06,200000
Replacing Chef Chico: Season 1,Yes,2023-11-24,1000000,4:32,200000
"Rich House, Poor House: Season 6",No,,1000000,4:17,200000
Sailor Moon Crystal: Season 1 // 美少女戦士セーラームーン Crystal: 第1期ダーク・キングダム編,No,,1000000,5:17,200000
School Tales The Series: Season 1 // โรงเรียนผีมีอยู่ว่า...: ซีซั่น 1,Yes,2022-08-10,1000000,6:29,200000
SEC Football: Any Given Saturday: Season 1,Yes,2025-08-05,1000000,5:15,200000
Secret City,Yes,2018-06-26,1000000,5:01,200000
Selling The OC: Season 2,No,2023-09-08,1000000,4:38,200000
She-Ra and the Princesses of Power: Season 4,Yes,2019-11-05,1000000,5:14,200000
Slam Dunk: Season 4,No,,1000000,5:21,200000
Smiley: Season 1,Yes,2022-12-07,1000000,4:50,200000
Street Food: Asia: Limited Series,Yes,2019-04-26,1000000,4:42,200000
Summertime: Season 2,Yes,2021-06-03,1000000,5:55,200000
The Brilliant Healer's New Life in the Shadows: Season 1 // 一瞬で治療していたのに役立たずと追放された天才治癒師、闇ヒーラーとして楽しく生きる: シーズン1,No,,1000000,4:48,200000
The Brokenwood Mysteries: Season 2,No,,1000000,5:52,200000
The Brokenwood Mysteries: Season 3,No,,1000000,5:55,200000
The Brokenwood Mysteries: Season 4,No,,1000000,6:04,200000
The Brokenwood Mysteries: Season 5,No,,1000000,6:05,200000
The Brokenwood Mysteries: Season 6,No,,1000000,6:09,200000
The Covenant: Season 1,No,,1000000,4:15,200000
The Crew: Season 1,Yes,2021-02-15,1000000,4:30,200000
The Journalist: Season 1 // 新聞記者/The Journalist: シーズン1,Yes,2022-01-13,1000000,5:07,200000
The Life and Movies of Erşan Kuneri: Season 2 // Erşan Kuneri: 2. Sezon,Yes,2024-10-10,1000000,6:16,200000
The Reason Why Raeliana Ended up at the Duke's Mansion: Season 1 // 彼女が公爵邸に行った理由: シーズン1,No,,1000000,4:44,200000
The Yara Gambirasio Case: Beyond Reasonable Doubt: Limited Series // Il caso Yara: oltre ogni ragionevole dubbio: Limited Series,Yes,2024-07-16,1000000,4:18,200000
This Is Going To Hurt: Season 1,No,,1000000,5:14,200000
Tiny House Nation: Volume 2,No,2019-09-29,1000000,4:45,200000
Toughest Forces on Earth: Season 1,No,2024-05-22,1000000,5:27,200000
Tour de France: Unchained: Season 1 // Tour de France : Au cœur du peloton: Saison 1,Yes,2023-06-08,1000000,5:34,200000
Upin&Ipin: Season 7,No,,1000000,4:31,200000
Upin&Ipin: Season 8,No,,1000000,4:29,200000
Upin&Ipin: Season 10,No,,1000000,4:22,200000
Upin&Ipin: Season 16,No,,1000000,4:19,200000
Wakfu: Season 3,Yes,2017-10-29,1000000,4:55,200000
"Web of Make Believe: Death, Lies and the Internet: Season 1",Yes,2022-06-15,1000000,5:42,200000
WWE Greatest Royal Rumble: 2018,No,,1000000,4:59,200000
Yeh Kaali Kaali Ankhein: Season 2 // ये काली काली आंखें: सीज़न 2,Yes,2024-11-22,1000000,4:13,200000
3%: Season 4,Yes,2020-08-14,900000,5:54,200000
A BUTTERFLY EFFECT –The Murder Analysis Team–: Season 1 // 蝶の力学 殺人分析班: シーズン1,No,,900000,5:03,200000
A Sign of Affection: Season 1 // ゆびさきと恋々: シーズン1,No,,900000,4:44,200000
Agatha Christie's Marple: Series 6,No,,900000,4:24,200000
Agents of the Four Seasons Dance of Spring: Season 1 // 春夏秋冬代行者 春の舞: シーズン1,No,,900000,5:32,200000
Angry Birds: Summer Madness: Season 2,Yes,2022-06-24,900000,3:39,200000
Bad Boys: Season 1,No,,900000,3:39,200000
"Banished from the Hero's Party, I Decided to Live a Quiet Life in the Countryside: Banished from the brave man's group,I decided to lead a slow life in the back country // 真の仲間じゃないと勇者のパーティーを追い出されたので、辺境でスローライフすることにしました",No,,900000,5:08,200000
Black Butterflies: Limited Series // Les papillons noirs: Mini-série,Yes,2022-10-14,900000,5:26,200000
Black Monday: Season 2,No,,900000,4:45,200000
Bling Empire: New York: Season 1,No,2023-01-20,900000,5:24,200000
Blown Away: Season 2,No,2021-01-22,900000,4:35,200000
Blown Away: Season 3,No,2022-07-22,900000,4:58,200000
Cupcake & Dino - General Services: Season 2,Yes,2019-05-03,900000,4:48,200000
Diablero: Season 1,Yes,2018-12-21,900000,5:16,200000
Dig Deeper: The Disappearance of Birgit Meier: Limited Series // Dig Deeper: Das Verschwinden von Birgit Meier: Miniserie,Yes,2021-11-26,900000,3:56,200000
Echoes of the Past: Season 1 // موعد مع الماضي: موسم 1,Yes,2024-12-06,900000,5:27,200000
FIFA Uncovered: Limited Series,Yes,2022-11-09,900000,3:44,200000
Full Swing: Season 2,Yes,2024-03-06,900000,5:55,200000
Get Even: Season 1,Yes,2020-07-31,900000,4:15,200000
GLOW: Season 2,Yes,2018-06-29,900000,5:36,200000
High Seas: Season 3 // Alta mar: Temporada 3,Yes,2020-08-07,900000,4:10,200000
In-House Executioner~She Eliminates the Enemies~: Season 1 // 社内処刑人〜彼女は敵を消していく〜: シーズン1,No,,900000,4:01,200000
jeen-yuhs: A Kanye Trilogy,Yes,2022-02-16,900000,4:40,200000
Kota Factory: Season 3 // कोटा फ़ैक्ट्री: सीज़न 3,Yes,2024-06-20,900000,4:07,200000
Kübra: Season 1,Yes,2024-01-18,900000,5:52,200000
Ladies in Black: Seasone One,No,,900000,4:51,200000
Life Begins: Season 1,No,,900000,4:37,200000
Line of Duty: Season 1,No,,900000,4:53,200000
Line of Duty: Season 2,No,,900000,5:54,200000
Line of Duty: Season 4,No,,900000,5:51,200000
Lycoris Recoil // リコリス・リコイル: シーズン1,No,,900000,5:12,200000
Mechamato The Animated Series: Season 3,No,,900000,4:49,200000
Midnight Diner: Season 1 // 深夜食堂: シーズン1,Yes,,900000,4:09,200000
Midnight Diner: Tokyo Stories: Season 1 // 深夜食堂: Tokyo Stories: シーズン1,Yes,2016-10-20,900000,4:00,200000
My Daughter Left the Nest and Returned an S-Rank Adventurer: Season 1 // 冒険者になりたいと都に出て行った娘がSランクになってた: シーズン1,No,,900000,5:08,200000
Natsume's Book of Friends // 夏目友人帳,No,,900000,5:09,200000
Oblivion Battery: Season 1 // 忘却バッテリー: シーズン1,No,,900000,4:47,200000
Origins of Hip-Hop: Season 1,No,,900000,5:41,200000
Perfect Innocence: Season 1 // 完全無罪: シーズン1,No,,900000,4:23,200000
Pororo - The Little Penguin: Season 7,No,,900000,5:22,200000
Public Disorder: Season 1 // ACAB: La Serie: Stagione 1,Yes,2025-01-15,900000,5:07,200000
Rita: Season 1,Yes,2013-08-14,900000,5:11,200000
Royal Rumble: 2024,No,2025-01-01,900000,3:56,200000
Sexify: Season 2,Yes,2023-01-11,900000,5:08,200000
Slam Dunk: Season 5,No,,900000,4:57,200000
Somebody Feed Phil: Season 6,Yes,2022-10-18,900000,4:36,200000
Spirit Chronicles: Season 1 // 精霊幻想記: シーズン1,No,,900000,4:44,200000
Survivor's Remorse: Season 3,No,,900000,4:48,200000
The A List: Season 2,Yes,2021-06-25,900000,3:43,200000
The Girls at the Back: Limited Series // Las de la última fila: Miniserie,Yes,2022-09-23,900000,4:21,200000
The Good Karma Hospital: Season 2,No,,900000,4:37,200000
The Good Karma Hospital: Season 3,No,,900000,4:34,200000
The Good Karma Hospital: Season 4,No,,900000,4:36,200000
The Great Cleric: Season 1 // 聖者無双～サラリーマン、異世界で生き残るために歩む道～: シーズン1,No,,900000,4:50,200000
The Hijacking of Flight 601: Season 1 // Secuestro del vuelo 601: Temporada 1,Yes,2024-04-10,900000,5:15,200000
The Innocent Man: Limited Series,Yes,2018-12-14,900000,4:44,200000
The Jamie Foxx Show: Season 5,No,,900000,4:22,200000
The Rising of the Shield Hero: Season 3 // 盾の勇者の成り上がり: シーズン3,No,,900000,4:44,200000
The Rising of the Shield Hero: Season 4 // 盾の勇者の成り上がり: シーズン4,No,,900000,4:44,200000
The Unwanted Undead Adventurer // 望まぬ不死の冒険者: 第1期,No,,900000,4:44,200000
The War Next-door: Season 1 // Guerra de vecinos: Temporada 1,Yes,2021-07-07,900000,4:12,200000
Thicker Than Water: Season 1 // Jusqu'ici tout va bien: Saison 1,Yes,2023-04-07,900000,4:39,200000
Tidying Up with Marie Kondo: Season 1,No,2019-01-01,900000,5:19,200000
Upin&Ipin: Season 9,No,,900000,4:27,200000
Upin&Ipin: Season 11,No,,900000,4:25,200000
Upin&Ipin: Season 12,No,,900000,4:19,200000
Upin&Ipin: Season 14,No,,900000,4:12,200000
What Did You Eat Yesterday?: Season 1 // きのう何食べた?: シーズン1,No,,900000,6:00,200000
What Did You Eat Yesterday?: Season 2 // きのう何食べた?: シーズン2,No,,900000,6:00,200000
When Marriages Fracture: Season 1 // 極限夫婦: シーズン1,No,,900000,4:01,200000
World Trigger: Season 2 // ワールドトリガー: 2ndシーズン,No,,900000,4:39,200000
"Young, Famous & African: Season 1",No,2022-03-18,900000,4:59,200000
30 Rock: Season 7,No,,800000,4:41,200000
Agatha Christie's Poirot: Series 4,No,,800000,5:06,200000
Almania: Season 1,No,,800000,3:44,200000
An Astrological Guide for Broken Hearts: Season 1 // Guida astrologica per cuori infranti: Stagione 1,Yes,2021-10-27,800000,3:31,200000
Barbie: It Takes Two: Season 2,Yes,,800000,5:02,200000
Bogus Skill <<Fruitmaster>> ~About that time I became able to eat unlimited numbers of Skill Fruits (that kill you) ~: Season 1 // 外れスキル《木の実マスター》～スキルの実 (食べたら死ぬ) を無限に食べられるようになった件について～: シーズン1,No,,800000,4:44,200000
Bungo Stray Dogs // 文豪ストレイドッグス: 第1期,No,,800000,4:44,200000
Chasing Love: Season 1 // พี่เองก็ลำบาก: ซีซั่น 1,Yes,,800000,4:46,200000
Crazy Delicious: Season 1,No,2020-06-24,800000,4:35,200000
Crims (2020): Season 0,No,,800000,3:39,200000
DASH & LILY: Season 1,Yes,2020-11-10,800000,3:25,200000
Degrassi: Next Class: Season 1,Yes,2016-01-15,800000,3:58,200000
Devil's Diner: Limited Series // Tiệm ăn của quỷ: Loạt phim truyền hình ngắn,Yes,,800000,5:08,200000
Everyone Is Doing Great: Season 2,No,,800000,4:29,200000
Everything Calls for Salvation: Season 2 // Tutto chiede salvezza: Stagione 2,Yes,2024-09-26,800000,4:08,200000
First and Last: Season 1,Yes,2018-09-07,800000,4:03,200000
Food Wars!: Shokugeki no Soma: The Fourth Plate // 食戟のソーマ: 神ノ皿,No,,800000,4:43,200000
Food Wars!: Shokugeki no Soma: The Fifth Plate // 食戟のソーマ: 豪ノ皿,No,,800000,5:08,200000
Godzilla Singular Point: Season 1 // ゴジラ S.P＜シンギュラポイント＞: シーズン1,Yes,2021-03-24,800000,5:15,200000
Halston: Limited Series,Yes,2021-05-14,800000,4:00,200000
Holy Family: Season 1 // Sagrada familia: Temporada 1,Yes,2022-10-14,800000,4:55,200000
How a Realist Hero Rebuilt the Kingdom: Season 1 // 現実主義勇者の王国再建記: シーズン1,No,,800000,5:08,200000
How to Make It in America: Season 1,No,,800000,3:31,200000
Indian Matchmaking: Season 1,No,2020-07-16,800000,5:02,200000
It's Always Sunny in Philadelphia: Season 4,No,,800000,4:15,200000
It's Always Sunny in Philadelphia: Season 5,No,,800000,4:14,200000
It's Always Sunny in Philadelphia: Season 6,No,,800000,4:39,200000
It's Always Sunny in Philadelphia: Season 7,No,,800000,4:35,200000
Journal With Witch: Season 1 // 違国日記: シーズン1,No,,800000,5:08,200000
Justin Time GO!: Season 1,Yes,2016-06-24,800000,4:49,200000
Loner Life in Another World: Season 1 // ひとりぼっちの異世界攻略: シーズン1,No,,800000,4:44,200000
Madam: Season 1,No,,800000,4:30,200000
Mechanical Marie: Season 1 // 機械じかけのマリー: シーズン1,No,,800000,4:44,200000
Miseducation: Season 1,Yes,2023-09-15,800000,3:53,200000
Nailed It!: Season 4,No,2020-04-01,800000,4:25,200000
Nailed It!: Double Trouble,No,2021-03-26,800000,3:28,200000
Natsume's Book of Friends Seven // 夏目友人帳 漆,No,,800000,5:10,200000
Ponysitters Club: Season 2,No,2018-11-16,800000,3:48,200000
PUELLA MAGI MADOKA MAGICA SIDE STORY [MAGIA RECORD] // マギアレコード 魔法少女まどか☆マギカ外伝,No,,800000,5:06,200000
Reporting for Duty: Season 1 // B.O.: Temporada 1,Yes,2023-09-06,800000,3:47,200000
Ronja the Robber's Daughter: Part 1 // Ronja Rövardotter: Del 1,No,2024-03-28,800000,4:32,200000
Rooster Fighter: Season 1 // ニワトリ・ファイター: シーズン1,No,,800000,4:48,200000
Sing On!: Season 1,No,2020-09-16,800000,4:48,200000
Skip and Loafer: Season 1 // スキップとローファー: シーズン1,No,,800000,4:44,200000
Somebody Feed Phil: Season 3,Yes,2020-05-29,800000,4:05,200000
Somebody Feed Phil: Season 5,Yes,2022-05-25,800000,4:03,200000
Spirit Chronicles: Seirei Gensouki 2: Spirit Chronicles // 精霊幻想記2,No,,800000,4:45,200000
SPRINT: Season 2,Yes,2024-11-13,800000,3:21,200000
Sugar Rush: Season 2,No,2019-07-26,800000,4:56,200000
Survivor's Remorse: Season 4,No,,800000,4:41,200000
The Billion Dollar Code: Limited Series,Yes,2021-10-07,800000,4:27,200000
The Daily Life of a Middle-Aged Online Shopper in Another World: Season 1 // アラフォー男の異世界通販: シーズン1,No,,800000,5:08,200000
The Gathering (2024): Season 1,No,,800000,4:39,200000
The Masterful Cat Is Depressed Again Today: Season 1 // デキる猫は今日も憂鬱: シーズン1,No,,800000,5:06,200000
The Pharmacist: Limited Series,Yes,2020-02-05,800000,3:35,200000
The Steve Harvey Show: Season 6,No,,800000,4:45,200000
The Strongest Magician in the Demon Lord's Army Was a Human: Season 1 // 魔王軍最強の魔術師は人間だった: シーズン1,No,,800000,4:44,200000
The Venture Bros.: Season 1,No,,800000,5:15,200000
Traitors: Season 1,Yes,2019-03-29,800000,4:35,200000
Trinkets: Season 2,Yes,2020-08-25,800000,4:33,200000
Ultraman: Season 1,Yes,2019-04-01,800000,5:04,200000
Upin&Ipin: Season 13,No,,800000,4:07,200000
Vivy -Fluorite Eye’s Song-: Season 1,No,,800000,5:09,200000
Weiss & Morales: Season 1,No,,800000,4:49,200000
"With Love, Meghan: Season 1",No,2025-03-04,800000,4:47,200000
Yakari (2005): Season 5,No,,800000,5:08,200000
Yanxi Palace: Princess Adventures: Season 1 // 金枝玉葉: 第 1 季 // 金枝玉叶: 第 1 季,Yes,2019-12-31,800000,4:20,200000
2026 World Baseball Classic: Brazil vs. United States // 2026 ワールドベースボールクラシック: ブラジル 対 アメリカ,No,2026-03-06,700000,3:34*,200000
Bad Education: Season 3,No,,700000,2:50,200000
Bad Vegan: Fame. Fraud. Fugitives.: Limited Series,Yes,2022-03-16,700000,3:30,200000
Boruto: Naruto Next Generations: Season 19 // BORUTO ボルト NEXT GENERATIONS: 迷宮遊戯編,No,,700000,3:11,200000
Cardinal: Season 1,No,,700000,4:20,200000
Chef's Table: Volume 7,Yes,2024-11-27,700000,3:08,200000
Chef's Table: Noodles: Season 1,Yes,2024-10-02,700000,3:14,200000
Chicago Party Aunt: Part 2,Yes,2022-12-30,700000,3:23,200000
Dogs in Space: Season 1,Yes,2021-11-18,700000,3:41,200000
Dream Home Makeover: Season 3,No,2022-07-27,700000,3:07,200000
F1: The Academy: Season 1,Yes,2025-05-28,700000,4:26,200000
Fate/EXTRA Last Encore: Oblitus Copernican Theory,Yes,2018-01-30,700000,4:02,200000
Girlfriends (2000): Season 8,No,,700000,4:32,200000
Hitmakers: Season 1,Yes,2025-07-24,700000,3:54,200000
How to Fix a Drug Scandal: Limited Series,Yes,2020-04-01,700000,3:31,200000
Inside the World’s Toughest Prisons: Season 2,Yes,2018-07-06,700000,3:26,200000
Inside the World’s Toughest Prisons: Season 3,Yes,2018-12-14,700000,3:10,200000
Inside the World’s Toughest Prisons: Season 4,Yes,2020-07-29,700000,3:08,200000
It's Always Sunny in Philadelphia: Season 2,No,,700000,3:47,200000
Jake Paul vs. Anthony Joshua,No,2025-12-19,700000,*,200000
JU-ON: Origins: Season 1 // 呪怨：呪いの家: シーズン1,Yes,2020-07-03,700000,2:53,200000
Just a Dash: Season 2,No,,700000,3:52,200000
Justice Served: Season 1,Yes,2022-07-29,700000,4:11,200000
Kota Factory: Season 2 // कोटा फ़ैक्ट्री: सीज़न 2,Yes,2021-09-24,700000,3:17,200000
Little Angel: Volume 8,No,,700000,3:03,200000
Mulligan: Part 1,Yes,2023-05-12,700000,4:33,200000
Murder Mountain: Limited Series,Yes,2018-12-28,700000,4:18,200000
Nailed It!: Season 1,No,2018-03-09,700000,3:23,200000
Nevertheless : The Shapes of Love: Season 1 // わかっていても The Shapes of Love: シーズン1,Yes,,700000,4:05,200000
New Kongsuni and Friends: Season 2,Yes,,700000,3:11,200000
North Shore (2023): Season 1,No,,700000,4:15,200000
Onmyo Kaiten Re:Birth Verse: Season 1 // 陰陽廻天 Re:バース: シーズン1,No,,700000,4:35,200000
Penguin Town: Limited Series,Yes,2021-06-16,700000,3:41,200000
Pernille: Season 1 // Pørni: Sesong 1,No,2024-03-04,700000,3:02,200000
Race For The Crown: Season 1,Yes,2025-04-22,700000,4:16,200000
Real Men: Season 1 // Maschi veri: Stagione 1,Yes,2025-05-21,700000,4:08,200000
Royal Rumble: 2023,No,2025-01-01,700000,4:17,200000
Scissor Seven: Season 3 // 刺客伍六七: 第 3 季,Yes,2021-10-03,700000,2:56,200000
Somebody Feed Phil: Season 4,Yes,2020-10-30,700000,3:57,200000
The Founder5 II: Unfinished Business: Season 1,No,,700000,3:05,200000
The King of Queens: Season 9,No,,700000,4:36,200000
Thomas & Friends: All Engines Go: Season 3,No,,700000,*,200000
Triad Princess: Season 1 // 極道千金: 第 1 季 // 极道千金: 第 1 季,Yes,2019-12-06,700000,4:01,200000
Unstable: Season 2,Yes,2024-08-01,700000,3:17,200000
Upin&Ipin: Season 15,No,,700000,4:17,200000
Watership Down: Limited Series,Yes,2018-12-23,700000,3:20,200000
2026 World Baseball Classic: United States vs. Mexico // 2026 ワールドベースボールクラシック: アメリカ 対 メキシコ,No,2026-03-09,600000,3:08*,200000
Aaron Rodgers: Enigma: Season 1,Yes,2024-12-17,600000,3:20,200000
"Ada Twist, Scientist: Season 2",Yes,2022-01-25,600000,2:34,200000
"Ada Twist, Scientist: Season 3",Yes,2022-09-12,600000,3:26,200000
Aggretsuko: Season 1 // アグレッシブ烈子: シーズン1,Yes,2018-04-20,600000,2:39,200000
An Astrological Guide for Broken Hearts: Season 2 // Guida astrologica per cuori infranti: Stagione 2,Yes,2022-03-08,600000,3:22,200000
Archer (2009): Season 9,No,,600000,2:44,200000
Archer (2009): Season 11,No,,600000,3:03,200000
Bing: Season 3,No,,600000,*,200000
Cooked with Cannabis: Season 1,No,2020-04-20,600000,3:30,200000
Dad Stop Embarrassing Me!: Season 1,Yes,2021-04-14,600000,3:25,200000
Degrassi: Next Class: Season 2,Yes,2016-07-22,600000,3:58,200000
Fireplace for Your Home: Season 1,Yes,,600000,3:01,200000
Framed! A Sicilian Murder Mystery: Season 1 // Incastrati: Stagione 1,Yes,2022-01-01,600000,3:05,200000
Friendship Playlist: Collection 2,No,,600000,3:50,200000
Garouden: The Way of the Lone Wolf: Season 1 // 餓狼伝: The Way of the Lone Wolf: シーズン1,Yes,2024-05-23,600000,3:27,200000
Girls5eva: Season 1,No,2023-02-01,600000,3:48,200000
Haters Back Off: Season 2,Yes,2017-10-20,600000,3:31,200000
Hell for You: Season 1 // 地獄の果てまで連れていく: シーズン1,No,,600000,3:40,200000
How to Ruin Christmas: The Wedding,Yes,2020-12-16,600000,2:25,200000
How to Ruin Christmas: The Funeral,Yes,2021-12-10,600000,3:22,200000
Inside the World’s Toughest Prisons: Season 1,Yes,2016-10-14,600000,2:57,200000
Inside the World’s Toughest Prisons: Season 5,Yes,2021-01-08,600000,2:32,200000
It's Always Sunny in Philadelphia: Season 8,No,,600000,3:14,200000
It's Always Sunny in Philadelphia: Season 9,No,,600000,3:12,200000
It's Always Sunny in Philadelphia: Season 10,No,,600000,3:29,200000
It's Always Sunny in Philadelphia: Season 11,No,,600000,3:34,200000
Kakegurui: Season 1 // 賭ケグルイ: シーズン1,Yes,,600000,3:59,200000
Little Women (2017): Season 1,No,,600000,2:57,200000
Lopez vs. Lopez: Season 2,No,,600000,3:35,200000
MeatEater: Season 10 Part 2,Yes,2022-02-02,600000,2:37,200000
Misfit: The Series: Season 1 // Misfit: De serie: Seizoen 1,Yes,2021-10-16,600000,3:15,200000
Nailed It!: Season 2,No,2018-06-29,600000,3:33,200000
Nailed It!: Season 3,No,2019-05-17,600000,3:24,200000
Peep Show: Series 9,No,,600000,2:25,200000
Raël: The Alien Prophet: Limited Series // Raël : Le prophète des extraterrestres: Mini-série,Yes,2024-02-07,600000,3:02,200000
Scissor Seven: Season 4 // 刺客伍六七: 第 4 季,Yes,2023-09-21,600000,2:42,200000
Shafted: Season 1 // Super Mâles: Saison 1,Yes,2025-01-24,600000,3:26,200000
She-Ra and the Princesses of Power: Season 2,Yes,2019-04-26,600000,2:49,200000
Slam Dunk: Season 2,No,,600000,3:03,200000
Switched: Season 1 // 宇宙を駆けるよだか: シーズン1,Yes,2018-08-01,600000,3:53,200000
The Brave Ones: Season 1,Yes,2022-09-16,600000,3:49,200000
The Confession Killer: Limited Series,Yes,2019-12-06,600000,4:00,200000
The Confession Tapes: Season 2,Yes,2019-06-21,600000,2:53,200000
The Great Robbery of Brazil's Central Bank: Season 1 // 3 Tonelada$: Assalto ao Banco Central: Temporada 1,Yes,2022-03-16,600000,3:02,200000
The Playing Card Killer: Limited Series // Baraja: La firma del asesino: Miniserie,Yes,2023-06-09,600000,2:31,200000
The Teacher: Body in the Lake (2022),No,,600000,2:56,200000
Unabomber - In His Own Words: Limited Series,Yes,,600000,2:57,200000
What's Next? The Future with Bill Gates: Season 1,Yes,2024-09-18,600000,3:49,200000
WWE Clash at the Castle: Clash in Paris,No,2025-08-31,600000,3:33,200000
WWE NXT: Stand & Deliver 2026,No,2026-04-04,600000,2:32*,200000
WWE SummerSlam: SummerSlam 2025 Sunday,No,2025-08-03,600000,3:28,200000
WWE WrestleMania: 2001,No,2025-01-01,600000,3:45,200000
Ángel Di María: Breaking Down the Wall: Limited Series // Ángel Di María: Romper la pared: Miniserie,Yes,2024-09-12,600000,2:47,200000
2026 World Baseball Classic: United States vs. Great Britain // 2026 ワールドベースボールクラシック: アメリカ 対 イギリス,No,2026-03-07,500000,2:57*,200000
Aggretsuko: Season 2 // アグレッシブ烈子: シーズン2,Yes,2019-06-14,500000,2:41,200000
Bad Exorcist: Season 3 // Bogdan Boner: Egzorcysta: Sezon 3,No,2022-10-24,500000,2:33,200000
Bad Exorcist: Season 4 // Bogdan Boner: Egzorcysta: Sezon 4,No,2023-10-31,500000,2:47,200000
Bad Exorcist: Season 5 // Bogdan Boner: Egzorcysta: Sezon 5,No,2024-06-12,500000,2:40,200000
Bloodride: Season 1 // Blodtur: Sesong 1,Yes,2020-03-13,500000,2:55,200000
BoBoiBoy Galaxy: Sori: Sori,No,,500000,2:14,200000
D.B. Cooper: Where Are You?!: Limited Series,Yes,2022-07-13,500000,2:52,200000
Derek: Season 1,Yes,2013-09-12,500000,2:45,200000
Dope: Season 2,Yes,2018-04-20,500000,2:59,200000
Everyone Else Burns: Season 2,No,,500000,2:14,200000
Go!: Season 1,Yes,2025-03-21,500000,2:41,200000
Haunted: Latin America: Season 1 // Haunted: Latinoamérica: Temporada 1,No,2021-03-31,500000,2:41,200000
High: Confessions of an Ibiza Drug Mule: Limited Series,No,2022-10-21,500000,2:06,200000
How do you like Wednesday?: Crossing the United States (1999) // 水曜どうでしょう: アメリカ合衆国横断 プレミア版 (1999),No,,500000,3:05,200000
Inside Bill's Brain: Decoding Bill Gates: Limited Series,Yes,2019-09-20,500000,2:39,200000
It's Always Sunny in Philadelphia: Season 17,No,,500000,3:02,200000
Jack Whitehall: Travels with My Father: Season 1,Yes,2017-09-22,500000,3:08,200000
K-foodie meets J-foodie: Season 6 // 미친맛집: 미식가 친구의 맛집: 시즌6: 미식 로망,No,,500000,2:33,200000
Louis Theroux: LA Stories: Season 1,No,,500000,2:57,200000
New Kongsuni and Friends: Season 1,Yes,,500000,3:09,200000
Nightmares of Nature: Cabin in the Woods,Yes,2025-09-30,500000,2:17,200000
ONI: Thunder God's Tale: Limited Series,Yes,2022-10-21,500000,2:59,200000
Outnumbered (2007): Series 1,No,,500000,2:56,200000
Pernille: Season 2 // Pørni: Sesong 2,No,2024-03-04,500000,2:57,200000
Pernille: Season 5 // Pørni: Sesong 5,No,2025-05-15,500000,2:57,200000
Prank Encounters: Season 1,No,2019-10-25,500000,3:10,200000
Represent: Season 2 // En place: Saison 2,Yes,2024-08-29,500000,3:07,200000
Sebastian Maniscalco: What's Wrong with People?: Special,No,,500000,2:45,200000
She-Ra and the Princesses of Power: Season 3,Yes,2019-08-02,500000,2:25,200000
Skull Island: Season 1,Yes,2023-06-22,500000,3:04,200000
Strawberry Shortcake: Berry in the Big City: Season 2,No,,500000,3:01,200000
Stromberg: Staffel 1,No,,500000,3:16,200000
Superbro: Season 1,No,,500000,2:14,200000
"Superthings Rivals of Kaboom, Kazoom Power: Season 1",No,,500000,3:03,200000
The Blood Pact: Season 4 // Klem: Seizoen 4,No,,500000,2:04,200000
The Chair: Season 1,Yes,2021-08-20,500000,2:58,200000
The Full-Time Wife Escapist: Season 2 // 逃げるは恥だが役に立つ: ガンバレ人類! 新春スペシャル!!,No,,500000,2:02,200000
The Liberator: Season 1,Yes,2020-11-11,500000,3:17,200000
The Mabaso’s Family Reunion: Season 1,No,,500000,2:54,200000
The Mine Inferno: Season 1 // Dukla 61: 1. řada,No,,500000,2:34,200000
The Outreau Case: A French Nightmare: Limited Series // Outreau : Un cauchemar français: Mini-série,Yes,2024-03-15,500000,3:03,200000
The Secret (2016): Season 1,No,,500000,3:00,200000
Tokyo Poverty Women: Season 1 // 東京貧困女子。-貧困なんて他人事だと思ってた-: シーズン1,No,,500000,2:39,200000
Who Killed Jill Dando?: Limited Series,Yes,2023-09-26,500000,2:19,200000
YooHoo to the Rescue: Season 3,Yes,2020-03-25,500000,2:48,200000
2026 World Baseball Classic: Czechia vs. Australia // 2026 ワールドベースボールクラシック: チェコ 対 オーストラリア,No,2026-03-05,400000,2:20*,200000
B: The Beginning: Season 2 Succession,Yes,2021-03-18,400000,2:23,200000
Backlash 2025,No,2025-05-10,400000,2:33,200000
Bebefinn: Season 4 Part 2,Yes,,400000,1:40,200000
BoBoiBoy Galaxy: Windara: Season 1,No,,400000,2:16,200000
Charlie's Colorforms City: Miss Weather and Friends,Yes,2022-06-13,400000,1:54,200000
Conviction: Murder at the Station: Season 1,No,,400000,1:57,200000
Crashing: Season 1,No,2016-08-31,400000,2:24,200000
Criminal: Spain: Limited Series // Criminal: España: Miniserie,Yes,2019-09-20,400000,2:00,200000
Daniel Sloss: Live Shows: Season 1,No,2018-09-11,400000,2:00,200000
Diamond Truth -World Baseball Classic-: Season 1 // DIAMOND TRUTH ワールドベースボールクラシックの真実: シーズン1,No,,400000,1:55,200000
Dirty Pop: The Boy Band Scam: Limited Series,Yes,2024-07-24,400000,2:09,200000
Feel Good: Season 1 (Channel 4),Yes,2020-03-19,400000,2:26,200000
Garnachas: Glorious Street Food!: Limited Series // Santas garnachas: Miniserie,Yes,2025-04-02,400000,2:09,200000
GHOUL: Season 1,Yes,2018-08-24,400000,2:19,200000
Haunted: Season 1,No,2018-10-19,400000,2:27,200000
Haunted: Season 2,No,2019-10-11,400000,2:35,200000
How do you like Wednesday?: Down the Yukon: Canoe Trip from Hell (2001) // 水曜どうでしょう: ユーコン川160キロ～地獄の6日間～　プレミア版 (2001),No,,400000,2:39,200000
How do you like Wednesday?: A Trip to Costa Rica To Photograph the Mythical Bird! (2001) // 水曜どうでしょう: 中米・コスタリカで幻の鳥を激写する! プレミア版 (2001),No,,400000,2:19,200000
How to Ruin Christmas: The Baby Shower,Yes,2022-12-09,400000,2:27,200000
HUNT - Tax Investigation Officer: Special Drama // ナサケの女 ～国税局査察官～: ナサケの女Special ～国税局査察官～,No,,400000,1:47,200000
Indian Predator: The Butcher of Delhi: Limited Series // इंडियन प्रीडेटर: दिल्ली का कसाई: लिमिटेड सीरीज़,Yes,2022-07-20,400000,2:07,200000
It's Always Sunny in Philadelphia: Season 1,No,,400000,2:33,200000
Jack Whitehall: Travels with My Father: Season 5,Yes,2021-09-14,400000,2:31,200000
Kaguya-sama: Love Is War - The First Kiss That Never Ends // かぐや様は告らせたい～天才たちの恋愛頭脳戦～: かぐや様は告らせたい-ファーストキッスは終わらない-,No,,400000,1:42,200000
Magic for Humans: Season 1,No,2018-08-17,400000,2:21,200000
Magic for Humans: Season 2,No,2019-12-04,400000,2:17,200000
MeatEater: Season 10 Part 1,Yes,2021-09-29,400000,2:25,200000
Midsummer Night: Limited Series // Midtsommernatt: Miniserie,Yes,2024-04-11,400000,2:33,200000
Mighty Express: Season 5,Yes,2021-10-12,400000,1:42,200000
Mighty Express: Season 6,Yes,2022-03-29,400000,1:42,200000
Portlandia: Season 1,No,,400000,2:13,200000
"Raw: December 8, 2025",No,2025-12-08,400000,1:42,200000
Rhyme Time Town Singalongs: Season 1,Yes,2020-12-22,400000,2:06,200000
Ridley Jones: Season 3,Yes,2022-02-15,400000,1:52,200000
Ridley Jones: Season 4,Yes,2022-08-22,400000,2:19,200000
Shimajiro: A Wonderful Adventure: Season 1 // しまじろうのわお! 2013,No,,400000,*,200000
StarBeam: Season 3,No,2021-03-09,400000,2:21,200000
Takopi's Original Sin: Season 1 // タコピーの原罪: シーズン1,No,,400000,2:37,200000
The Fall: Skydive Murder Plot: Season 1,No,,400000,2:19,200000
The Great British Baking Show: Holidays: Season 1,No,2018-11-30,400000,1:51,200000
The Hook Up Plan: Season 2 // Plan Cœur: Saison 2,Yes,2019-10-11,400000,2:32,200000
The Korean Chef: 2026 // 더 코리안 셰프: 2026,No,,400000,2:06,200000
The Principles of Pleasure: Limited Series,Yes,2022-03-22,400000,2:33,200000
"The Wiggles: Ready, Steady, Wiggle: Season 4",No,,400000,2:24,200000
Tiger King: The Doc Antle Story,Yes,2021-12-10,400000,2:09,200000
Vampire in the Garden: Season 1 // ヴァンパイア・イン・ザ・ガーデン: シーズン1,Yes,2022-05-16,400000,2:12,200000
WWE NXT: Vengeance Day 2026,No,2026-03-07,400000,2:01*,200000
7 Secretaries: Special Drama // 七人の秘書: スペシャル,No,,300000,1:31,200000
A Mother's Son: Season 1,No,,300000,1:32,200000
Angry Birds: Summer Madness: Season 3,Yes,2022-08-25,300000,1:40,200000
Bill Burr: I'm Sorry You Feel That Way,No,2014-12-05,300000,1:21,200000
Bill Burr: Live at Red Rocks,No,2022-07-12,300000,1:22,200000
BONDING: Season 1,Yes,2019-04-24,300000,1:50,200000
Buddi: Season 1,No,2020-03-20,300000,1:39,200000
"Captivated, by You: Season 1 // 夢中さ、きみに。: シーズン1",No,,300000,1:59,200000
Chris Tucker Live,No,2015-07-10,300000,1:32,200000
Conan O'Brien: The Kennedy Center Mark Twain Prize for American Humor,No,2025-05-04,300000,1:27,200000
Criminal: France: Limited Series,Yes,2019-09-20,300000,2:00,200000
Dealer: Season 1 // Caïd: Saison 1,Yes,2021-03-10,300000,1:46,200000
Detective Conan: The Culprit Hanzawa: Season 1 // 名探偵コナン　犯人の犯沢さん: シーズン１,Yes,2022-10-03,300000,1:54,200000
Detective Conan: Zero’s Tea Time: Season 1 // 名探偵コナン ゼロの日常: シーズン1,Yes,2022-04-04,300000,1:24,200000
Emergency Interrogation Room Special // 緊急取調室: ドラマスペシャル 緊急取調室,No,,300000,1:48,200000
Emergency Interrogation Room: Drama Special 2022 // 緊急取調室: ドラマSP 緊急取調室　特別招集2022～8億円のお年玉,No,,300000,1:44,200000
How do you like Wednesday?: 88 Temple Circuit in Shikoku Ⅱ (2000) // 水曜どうでしょう: 四国八十八カ所 Ⅱ プレミア版 (2000),No,,300000,1:33,200000
In Love Forever: Season 1 // วาดฝันวันวิวาห์: ซีซั่น 1,No,,300000,1:36,200000
Jackass: Number Two: Unrated Version,No,,300000,1:34,200000
Jo Koy: Live from the Los Angeles Forum,No,2022-09-13,300000,1:14,200000
Kabaneri of the Iron Fortress: The Battle of Unato: Season 1 // 甲鉄城のカバネリ 海門決戦: Limited Series,Yes,2019-05-09,300000,1:23,200000
Karma's World: Season 2,Yes,2022-03-10,300000,1:45,200000
Kevin Hart: The Kennedy Center Mark Twain Prize for American Humor,No,2024-05-11,300000,1:19,200000
Mike Birbiglia: The Good Life,No,2025-05-26,300000,1:18,200000
"Money, Explained: Limited Series",Yes,2021-05-11,300000,1:54,200000
One Piece Episode of Skypiea // ONE PIECE エピソードオブ空島,No,,300000,1:45,200000
Paquita Salas: Season 1,Yes,2017-10-03,300000,1:58,200000
ProkuraTOUR'a Rafał Pacześ,No,,300000,1:54,200000
"Raw: November 10, 2025",No,2025-11-10,300000,1:44,200000
"Raw: November 17, 2025",No,2025-11-17,300000,1:48,200000
"Raw: November 24, 2025",No,2025-11-24,300000,1:47,200000
"Raw: December 1, 2025",No,2025-12-01,300000,1:44,200000
Slam Dunk: Season 6,No,,300000,1:31,200000
Slam Dunk: Season 8,No,,300000,1:53,200000
Spec～birth: Season 2 // SPEC～警視庁公安部公安第五課 未詳事件特別対策係事件簿～: シーズン2,No,,300000,1:31,200000
Spec～birth: Season 3 // SPEC～警視庁公安部公安第五課 未詳事件特別対策係事件簿～: シーズン3,No,,300000,1:36,200000
StarBeam: Season 2,No,2020-09-08,300000,1:47,200000
The Great British Baking Show: Holidays: Season 2,No,2019-11-08,300000,1:50,200000
The Great British Baking Show: Holidays: Season 3,No,2020-12-04,300000,1:51,200000
The Great British Baking Show: Holidays: Season 4,No,2021-12-03,300000,1:55,200000
The Greatest Rivalry: India vs Pakistan: Season 1,Yes,2025-02-07,300000,1:51,200000
"The Mind, Explained: Season 1",Yes,2019-09-12,300000,1:42,200000
True and the Rainbow Kingdom: The Rainbow Kingdom Part B,No,2017-10-27,300000,1:58,200000
Weird Veterinarian at Weird Zoo: 2026 // 이상한 동물원: 2026,No,,300000,1:20,200000
"WWE NXT: January 6, 2026",No,2026-01-06,300000,1:20*,200000
"WWE NXT: January 13, 2026",No,2026-01-13,300000,1:20*,200000
"WWE NXT: January 20, 2026",No,2026-01-20,300000,1:22*,200000
"WWE NXT: January 27, 2026",No,2026-01-27,300000,1:20*,200000
"WWE NXT: February 3, 2026",No,2026-02-03,300000,1:20*,200000
"WWE NXT: February 10, 2026",No,2026-02-10,300000,1:20*,200000
"WWE NXT: February 17, 2026",No,2026-02-17,300000,1:19*,200000
"WWE NXT: February 24, 2026",No,2026-02-24,300000,1:22*,200000
"WWE NXT: March 3, 2026",No,2026-03-03,300000,1:19*,200000
"WWE NXT: March 10, 2026",No,2026-03-10,300000,1:21*,200000
"WWE NXT: March 17, 2026",No,2026-03-17,300000,1:21*,200000
"WWE NXT: March 24, 2026",No,2026-03-24,300000,1:21*,200000
"WWE NXT: March 31, 2026",No,2026-03-31,300000,1:21*,200000
"WWE NXT: April 7, 2026",No,2026-04-07,300000,1:19*,200000
WWE NXT: NXT Revenge Week 1,No,2026-04-14,300000,1:20*,200000
WWE NXT: NXT Revenge Week 2,No,2026-04-21,300000,1:19*,200000
"WWE NXT: April 28, 2026",No,2026-04-28,300000,1:19*,200000
"WWE NXT: May 5, 2026",No,2026-05-05,300000,1:18*,200000
"WWE SmackDown: December 26, 2025",No,2025-12-26,300000,1:21,200000
Òlòtūré: The Journey: Season 1,Yes,2024-06-28,300000,1:52,200000
Anthony Jeselnik: Fire in the Maternity Ward,No,2019-04-30,200000,1:04,200000
Anthony Jeselnik: Thoughts and Prayers,No,2015-10-16,200000,0:59,200000
Ari Shaffir: America’s Sweetheart,No,2025-01-14,200000,1:16,200000
Bert Kreischer: Hey Big Boy,No,2020-03-17,200000,1:02,200000
Bert Kreischer: Secret Time,No,2018-08-24,200000,0:57,200000
Bert Kreischer: The Machine,No,,200000,1:10,200000
Bill Burr: Walk Your Way Out,No,2017-01-31,200000,1:18,200000
Chad Daniels: Empty Nester,No,2024-07-16,200000,1:02,200000
Chelsea Handler: The Feeling,No,2025-03-25,200000,0:59,200000
Cristela Alonzo: Upper Classy,No,2025-09-23,200000,1:03,200000
Curious Como: Season 1 // 꼬모는 궁금해: 시즌 1,No,,200000,1:00,200000
"Deon Cole: Ok, Mister",No,2024-09-17,200000,1:06,200000
Hasan Minhaj: Off With His Head,No,2024-10-22,200000,1:02,200000
How do you like Wednesday?: Postcard Journey Throughout Japan (1998) // 水曜どうでしょう: 日本全国絵ハガキの旅 プレミア版 (1998),No,,200000,1:10,200000
How do you like Wednesday?: Late-Night Buses Only! A 3-Night Journey (2001) // 水曜どうでしょう: 札幌〜博多 3夜連続深夜バスだけの旅 プレミア版 (2001),No,,200000,1:10,200000
Jamie Foxx: What Had Happened Was...,No,2024-12-10,200000,1:09,200000
Jeff Foxworthy: The Good Old Days,No,2022-03-22,200000,1:00,200000
Jim Gaffigan: Cinco,No,2017-01-10,200000,1:14,200000
Jim Gaffigan: Mr. Universe,No,,200000,1:17,200000
Jim Gaffigan: Obsessed,No,,200000,1:10,200000
Jim Jefferies: High & Dry,No,2023-02-14,200000,1:09,200000
Jo Koy: Live from Seattle,No,2017-03-28,200000,1:03,200000
Joe Rogan: Burn the Boats,No,2024-08-03,200000,1:07,200000
John Mulaney: New in Town,No,,200000,1:00,200000
John Mulaney: The Comeback Kid,No,2015-11-13,200000,1:02,200000
Kevin Hart: Zero F**ks Given,No,2020-11-17,200000,1:10,200000
Making of Lord of the Flies,No,,200000,1:05,200000
Matt McCusker: A Humble Offering,No,2025-10-07,200000,1:01,200000
Mid-Century Modern Fireplace,Yes,2024-12-17,200000,1:00,200000
Mike Epps: Don't Take It Personal,No,2015-12-18,200000,1:00,200000
Mike Epps: Indiana Mike,No,2022-03-29,200000,0:59,200000
Money Heist: The Phenomenon // La casa de papel: El fenómeno,Yes,2020-04-03,200000,0:58,200000
Pop the Balloon LIVE: Pop Off,No,2025-05-15,200000,0:51,200000
Pop the Balloon LIVE: In Our Pop Era,No,2025-05-22,200000,0:50,200000
Pororo Hospital Song: Season 1 // 뽀로로 병원놀이 동요: 시즌1,No,,200000,0:55,200000
Ralph Barbosa: Cowabunga,No,2023-10-31,200000,1:04,200000
Right Time // Tamang Panahon,No,,200000,1:00,200000
Ronny Chieng: Love to Hate It,No,2024-12-17,200000,1:05,200000
Snoop Dogg's F*cn Around Comedy Special,No,2022-06-16,200000,1:07,200000
Spellbound: Fireplace,Yes,2024-12-11,200000,1:00,200000
The Rest is Football: Harry Maguire's FaceTime with Thomas Tuchel and Spain Stunned by Cape Verde,No,2026-06-15,200000,0:49,200000
Theo Von: Regular People,No,2021-10-19,200000,1:01,200000
Tom Papa: What A Day!,No,2022-12-13,200000,1:00,200000
Trevor Noah: Afraid of the Dark,No,2017-02-21,200000,1:07,200000
Trevor Noah: I Wish You Would,No,2022-11-22,200000,1:08,200000
Trevor Noah: Son of Patricia,No,2018-11-20,200000,1:04,200000
Wanda Sykes: I'm an Entertainer,No,2023-05-23,200000,1:01,200000
Wanda Sykes: Not Normal,No,2019-05-21,200000,1:06,200000
What Did You Eat Yesterday?: New Year's Special 2020 // きのう何食べた?: 正月スペシャル2020,No,,200000,1:15,200000
"With Love, Meghan: Holiday Celebration",No,2025-12-03,200000,0:57,200000
"WWE NXT: May 12, 2026",No,2026-05-12,200000,1:19*,200000
"WWE NXT: May 19, 2026",No,2026-05-19,200000,1:18*,200000
"WWE NXT: May 26, 2026",No,2026-05-26,200000,1:20*,200000
"WWE NXT: June 2, 2026",No,2026-06-02,200000,1:20*,200000
"WWE NXT: June 9, 2026",No,2026-06-09,200000,1:21*,200000
A Farewell to Ozark,Yes,2022-04-29,100000,0:30,200000
Baby Shark Tell Me How You Feel: Season 1 // 아기상어 오늘 기분이 어때?: 시즌 1,No,,100000,0:33,200000
Bita e a Natureza,No,,100000,0:34,200000
Bita e o Nosso Mundo 2,No,,100000,0:31,200000
Chappelle's Home Team - Earthquake: Legendary,No,2022-02-28,100000,0:36,200000
Chappelle's Home Team - Luenell: Town Business,No,2023-09-26,100000,0:33,200000
Cobra Kai: Inside the Dojo: Season 1,No,2024-07-18,100000,0:36,200000
Creating a Universe - The Making of Rebel Moon,Yes,2024-04-19,100000,0:28,200000
Dino Skeletons Came Alive: Season 1 // 공룡 뼈가 살아났다!: 시즌1,No,,100000,0:35,200000
Elite Short Stories: Guzmán Caye Rebe: Season 1 // Élite historias breves: Guzmán Caye Rebe: Temporada 1,Yes,2021-06-14,100000,0:38,200000
Elite Short Stories: Nadia Guzmán: Season 1 // Élite historias breves: Nadia Guzmán: Temporada 1,Yes,2021-06-15,100000,0:36,200000
F1 Canadian Grand Prix: Sprint,No,2026-05-23,100000,*,200000
Foomuk: Season 2 // 푸먹: 시즌2,No,,100000,0:37,200000
Guillermo del Toro's Pinocchio: Handcarved Cinema,Yes,2022-12-09,100000,0:37,200000
Picture Book Animation Series: Series for babies // えほんアニメシリーズ: あかちゃんシリーズ,No,,100000,0:31,200000
Picture Book Animation Series: Series for laughs // えほんアニメシリーズ: お笑いシリーズ,No,,100000,0:38,200000
Prince of Peoria: A Christmas Moose Miracle,Yes,2018-12-17,100000,0:29,200000
Puteri: Season 1,No,,100000,0:37,200000
Society of the Snow: Who Were We on the Mountain? // La sociedad de la nieve: ¿Quiénes fuimos en la montaña?,Yes,2024-01-24,100000,0:36,200000
Squid Game: Making Season 2 // 오징어 게임: 시즌2 제작 이야기,Yes,2025-01-03,100000,0:28,200000
Super Monsters and the Wish Star,Yes,2018-12-07,100000,0:28,200000
The House of Flowers Presents: The Funeral // La casa de las flores presenta: El funeral,Yes,2019-11-01,100000,0:36,200000
The Rest is Football: Scotland's Crucial Win and Niall Horan's Rondo With Neymar,No,2026-06-13,100000,0:39,200000
The Rest is Football: England Top the Group Thanks to Their 'Mentality Monster',No,2026-06-27,100000,0:44*,200000
Toritori's Picture Diary Music: Season 1 // 똘똘이 그림일기 동요: 시즌 1,No,,100000,0:34,200000
As Aventuras de Poliana: Season 1,No,,38800000,397:33,100000
Cúmplices de um Resgate: Season 1,No,,31700000,219:12,100000
"Newly Rich, Newly Poor: Season 1 // Nuevo rico, nuevo pobre: Temporada 1",No,,17000000,115:18,100000
O Rico e Lazaro: Series 1 // O Rico e Lázaro: Series 1,No,,15700000,139:05,100000
Pedro el escamoso: Season 1,No,,15300000,230:05,100000
Rebelde Way (2002): Temporada 2,No,,12900000,137:55,100000
Kally's Mashup: Season 1,No,,8000000,55:42,100000
Señora Acero: Season 5,No,,7700000,54:26,100000
Crayon Shin-chan: Season 1 // クレヨンしんちゃん: シーズン1,No,,7100000,*,100000
"My Little Old Boy: 2026 // 미운 우리 새끼, 다시 쓰는 육아일기",No,,5900000,46:43,100000
"The Unbroken Voice: Season 2 // Canto para no llorar, Arelys Henao: Temporada 2",Yes,2024-05-03,5800000,49:03,100000
Undercover Law: Season 1 // La ley secreta: Temporada 1,No,2018-08-31,5500000,46:26,100000
The Princess Weiyoung: Season 1 // 錦繡未央: 第 1 季 // 锦绣未央: 第 1 季,No,,5300000,40:37,100000
The Time of Dog and Wolf: Season 2 // 개와 늑대의 시간: 시즌2,No,,5300000,38:26,100000
DRAGON QUEST The Adventure of Dai: Season 1 // ドラゴンクエスト ダイの大冒険: 第1部,No,,5100000,40:11,100000
Eternal Love: Season 1 // 三生三世十里桃花: 第 1 季,Yes,,5000000,43:51,100000
Hit and Miss Tour: Season 4 // 니돈내산 독박투어: 시즌 4,No,,4900000,68:36,100000
Blood Ties: Season 1 // Las Villamizar: Temporada 1,No,,4700000,57:52,100000
Legend of Zang Hai: Season 1 // 藏海传: 第 1 季,No,,4500000,30:14,100000
Lost You Forever // 長相思 // 长相思,No,,4300000,47:43,100000
Tails of Tales: 2025 // 꼬리에 꼬리를 무는 그날 이야기: 2025,No,,4300000,61:53,100000
The Untamed: Season 1 // 陳情令: 第 1 季 // 陈情令: 第 1 季,No,,4000000,36:53,100000
Kral Kaybederse: Season 1,No,,3900000,61:06,100000
Love and Crown: Season 1 // 鳳凰臺上: 第 1 季 // 凤凰台上: 第 1 季,No,,3900000,26:47,100000
Married at First Sight: Season 17,No,,3900000,33:29,100000
Pokémon Journeys: The Series // ポケットモンスター,No,,3900000,*,100000
Brave Detectives: Season 4: 2025 // 용감한 형사들: 시즌4: 2025,No,,3800000,52:44,100000
Kally's Mashup: Season 2,No,,3800000,33:10,100000
The Longest Promise // 玉骨遙 // 玉骨遥,No,,3800000,32:53,100000
Blossoms in Adversity: Season 1 // 惜花芷: 第 1 季,No,,3700000,30:25,100000
Brave Detectives: Season 3 // 용감한 형사들: 시즌 3,No,,3700000,70:12,100000
Misaeng: Incomplete Life: Limited Series // 미생: 리미티드 시리즈,Yes,,3700000,24:42,100000
Six Flying Dragons: Season 1 // 육룡이 나르샤: 시즌 1,No,,3700000,48:41,100000
The Good Bandit: Season 1 // Un bandido honrado: Temporada 1,No,2019-08-30,3700000,46:21,100000
Go Ahead // 以家人之名,No,,3600000,29:25,100000
Hanadai Chidori: Season 3 // 火曜は全力! 華大さんと千鳥くん: シーズン3,No,,3600000,28:25,100000
Incognito (2025): Season 1,No,,3600000,45:08,100000
100 días para enamorarnos: Season 2,No,,3400000,25:35,100000
Can't Buy Me Love (2023): Season 1,No,,3400000,55:04,100000
Bolívar: Season 1,Yes,2019-06-21,3300000,52:07,100000
Love and Hatred: Season 1 // 牡丹と薔薇: シーズン1,No,,3300000,22:06,100000
The Queen and the Conqueror: Season 1 // La reina de Indias y el conquistador: Temporada 1,No,2020-05-20,3300000,45:33,100000
Iron Family: Limited Series // 다리미 패밀리: Limited Series,No,,3200000,38:51,100000
Love Destiny: Season 2 // บุพเพสันนิวาส: ซีซั่น 2: พรหมลิขิต,No,,3200000,30:50,100000
My Golden Life: Limited Series // 황금빛 내 인생: 리미티드 시리즈,No,,3200000,58:50,100000
To the Moon and Back: Season 1 // มาตาลดา: ซีซั่น 1,No,,3200000,24:40,100000
Don't Dare to Dream: Limited Series // 질투의 화신,No,,3100000,23:38,100000
Maria Clara and Ibarra: Season 1 // Maria Clara at Ibarra: Season 1,No,,3100000,43:53,100000
Space Brothers: Season 1 // 宇宙兄弟: シーズン1,No,,3100000,38:53,100000
The Princess’s Gambit: Season 1 // 桃花映江山: 第 1 季,No,,3100000,25:24,100000
Welcome to Waikiki // 으라차차 와이키키,No,,3100000,22:33,100000
2 Good 2 Be True,No,,3000000,59:41,100000
Gin Tama: Season 2 // 銀魂: 第1期 2年目,No,,3000000,20:33,100000
Mighty Morphin Power Rangers: Season 1,No,,3000000,20:07,100000
Angel Eyes: Season 1 // 엔젤아이즈: Limited Series,No,,2900000,21:30,100000
Arthdal Chronicles: Season 1 // 아스달 연대기: 시즌 1,Yes,2019-06-01,2900000,23:49,100000
Judge Dee's Mystery: Season 1 // 大唐狄公案: 第1季,No,,2900000,22:47,100000
Rebirth: Season 1 // 冰湖重生: 第 1 季,No,,2900000,27:41,100000
The Moon Embracing the Sun: Season 1 // 해를 품은 달: 시즌 1,No,,2900000,21:38,100000
Wildflower: Season 1,No,,2900000,53:20,100000
You Are My Secret: Season 1 // 私藏浪漫: 第 1 季,No,,2900000,24:43,100000
"Hyde, Jekyll, Me: Limited Series // 하이드 지킬 나: 리미티드 시리즈",No,,2800000,19:37,100000
The Rise of Ning: Season 1 // 錦繡安寧: 第一季 // 锦绣安宁: 第一季,No,,2800000,30:42,100000
Detective Conan: Season 9 // 名探偵コナン: シーズン9,No,,2700000,18:41,100000
El príncipe: Season 2,No,,2700000,22:47,100000
Good Heavens! I’m a Goose Not a Swan: Season 1 // คุณพี่เจ้าขา... ดิฉันเป็นห่านมิใช่หงส์: ซีซั่น 1,No,,2700000,23:27,100000
My Golden Kids: 2026 // 금쪽같은 내새끼: 2026,No,,2700000,28:11,100000
Now and Forever: Season 1 // Ngayon at Kailanman: Season 1,No,,2700000,45:35,100000
Sniper Butterfly: Season 1 // 狙擊蝴蝶: 第 1 季 // 狙击蝴蝶: 第 1 季,No,,2700000,22:20,100000
Touch: Season 1 // タッチ: シーズン1,No,,2700000,43:11,100000
You Are My Spring: Season 1 // 너는 나의 봄: 시즌 1,Yes,2021-07-05,2700000,18:10,100000
Detective Conan: Season 7 // 名探偵コナン: シーズン7,No,,2600000,*,100000
Detective Conan: Season 8 // 名探偵コナン: シーズン8,No,,2600000,18:02,100000
InuYasha: Season 2 // 犬夜叉: 第2期,No,,2600000,17:36,100000
Love in Contract // 월수금화목토,No,,2600000,17:51,100000
One Piece: Wano Country (Ep.892 - Ep.1000) // ワンピース: ワノ国編 (892話～1000話),No,,2600000,42:54,100000
One Piece: Wano Country (Ep.1001 - ) // ワンピース: ワノ国編 (1001話～1088話),No,,2600000,34:33,100000
Reis: Series 10,No,,2600000,18:23,100000
The Seven Relics of Ill Omen: Season 1 // 七根心簡: 第 1 季 // 七根心简: 第 1 季,No,,2600000,23:36,100000
NCIS: Season 1,No,,2500000,16:48,100000
Till The End of The Moon // 長月燼明 // 长月烬明,No,,2500000,36:31,100000
Yong Pal: Limited Series // 용팔이: 리미티드 시리즈,No,,2500000,17:34,100000
Deep Affection Eyes: Season 1 // 深情眼: 第 1 季,No,,2400000,19:30,100000
Detective Conan: TV Special Selection: Sera Selection // 名探偵コナン TV特別セレクション: 疾風の拳撃! 世良真純・赤井一家セレクション,No,,2400000,23:28,100000
El príncipe: Season 1,No,,2400000,16:21,100000
Kingdom: Series 2 // キングダム: 第2シリーズ,No,,2400000,16:16,100000
AHIRU NO SORA: Season 1 // あひるの空: シーズン1,No,,2300000,19:40,100000
I Am Nobody: Season 1 // 異人之下: 第1季 // 异人之下: 第1季,No,,2300000,18:23,100000
I Cesaroni: Season 1,No,,2300000,22:46,100000
InuYasha: Season 3 // 犬夜叉: 第3期,No,,2300000,16:22,100000
Kingdom: Series 1 // キングダム: 第1シリーズ,No,,2300000,16:12,100000
Love's Ambition: Season 1 // 許我耀眼: 第 1 季 // 许我耀眼: 第 1 季,No,,2300000,25:38,100000
Mampuku: Season 1 // 連続テレビ小説 まんぷく: シーズン1,Yes,,2300000,38:05,100000
Memories of the Alhambra: Season 1 // 알함브라 궁전의 추억: 시즌 1,Yes,2018-12-01,2300000,17:16,100000
Murder by Medic: Season 1,No,,2300000,18:54,100000
The Great White Tower: シーズン1 // 白い巨塔: シーズン1,No,,2300000,17:19,100000
The Red Sleeve: Season 1 // 옷소매 붉은 끝동: 시즌1,No,,2300000,21:10,100000
Valle Salvaje: Season 4,No,,2300000,16:08,100000
A Better Life: Season 1 // 蠻好的人生: 第 1 季 // 蛮好的人生: 第 1 季,No,,2200000,27:16,100000
C.I.D (2025): Episodes (76-104),No,,2200000,21:55,100000
Detective Conan: Season 10 // 名探偵コナン: シーズン10,No,,2200000,16:32,100000
Dragon Ball Z Kai: Season 1 // ドラゴンボール改: シーズン1,No,,2200000,38:19,100000
Fairy Tail: Season 3,No,,2200000,21:13,100000
I Know Who You Are: Season 1 // Sé quién eres,No,,2200000,20:19,100000
Judge vs. Judge: Limited Series // 이판사판: 리미티드 시리즈,No,,2200000,*,100000
Live from the Other Side with Tyler Henry: Season 1,No,2024-09-17,2200000,18:17,100000
Missing: The Other Side 2 // 미씽: 그들이 있었다 2,Yes,,2200000,15:03,100000
NCIS: Season 3,No,,2200000,17:37,100000
NCIS: Season 4,No,,2200000,17:33,100000
Supernatural (2005): Season 11,No,,2200000,15:41,100000
You're my destiny: 2026 // 동상이몽2 너는 내 운명,No,,2200000,35:41,100000
Animal Farm: 2026 // TV 동물농장,No,,2100000,26:45,100000
Boss & Me: Season 1 // 杉杉來了: 第 1 季 // 杉杉来了: 第一季,No,,2100000,24:43,100000
"Brave Detectives: The Chat: Season 2 // 형, 수다: 시즌 2",No,,2100000,16:52,100000
Doctor Prisoner: Limited Series // 닥터 프리즈너: 리미티드 시리즈,No,,2100000,16:11,100000
Gin Tama: Season 3 // 銀魂: 第1期 3年目,No,,2100000,*,100000
In Blossom // 花間令 // 花间令,No,,2100000,24:58,100000
Lady Liberty: Season 1 // 愛情沒有神話: 第 1 季 // 爱情没有神话: 第 1 季,No,,2100000,28:02,100000
Let's Begin Again: Season 1 // รักได้หรือ young: ซีซั่น 1,No,,2100000,18:28,100000
Mutiara Dalam Debuan Kabus: Season 1,No,,2100000,18:41,100000
My Sassy Girl: Limited Series // 엽기적인 그녀: 리미티드 시리즈,No,,2100000,15:54,100000
NCIS: Season 2,No,,2100000,16:46,100000
Rain or Shine: Limited Series // 그냥 사랑하는 사이: 리미티드 시리즈,Yes,,2100000,*,100000
Sell Your Haunted House: Limited Series // 대박부동산: 리미티드 시리즈,No,,2100000,16:29,100000
Be Melodramatic: Limited Series // 멜로가 체질: 리미티드 시리즈,No,,2000000,17:18,100000
Good Doctor: Limited Series // 굿 닥터: 리미티드 시리즈,No,,2000000,21:23,100000
GTO: Great Teacher Onizuka (1999): Season 1 // GTO: シーズン1,No,,2000000,17:49,100000
"Hello, Me!: Season 1 // 안녕? 나야!: 시즌 1",Yes,2021-02-17,2000000,16:28,100000
Hyena: Season 1 // 하이에나: 시즌 1,Yes,2020-02-21,2000000,16:21,100000
La Usurpadora (2019): Season 1,No,,2000000,19:01,100000
Moment of Eighteen: Limited Series // 열여덟의 순간: 리미티드 시리즈,No,,2000000,17:19,100000
Presumed Guilty: Season 1 // Presunto Culpable: Temporada 1,No,,2000000,15:00,100000
Private Lives: Season 1 // 사생활: 시즌 1,Yes,2020-10-07,2000000,17:51,100000
Supernatural (2005): Season 12,No,,2000000,16:06,100000
The Gift: Season 1 // ลางปริศนา: ซีซั่น 1,No,,2000000,23:17,100000
Touched by an Angel: Season 2,No,,2000000,17:13,100000
Touched by an Angel: Season 3,No,,2000000,22:16,100000
달의 연인 - 보보경심 려: Season 1,No,,2000000,20:10,100000
Antiques Roadshow (1997): Season 28,No,,1900000,22:25,100000
Ask Us Anything Fortune Teller: 2026 // 무엇이든 물어보살: 2026,No,,1900000,26:31,100000
"Designated Survivor: 60 Days: Season 1 // 60일, 지정생존자: 시즌 1",Yes,2019-07-01,1900000,19:41,100000
Dragon Ball Z: Season 6 // ドラゴンボールZ: セル編 (#148-194),No,,1900000,19:10,100000
Gin Tama: Season 5 // 銀魂: 第2期,No,,1900000,20:20,100000
I Cesaroni: Season 2,No,,1900000,23:44,100000
Moonlight Mystique: Season 1 // 白月梵星: 第 1 季,No,,1900000,30:42,100000
My Sassy Wedding: Season 1 // เจ้าคุณพี่กับอีนางคำดวง: ซีซั่น 1,No,,1900000,19:43,100000
Reis: Series 11,No,,1900000,14:13,100000
Supernatural (2005): Season 13,No,,1900000,16:08,100000
Wicked Temptation: Season 1 // พยัคฆ์ร้ายซ่อนลาย: ซีซั่น 1,No,,1900000,18:23,100000
Are You Human: Limited Series // 너도 인간이니: 리미티드 시리즈,No,,1800000,18:15,100000
Detective Conan: Season 23 // 名探偵コナン: シーズン23,No,,1800000,15:57,100000
Family by Choice: Limited Series // 조립식 가족: Limited Series,No,,1800000,16:42,100000
Gin Tama: Season 4 // 銀魂: 第1期 4年目,No,,1800000,20:40,100000
Gin Tama: Season 7 // 銀魂: 第3期,No,,1800000,20:33,100000
Good Partner // 굿파트너,No,,1800000,16:59,100000
Hubert und Staller: Season 1 // Hubert & Staller: Staffel 1,No,,1800000,12:51,100000
I Cesaroni: Season 3,No,,1800000,27:38,100000
InuYasha: Season 4 // 犬夜叉: 第4期,No,,1800000,16:07,100000
Lighter & Princess: Lighter and Princess // 點燃我，溫暖你 // 点燃我，温暖你,No,,1800000,28:56,100000
NCIS: Season 5,No,,1800000,13:56,100000
Never-Ending Summer: Season 1 // 熾夏: 第 1 季 // 炽夏: 第 1 季,No,,1800000,17:57,100000
Nice Guy: Limited Series // 착한남자: 리미티드 시리즈,No,,1800000,21:18,100000
Nothing Uncovered: Season 1 // 멱살 한번 잡힙시다: 시즌 1,No,,1800000,16:58,100000
Pesadilla en la Cocina: Season 9,No,,1800000,12:29,100000
Reflection of You: Limited Series // 너를 닮은 사람: 리미티드 시리즈,Yes,2021-10-13,1800000,19:02,100000
Shameless: Series 8,No,,1800000,17:45,100000
Supergirl: Season 6,No,,1800000,14:05,100000
The King's Avatar: Season 1 // 全職高手: 第 1 季 // 全职高手: 第 1 季,Yes,,1800000,27:38,100000
W – Two Worlds Apart: Season 1 // 더블 유: 시즌 1,No,,1800000,16:08,100000
"Was It Love?: Season 1 // 우리, 사랑했을까: 시즌 1",Yes,2020-07-08,1800000,17:41,100000
Brain Works // 두뇌공조,No,,1700000,16:57,100000
Charmed (2018): Season 2,No,,1700000,13:16,100000
Dali & Cocky Prince: Limited Series // 달리와 감자탕: 리미티드 시리즈,No,,1700000,17:00,100000
Detective Conan: Season 24 // 名探偵コナン: シーズン24,No,,1700000,15:54,100000
Detective Conan: Season 26 // 名探偵コナン: シーズン26,No,,1700000,15:33,100000
Dragon Ball Z: Season 1 // ドラゴンボールZ: サイヤ人編 (#1-35),No,,1700000,14:16,100000
Dragon Ball Z Kai: Season 2 // ドラゴンボール改: シーズン2,No,,1700000,26:41,100000
Golden SixTONES: Season 2,No,,1700000,*,100000
Pokémon Journeys: The Series: Season 2 // ポケットモンスター: ポケットモンスタ― めざせポケモンマスター,No,,1700000,*,100000
Shameless: Series 5,No,,1700000,12:38,100000
The Club: Season 1 // El club: Temporada 1,Yes,2019-11-15,1700000,13:57,100000
C.I.D (2025): Episodes (1-25),No,,1600000,19:36,100000
Derailment: Season 1 // 脫軌: 第1季 // 脱轨: 第1季,No,,1600000,21:58,100000
Detective Conan: Season 27 // 名探偵コナン: シーズン27,No,,1600000,12:45,100000
Gogglebox: Season 19,No,,1600000,12:24,100000
Green Mothers' Club: Season 1 // 그린마더스클럽: 시즌 1,Yes,2022-04-06,1600000,18:26,100000
Hi! Come in: Season 6 // 嗨! 營業中: 第 6 季,No,,1600000,26:55,100000
Hubert und Staller: Season 2 // Hubert & Staller: Staffel 2,No,,1600000,12:53,100000
Like Flowers in Sand: Limited Series // 모래에도 꽃이 핀다: 리미티드 시리즈,Yes,2023-12-20,1600000,12:43,100000
Nineteen to Twenty: Limited Series // 19/20: 리미티드 시리즈,No,2023-07-11,1600000,14:28,100000
Pokémon Master Journeys: The Series: Season 1,No,,1600000,15:31,100000
Second Chance Romance: Season 1 // 亦舞之城: 第 1 季,No,,1600000,21:07,100000
Shameless: Series 6,No,,1600000,12:49,100000
The Great Indian Kapil Show: Season 1 // द ग्रेट इंडियन कपिल शो: सीज़न 1,No,2024-03-30,1600000,11:59,100000
The Protected: Season 1 // Los Protegidos: Temporada 1,No,,1600000,16:04,100000
Touched by an Angel: Season 4,No,,1600000,21:35,100000
Unauthorized Living: Season 2 // Vivir sin permiso: Temporada 2,No,2020-01-31,1600000,12:28,100000
Why Her: Season 1 // 왜 오수재인가: 시즌 1,No,,1600000,*,100000
A Gentleman's Dignity: Season 1 // 신사의 품격: 시즌 1,No,,1500000,22:00,100000
Defendant: Limited Series // 피고인: 리미티드 시리즈,No,,1500000,*,100000
Don’t Call Me Ma’am: Season 1 // 다음생은 없으니까: 시즌 1,No,,1500000,13:16,100000
Galileo: Season 2 // ガリレオ: シーズン2,No,,1500000,11:23,100000
GOOD BOY: Season 1 // 굿보이: 시즌 1,No,,1500000,18:00,100000
Hubert und Staller: Season 3 // Hubert & Staller: Staffel 3,No,,1500000,12:56,100000
Hubert und Staller: Season 4 // Hubert & Staller: Staffel 4,No,,1500000,12:49,100000
Hubert und Staller: Season 5 // Hubert & Staller: Staffel 5,No,,1500000,12:45,100000
Insider: Limited Series // 인사이더: 리미티드 시리즈,No,,1500000,16:15,100000
InuYasha: Season 5 // 犬夜叉: 第5期,No,,1500000,11:17,100000
Iris: Season 1 // 아이리스: 시즌 1,No,,1500000,21:06,100000
Love Is Blind: Japan: Season 1 // ラブ・イズ・ブラインド JAPAN: シーズン1,No,2022-02-08,1500000,10:39,100000
Magi: The Labyrinth of Magic // マギ: 第1期,No,,1500000,10:12,100000
Mission: Yozakura Family: Season 1 // 夜桜さんちの大作戦: 第1期,No,,1500000,10:46,100000
My Girlfriend Is a Gumiho: Limited Series // 내 여자친구는 구미호: 리미티드 시리즈,No,,1500000,17:29,100000
My Sunshine: Season 1 // 何以笙簫默: 第 1 季 // 何以笙箫默: 第一季,No,,1500000,24:15,100000
Pokémon the Series: Sun & Moon: Sun & Moon,No,,1500000,*,100000
Possessed: Season 1 // 빙의: 시즌 1,Yes,2019-04-03,1500000,17:08,100000
Supernatural (2005): Season 14,No,,1500000,14:01,100000
Sword of the Demon Hunter: Kijin Gentosho: Season 1 // 鬼人幻燈抄: シーズン 1,No,,1500000,10:05,100000
The Barrier: Season 1 // La valla: Temporada 1,No,2020-09-11,1500000,11:24,100000
The Irregular at Magic High School // 魔法科高校の劣等生,No,,1500000,10:16,100000
The Lies Within: Season 1 // 모두의 거짓말: 시즌 1,Yes,2019-10-12,1500000,16:04,100000
The Sea Beyond: Season 5 // Mare Fuori: Stagione 5,No,,1500000,11:13,100000
The Time of Dog and Wolf: Season 1 // 개와 늑대의 시간: 시즌1,No,,1500000,19:39,100000
Trolley: Limited Series // 트롤리: 리미티드 시리즈,Yes,2022-12-19,1500000,16:03,100000
Voice: Season 1 // สัมผัสเสียงมรณะ: ซีซั่น 1,Yes,,1500000,16:46,100000
Bleach (2004): Arrancar: Fall of the Espada,No,,1400000,20:30,100000
Check in Hanyang: Limited Series // 체크인 한양: Limited Series,No,,1400000,19:34,100000
Crime Scene: Season 3 // 크라임씬: 추리 전쟁의 서막,No,,1400000,19:14,100000
DC's Legends of Tomorrow: Season 6,No,,1400000,10:34,100000
Detective Conan: Season 29 // 名探偵コナン: シーズン29,No,,1400000,15:32,100000
Dragon Ball Z: Season 2 // ドラゴンボールZ: ナメック星編 (#36-74),No,,1400000,15:54,100000
Gin Tama: Season 8 // 銀魂: 第4期,No,,1400000,20:32,100000
Hubert und Staller: Season 6 // Hubert & Staller: Staffel 6,No,,1400000,12:49,100000
Hubert und Staller: Season 7 // Hubert & Staller: Staffel 7,No,,1400000,12:50,100000
Hubert und Staller: Season 12,No,,1400000,9:33,100000
I Cesaroni: Season 4,No,,1400000,26:25,100000
InuYasha: Season 6 // 犬夜叉: 第6期,No,,1400000,11:43,100000
Inuyasha: The Final Act: Season 1 // 犬夜叉 完結編: 完結編,No,,1400000,10:24,100000
La Caza: Monteperdido,No,,1400000,9:42,100000
Mord mit Aussicht: Season 2,No,,1400000,10:32,100000
"Now, We Are Breaking Up: Limited Series // 지금, 헤어지는 중입니다: 시즌 1",No,,1400000,17:03,100000
Pinanong: Season 1 // ปิ่นอนงค์: ซีซั่น 1,No,,1400000,19:17,100000
Shameless: Series 7,No,,1400000,12:45,100000
"She Would Never Know: Limited Series // 선배, 그 립스틱 바르지 마요: 리미티드 시리즈",No,,1400000,*,100000
Supernatural (2005): Season 15,No,,1400000,14:03,100000
Sword Art Online II // ソードアート・オンラインII,No,,1400000,9:31,100000
The Beauty Queen of Jerusalem: Season 2 // מלכת היופי של ירושלים: עונה 2,No,2023-07-14,1400000,11:25,100000
The Legend of the Blue Sea: Season 1 // 푸른 바다의 전설: 시즌 1,No,,1400000,20:00,100000
The Professor: Season 2 // Un professore: Stagione 2,No,,1400000,10:57,100000
Touched by an Angel: Season 5,No,,1400000,20:41,100000
Winx Club: Season 6,No,,1400000,9:48,100000
Word of Honor // 山河令,No,,1400000,26:37,100000
Yowamushi Pedal (2013) // 弱虫ペダル,No,,1400000,15:04,100000
2.5 Dimensional Seduction: Season 1 // 2.5次元の誘惑: シーズン1,No,,1300000,9:37,100000
A Love So Beautiful: Season 1 // 致我們單純的小美好: 第 1 季 // 致我们单纯的小美好: 第 1 季,No,,1300000,17:23,100000
A Polish Family: Season 1 // Rodzinka.pl: Sezon 1,No,,1300000,10:38,100000
Bayside Shakedown: Season 1 // 踊る大捜査線: シーズン1,Yes,,1300000,9:10,100000
Black Lightning: Season 4,No,2021-06-16,1300000,9:05,100000
C.I.D (2025): Episodes (51-75),No,,1300000,18:50,100000
Charmed (2018): Season 3,No,,1300000,12:26,100000
Dating Game: Season 1 // เดทเกมนี้ ต้องได้ใจนาย: ซีซัน 1,No,,1300000,11:57,100000
Detective Conan: Season 28 // 名探偵コナン: シーズン28,No,,1300000,16:20,100000
Dream High: Season 1 // 드림하이: 시즌1,No,,1300000,17:47,100000
Gnosia: Season 1 // グノーシア: シーズン1,No,,1300000,8:47,100000
Hell's Kitchen (2005): Season 22,No,,1300000,11:30,100000
Hormones: Season 1 // Hormones วัยว้าวุ่น: ซีซั่น 1,No,,1300000,10:03,100000
Hubert und Staller: Season 8 // Hubert & Staller: Staffel 8,No,,1300000,12:44,100000
Love After Divorce: Season 4 // 돌싱글즈: 시즌4,No,,1300000,22:25,100000
Lying: Season 1 // ลวง: ซีซั่น 1,No,,1300000,16:48,100000
Mahjong Legend Akagi: The Genius Who Descended Into the Darkness: Season 1 // 闘牌伝説アカギ 闇に舞い降りた天才: シーズン1,No,,1300000,9:41,100000
Mobile Suit Gundam Seed: Season 1 // 機動戦士ガンダムSEED HDリマスター: シーズン1,No,,1300000,19:06,100000
Mord mit Aussicht: Season 1,No,,1300000,10:18,100000
Mord mit Aussicht: Season 3,No,,1300000,10:31,100000
My Love Story!!: Season 1 // 俺物語!!: シーズン1,No,,1300000,9:09,100000
Radiation House: Season 2 // ラジエーションハウス～放射線科の診断レポート～: シーズン2,Yes,,1300000,9:42,100000
The Escape of the Seven: Season 1 // 7인의 탈출: 시즌1,No,,1300000,20:31,100000
The Minimighty Kids: Season 1 // Les Minijusticiers: The Minimighty Kids,No,,1300000,9:33,100000
The Professor: Season 1 // Un professore: Stagione 1,No,,1300000,11:05,100000
The Secret Romantic Guesthouse: Season 1 // 꽃선비 열애사: 시즌 1,No,,1300000,17:54,100000
The Swap: Season 1 // Kukačky: 1. řada,No,,1300000,11:29,100000
The Tale of Nokdu: Limited Series // 조선로코 녹두전: 리미티드 시리즈,No,,1300000,16:56,100000
Totally Spies!: Season 2,No,,1300000,9:37,100000
Touched by an Angel: Season 6,No,,1300000,19:46,100000
Tree With Deep Roots: Season 1 // 뿌리 깊은 나무: 시즌 1,No,,1300000,25:59,100000
Welcome to Waikiki 2 // 으라차차 와이키키2,No,,1300000,17:43,100000
Why Is He Still Single?: Season 1 // 他為什麼依然單身: 第 1 季 // 他为什么依然单身: 第 1 季,No,,1300000,12:06,100000
Beauty Reborn: Season 1 // แผนรักฉบับร้าย: ซีซั่น 1,No,,1200000,12:32,100000
"Beverly Hills, 90210: Season 2",No,,1200000,21:41,100000
Black Sails: Season 3,No,,1200000,9:10,100000
Blood: Limited Series // 블러드: 리미티드 시리즈,No,,1200000,20:30,100000
BoBoiBoy Galaxy: Season 1,No,,1200000,8:40,100000
Brave Detectives: Season 4: 2024 // 용감한 형사들: 시즌4: 2024,No,,1200000,19:01,100000
Busted!: Season 1 // 범인은 바로 너!: 시즌 1,No,2018-05-04,1200000,13:59,100000
Community: Season 1,No,,1200000,8:55,100000
"Crime Patrol: 26 Jurm, 26 Cases: Season 1 // क्राइम पैट्रोल: 26 जुर्म, 26 केस: सीज़न 1",No,,1200000,20:43,100000
Crusade: Season 1 // Krucjata: Season 1,No,,1200000,9:41,100000
Detective Conan: Season 25 // 名探偵コナン: シーズン25,No,,1200000,11:10,100000
Doctor X Surgeon Michiko Daimon 3 // ドクターX ～外科医・大門未知子～ (2014),No,,1200000,9:29,100000
Dragon Ball Z: Season 3 // ドラゴンボールZ: フリーザ編 (#75-107),No,,1200000,13:28,100000
Fairy Tail: Season 2,No,,1200000,9:48,100000
Great British Baking Show: Juniors: Season 6,No,2022-08-17,1200000,11:04,100000
Hormones: Season 2 // Hormones วัยว้าวุ่น: ซีซั่น 2,No,,1200000,14:07,100000
Hubert und Staller: Season 9 // Hubert & Staller: Staffel 9,No,,1200000,12:45,100000
Hubert und Staller: Season 10 // Hubert & Staller: Staffel 10,No,,1200000,12:46,100000
In the Dark (2019): Season 2,No,,1200000,9:06,100000
"It's Okay, That's Love: Season 1 // 괜찮아 사랑이야: 시즌 1",No,,1200000,15:45,100000
La Favorita 1922: Season 2,No,,1200000,9:46,100000
Legal High: Limited Series // 리갈하이: 리미티드 시리즈,No,,1200000,17:22,100000
Maestro in Blue: Season 1 // Maestro: Σεζόν 1,Yes,2022-12-18,1200000,8:37,100000
Miraculous Brothers: Season 1 // 기적의 형제: 시즌 1,No,,1200000,17:22,100000
My Roommate Is a Gumiho: Limited Series // 간 떨어지는 동거: 리미티드 시리즈,No,,1200000,17:13,100000
Once Upon a Time... Life: Season 1 // Il était une fois... la Vie: Saison 1,No,,1200000,10:49,100000
PAW Patrol: Season 9,No,,1200000,10:03,100000
Payback: Money and Power: Season 1 // 법쩐: 시즌 1,No,,1200000,12:30,100000
Police University: Limited Series // 경찰수업: 리미티드 시리즈,No,,1200000,16:51,100000
Queer Eye: Season 6,No,2021-12-31,1200000,8:22,100000
"Roswell, New Mexico: Season 4",No,,1200000,9:10,100000
Screwballs: Season 4 // 도라이버: 더 라이벌,No,,1200000,9:52,100000
Super Wings: Season 8,No,,1200000,8:02,100000
The Immortal Ascension: Season 1 // 凡人修仙傳: 第 1 季 // 凡人修仙传: 第 1 季,No,,1200000,23:33,100000
The Swap: Season 2 // Kukačky: 2. řada,No,,1200000,11:23,100000
The Tom and Jerry Show: Season 1,No,,1200000,9:19,100000
The Ultimatum: Queer Love: Season 1,No,2023-05-24,1200000,9:02,100000
Touched by an Angel: Season 7,No,,1200000,18:52,100000
Uncontrollably Fond: Limited Series // 함부로 애틋하게: 리미티드 시리즈,No,,1200000,19:52,100000
Under Fire: Season 1 // Onder Vuur: Seizoen 1,Yes,2022-08-24,1200000,8:01,100000
Unlock My Boss: Limited Series // 사장님을 잠금해제: 리미티드 시리즈,No,,1200000,12:46,100000
2026 World Baseball Classic: Game Recaps: Season 1 // 2026 ワールドベースボールクラシック: 試合ハイライト: シーズン1,No,,1100000,10:21,100000
American Pickers: Season 16,No,,1100000,11:52,100000
Angelo Rules: Season 1,No,,1100000,9:32,100000
BG Personal Bodyguard: Season 1 // BG～身辺警護人～: シーズン1,No,,1100000,7:52,100000
Black Sails: Season 4,No,,1100000,9:56,100000
Bleach (2004): The Bount,No,,1100000,11:31,100000
C.I.D (2025): Episodes (26-50),No,,1100000,18:55,100000
Crime Scene: Season 2 // 크라임씬: 시즌2,No,,1100000,18:33,100000
Crims (2020): Season 1,No,,1100000,8:43,100000
DC's Legends of Tomorrow: Season 7,No,,1100000,9:06,100000
Detective Conan: TV Special Selection: Police Academy & Metropolitan Police Selection // 名探偵コナン TV特別セレクション: 絆と秩序の捜査録! 警察学校 & 警視庁セレクション,No,,1100000,17:08,100000
Diary of a Prosecutor: Limited Series // 검사내전: 리미티드 시리즈,No,,1100000,17:22,100000
Doctor X Surgeon Michiko Daimon 2 // ドクターX ～外科医・大門未知子～ (2013),No,,1100000,7:42,100000
Dr. Coto's Clinic: Season 1 // Dr.コトー診療所: シーズン1,No,,1100000,9:02,100000
Dragon Ball Z: Season 5 // ドラゴンボールZ: 人造人間編 (#118-147),No,,1100000,12:14,100000
Fairy Tail: 100 Years Quest: Season 1 // FAIRY TAIL 100年クエスト: シーズン1,No,,1100000,9:57,100000
Glitch: Limited Series // 글리치: 리미티드 시리즈,Yes,2022-10-07,1100000,9:04,100000
Hypnotic: Season 1 // จิตสะกดแค้น: ซีซั่น 1,No,,1100000,10:49,100000
I'm the Most Beautiful Count: Season 1 // ฉันนี่แหละท่านขุนที่สวยที่สุด: ซีซั่น 1,No,,1100000,10:05,100000
Layang Layang Perkahwinan: Season 1,No,,1100000,21:09,100000
Living with Dad: Season 1 // Les filles de Dad: Saison 1,No,,1100000,9:20,100000
Love on the Turquoise Land: Season 1 // 梟起青壤: 第 1 季 // 枭起青壤: 第 1 季,No,,1100000,21:54,100000
Magic Knight Rayearth: Season 1 // 魔法騎士レイアース: シーズン1,No,,1100000,8:13,100000
My Only Love Song: Season 1 // 마이 온리 러브송: 시즌 1,Yes,2017-06-08,1100000,9:34,100000
Okupas: Season 1,No,,1100000,7:27,100000
OKURA-Cold Case Investigation: Season 1 // オクラ～迷宮入り事件捜査～: シーズン1,Yes,,1100000,8:28,100000
Pokémon the Series: Sun & Moon: Sun & Moon: Ultra Adventures,No,,1100000,*,100000
Pokémon the Series: Sun & Moon: Sun & Moon: Ultra Legends,No,,1100000,*,100000
Roppongi Class: Season 1 // 六本木クラス: シーズン1,No,,1100000,10:28,100000
Screwballs: Season 3 // 도라이버 : 도라이 해체쇼,No,,1100000,10:44,100000
Shonan Bakusozoku: Season 1 // 湘南爆走族: 第1部,No,,1100000,10:40,100000
Soul Eater: Season 1 // ソウルイーター: シーズン1,No,,1100000,20:04,100000
Stellar Bites: Season 1 // 星廚之戰: 第 1 季 // 星厨之战: 第 1 季,No,,1100000,21:16,100000
Tainted Faith: Season 1 // Aku Bukan Ustazah: Musim 1,No,,1100000,19:34,100000
Taskmaster (2015): Season 16,No,,1100000,7:39,100000
The Black Swindler: Season 1 // クロサギ (2006): シーズン1,No,,1100000,8:32,100000
The Boarding School: Season 7 // El Internado: Temporada 7,No,,1100000,19:24,100000
The Circle: Season 2,No,2021-04-14,1100000,10:59,100000
The Circle: Season 3,No,2021-09-08,1100000,11:50,100000
The Family (2007): Season 1 // 華麗なる一族: シーズン1,No,,1100000,8:36,100000
The Innocence Files: Limited Series,Yes,2020-04-15,1100000,9:33,100000
The Lady in Dignity: Limited Series // 품위있는 그녀: 리미티드 시리즈,No,,1100000,20:24,100000
The Millionaire Detective: Season 1 // 富豪刑事: シーズン1,No,,1100000,7:45,100000
Too Hot to Handle: Brazil: Season 1 // Brincando com Fogo: Brasil: Temporada 1,No,2021-07-21,1100000,7:37,100000
Women of the Night: Season 1 // Keizersvrouwen: Seizoen 1,Yes,,1100000,7:48,100000
Yu Yu Hakusho: Ghost Files: Season 1 // 幽☆遊☆白書: シーズン1,No,,1100000,10:17,100000
Yu Yu Hakusho: Ghost Files: Season 2 // 幽☆遊☆白書: シーズン2,No,,1100000,15:49,100000
Yu-Gi-Oh!: Season 2 // 遊☆戯☆王デュエルモンスターズ: バトルシティ編(前編),No,,1100000,*,100000
A Polish Family: Season 3 // Rodzinka.pl: Sezon 3,No,,1000000,10:40,100000
Adrift in Love: Season 1 // 人浮於愛: 第 1 季,No,,1000000,12:10,100000
Agatha Christie's Poirot: Series 5,No,,1000000,6:46,100000
Animal Trail: Season 1 // 松本清張 けものみち: シーズン1,No,,1000000,7:06,100000
Backstreet Rookie: Limited Series // 편의점 샛별이: 시즌 1,No,,1000000,16:35,100000
Bad Guys: Season 1 // Bad Guys ล่าล้างเมือง: ซีซั่น 1,Yes,,1000000,12:21,100000
Bad Sport: Volume 1,Yes,2021-10-06,1000000,6:46,100000
Behind Every Star: Limited Series // 연예인 매니저로 살아남기: 리미티드 시리즈,Yes,2022-11-07,1000000,12:53,100000
Bleach (2004): Arrancar: The Appearance,No,,1000000,8:51,100000
Bloodline Detectives: Season 2,No,,1000000,14:35,100000
Blue Exorcist // 青の祓魔師,No,,1000000,10:06,100000
Carl the Collector: Season 1,No,,1000000,8:56,100000
Cinta Untuk Sekali Lagi: Season 1,No,,1000000,14:57,100000
Code Geass: Lelouch of the Rebellion: Season 1 // コードギアス 反逆のルルーシュ,No,,1000000,10:03,100000
Crisis: Special Security Squad: Season 1 // CRISIS 公安機動捜査隊特捜班: シーズン1,No,,1000000,7:56,100000
Crusade: Season 2 // Krucjata: Sezon 2,No,,1000000,9:19,100000
Dated and Related: Season 1,No,2022-09-02,1000000,7:27,100000
Dead Mount Death Play // デッドマウント・デスプレイ: シーズン1,No,,1000000,9:28,100000
Detective Conan: Season 14 // 名探偵コナン: シーズン14,No,,1000000,17:19,100000
Detective Conan: Season 20 // 名探偵コナン: シーズン20,No,,1000000,16:21,100000
Dispatches From Elsewhere: Season 1,No,,1000000,7:38,100000
Doctor X Surgeon Michiko Daimon 4 // ドクターX ～外科医・大門未知子～ (2016),No,,1000000,9:01,100000
Gangs of London: Season 2,No,,1000000,7:20,100000
"Hello, My Twenties!: Season 1 // 청춘시대: 시즌 1",No,,1000000,12:44,100000
Hirugao～Love Affairs in the Afternoon～: Season 1 // 昼顔〜平日午後3時の恋人たち〜: シーズン1,Yes,,1000000,8:51,100000
Hormones: Season 3: The Final Season // Hormones วัยว้าวุ่น: ซีซั่น 3: ซีซั่นสุดท้าย,No,,1000000,14:41,100000
I Am Married...But!: Season 1 // 童話故事下集: 第 1 季 // 童话故事下集: 第 1 季,Yes,2025-02-14,1000000,7:10,100000
In the Dark (2019): Season 3,No,,1000000,9:06,100000
In the Dark (2019): Season 4,No,,1000000,9:05,100000
Iron Man: Armored Adventures: Season 2,No,,1000000,10:12,100000
King of Survival: Season 1 // 생존왕: 시즌 1,No,,1000000,17:27,100000
Landman: Season 2,No,,1000000,9:21,100000
Let's Talk About CHU: Season 1 // 愛愛內含光: 第 1 季 // 爱爱内含光: 第 1 季,Yes,2024-02-02,1000000,6:48,100000
Life: Season 1 // 라이프: 시즌 1,No,2018-08-04,1000000,18:25,100000
Misty: Limited Series // 미스티: 리미티드 시리즈,No,,1000000,19:01,100000
My Dear Exes: Season 1 // 大豆田とわ子と三人の元夫: シーズン1,No,,1000000,7:50,100000
Nate Is Late: Season 2,No,,1000000,9:40,100000
Not Others: Season1 // 남남: 시즌1,No,,1000000,11:58,100000
OISHINBO: Season 1 // 美味しんぼ【デジタルリマスター版】: シーズン1,No,,1000000,15:56,100000
PAW Patrol: Season 11,No,,1000000,10:03,100000
Police and Prosecutor: Season 1 // ケイジとケンジ 所轄と地検の24時: 所轄と地検の24時,No,,1000000,6:56,100000
Queer Eye: Season 5,No,2020-06-05,1000000,8:06,100000
Revenge Games: Season 1 // Παιχνίδια Εκδίκησης: Σεζόν 1,No,,1000000,19:48,100000
Siren: Season 1 // サイレーン 刑事×彼女×完全悪女: シーズン1,No,,1000000,7:40,100000
Solitary Gourmet Special: Collection // 孤独のグルメ スペシャル: コレクション,No,,1000000,13:12,100000
Sugar Rush: Season 1,No,2018-07-13,1000000,6:57,100000
Tails of Tales: 2020 // 꼬리에 꼬리를 무는 그날 이야기: 2020,No,,1000000,11:24,100000
Taskmaster (2015): Season 17,No,,1000000,7:37,100000
The Boarding School: Season 4 // El Internado: Temporada 4,No,,1000000,13:45,100000
The Boarding School: Season 6 // El Internado: Temporada 6,No,,1000000,16:23,100000
The Circle: Season 4,No,2022-05-04,1000000,11:34,100000
The Circle: Season 5,No,2022-12-28,1000000,11:34,100000
The Circle: Season 6,No,2024-04-17,1000000,10:43,100000
The Clandestine: Season 1 // Il Clandestino: Stagione 1,No,,1000000,10:12,100000
The Club: Season 2 // Kulüp: 2. Sezon,Yes,2023-09-15,1000000,7:55,100000
The Empress Of Ayodhaya // แม่หยัว,No,,1000000,10:37,100000
The Patients of Dr. García: Season 1 // Los pacientes del doctor García: Temporada 1,Yes,,1000000,10:21,100000
The Risk Taker: Season 2 // 데스게임: 최후의 승자,No,,1000000,7:27,100000
The Seven Legends: Season 1 // 7 ประจัญบาน: ซีซั่น 1,No,,1000000,6:53,100000
"The Wiggles: Ready, Steady, Wiggle: Season 1",No,,1000000,9:02,100000
Tokyo Revengers: Season 1 // 東京リベンジャーズ: シーズン1,No,,1000000,9:29,100000
Touched by an Angel: Season 8,No,,1000000,16:29,100000
Use For My Talent // 我親愛的小潔癖 // 我亲爱的小洁癖,No,,1000000,17:22,100000
Youth of May: Limited Series // 오월의 청춘: 리미티드 시리즈,No,,1000000,12:29,100000
7 Secretaries: Season 1 // 七人の秘書: シーズン1,No,,900000,6:32,100000
86 EIGHTY-SIX: Season 1 // 86―エイティシックス―: シーズン1,No,,900000,9:05,100000
A Polish Family: Season 2 // Rodzinka.pl: Sezon 2,No,,900000,10:34,100000
Adventure by Accident: Season 4 // 태어난 김에 세계일주 4,No,,900000,13:30,100000
Agatha Christie's Poirot: Series 6,No,,900000,6:51,100000
Bling Empire: Season 3,No,2022-10-05,900000,6:01,100000
Blood for Blood: Season 1 // Krew z Krwi: Sezon 1,No,,900000,6:41,100000
Blood for Blood: Season 3 // Krew z Krwi: Sezon 3,No,,900000,7:35,100000
Chefs’ Secrets of K-food: 2026 // 최강로드 식포일러: 2026,No,,900000,10:06,100000
City Hustlers: Season 3 // Băieți de oraș: Sezonul 3,No,,900000,6:38,100000
Creature: Limited Series // Yaratılan: Mini Dizi,Yes,2023-10-20,900000,6:13,100000
Crims (2020): Season 2,No,,900000,8:48,100000
Datsuryoku News Network: Season 1 // 全力! 脱力タイムズ: シーズン1,No,,900000,16:49,100000
Detective Conan: Season 15 // 名探偵コナン: シーズン15,No,,900000,16:08,100000
Detective Conan: Season 16 // 名探偵コナン: シーズン16,No,,900000,16:07,100000
Detective Conan: Season 17 // 名探偵コナン: シーズン17,No,,900000,16:04,100000
Detective Conan: Season 18 // 名探偵コナン: シーズン18,No,,900000,17:12,100000
Detective Conan: Season 21 // 名探偵コナン: シーズン21,No,,900000,17:05,100000
Detective Conan: Season 22 // 名探偵コナン: シーズン22,No,,900000,16:45,100000
Django: Season 1,No,,900000,8:40,100000
Doctor Climax: Season 1 // ดอกเตอร์ไคลแมกซ์ ปุจฉาพาเสียว: ซีซั่น 1,Yes,2024-06-13,900000,7:44,100000
Doctor X Surgeon Michiko Daimon 5 // ドクターX ～外科医・大門未知子～ (2017),No,,900000,8:35,100000
Dolly Parton's Heartstrings: Season 1,Yes,2019-11-22,900000,8:46,100000
Dr. Coto's Clinic: Season 2 // Dr.コトー診療所: シーズン2,No,,900000,9:15,100000
Final Cut (2018): Season 1,No,,900000,8:02,100000
Foyle's War: Series 2,No,,900000,6:34,100000
Franklin & Bash: Season 2,No,,900000,7:01,100000
Franklin & Bash: Season 3,No,,900000,7:01,100000
Franklin & Bash: Season 4,No,,900000,7:02,100000
Great Gift: Season 1 // グレイトギフト: シーズン1,No,,900000,6:47,100000
Harlots: Season 1,No,,900000,6:10,100000
Highway Thru Hell: Season 6,No,,900000,10:38,100000
Hozuki's Coolheadedness: Season 1 // 鬼灯の冷徹: 第壱期,No,,900000,6:33,100000
Hubert und Staller: Season 11,No,,900000,9:33,100000
I Love You Just a Little Bit: Season 1 // あなたのことはそれほど: シーズン1,No,,900000,7:53,100000
I Will Be Your Bloom: Season 1 // 君の花になる: シーズン1,No,,900000,8:02,100000
"Innocence, Fight Against False Charges: Season 1 // イノセンス 冤罪弁護士: シーズン1",No,,900000,7:52,100000
Juacas: Season 2,No,,900000,11:24,100000
Life Begins: Season 2,No,,900000,6:08,100000
Lilyhammer: Season 1,No,2012-02-06,900000,6:02,100000
Logically Impossible! Detective Ryoko Kamizuru Is on the Case: Season 1 // 合理的にあり得ない ～探偵・上水流涼子の解明～: シーズン1,No,,900000,8:34,100000
Los Misterios De Laura: Season 2,No,,900000,14:01,100000
Los Misterios De Laura: Season 3,No,,900000,15:16,100000
Love Deadline: Season 1 // ラブ デッドライン: シーズン1,No,2024-01-23,900000,7:17,100000
Love Like a K-Drama: Season 1 // 韓国ドラマな恋がしたい: シーズン1,No,2023-11-28,900000,9:19,100000
Mighty Morphin Power Rangers: Season 2,No,,900000,17:30,100000
Monster: Season 1 // モンスター: シーズン1,No,,900000,8:35,100000
My Girl: Season 1 // マイガール: シーズン1,No,,900000,8:06,100000
Nobody Knows: Season 1 // 아무도 모른다: 시즌 1,No,,900000,17:05,100000
One Against All: Season 3 // Um Contra Todos: Temporada 3,No,,900000,6:07,100000
One Against All: Season 4 // Um Contra Todos: Temporada 4,No,,900000,7:03,100000
PAW Patrol: Season 10,No,,900000,10:03,100000
Pesadilla en la Cocina: Season 8,No,,900000,12:37,100000
Pit Babe the Series: Season 2 // พิษเบ้บ เดอะซีรีส์: ซีซั่น 2,No,,900000,11:00,100000
Quantum Leap (2022): Season 1,No,,900000,12:40,100000
Rhythm + Flow: Season 1,No,2019-10-09,900000,9:25,100000
Runaway: Season 1 // Fugueuse: Saison 1,No,,900000,7:14,100000
Shameless: Series 11,No,,900000,11:02,100000
Since I Took You Away: Season 1 // あなたを奪ったその日から: シーズン1,No,,900000,8:24,100000
Strangers Again: Season1 // 남이 될 수 있을까: 시즌1,No,,900000,12:25,100000
Stupid Cupid: Season 1 // น้ำตากามเทพ: ซีซั่น 1,No,,900000,8:02,100000
Sword Art Online: Alicization // ソードアート・オンライン アリシゼーション,No,,900000,9:55,100000
Taskmaster (2015): Season 15,No,,900000,7:32,100000
Taskmaster (2015): Season 18,No,,900000,7:37,100000
The Boarding School: Season 2 // El Internado: Temporada 2,No,,900000,10:42,100000
The Boarding School: Season 3 // El Internado: Temporada 3,No,,900000,12:01,100000
The Boat: Season 1 // El Barco: Temporada 1,No,,900000,16:33,100000
The Melancholy of Haruhi Suzumiya (2009) // 涼宮ハルヒの憂鬱 (2009年放送版),No,,900000,11:20,100000
The Three Detectives: Season 1 // Die Drei !!!: Staffel 1,No,,900000,6:19,100000
"The Wiggles: Ready, Steady, Wiggle: Season 2",No,,900000,9:02,100000
Titans: The Rise of Wall Street: Season 1,No,,900000,7:05,100000
Touched by an Angel: Season 9,No,,900000,16:17,100000
Ultimate Beastmaster: No Mercy,No,2017-02-24,900000,8:45,100000
Vientos de Agua,No,,900000,15:51,100000
Welcome to Demon School!  Iruma-kun: Season 1 // 魔入りました! 入間くん: 第1シリーズ,No,,900000,9:24,100000
When Missing Turns to Murder: Season 3,No,,900000,8:09,100000
Where Stars Land: Limited Series // 여우각시별: 리미티드 시리즈,No,,900000,15:54,100000
WWE WrestleMania: 2023,No,2025-01-01,900000,7:35,100000
A Controversial Entertainer: Season 1 // 男公館: 第 1 季,No,,800000,7:33,100000
Antarctica: Season 1 // 南極大陸: シーズン1,No,,800000,9:46,100000
Beach Boys: Season 1 // ビーチボーイズ: シーズン1,No,,800000,10:03,100000
Blood for Blood: Season 2 // Krew z Krwi: Sezon 2,No,,800000,7:27,100000
BoBoiBoy: Season 3,No,,800000,9:33,100000
Charmed (2018): Season 4,No,,800000,9:02,100000
Cigarette Girl: Season 1 // Gadis Kretek: Season 1,Yes,2023-11-02,800000,5:25,100000
Crims (2020): Season 3,No,,800000,9:58,100000
Datsuryoku News Network: Season 2 // 全力! 脱力タイムズ: シーズン2,No,,800000,8:35,100000
Detective Conan: Conan vs. The Black Organization // 名探偵コナン: コナン VS 黒ずくめの組織,No,,800000,9:45,100000
Detective Conan: Season 12 // 名探偵コナン: シーズン12,No,,800000,15:09,100000
Detective Conan: Season 13 // 名探偵コナン: シーズン13,No,,800000,12:54,100000
Detective Conan: Season 19 // 名探偵コナン: シーズン19,No,,800000,15:55,100000
Doctor X Surgeon Michiko Daimon 6 // ドクターX ～外科医・大門未知子～ (2019),No,,800000,8:17,100000
Doctor X Surgeon Michiko Daimon 7 // ドクターX ～外科医・大門未知子～ (2021),No,,800000,8:08,100000
Each One’s Solitary Gourmet: Season 1 // それぞれの孤独のグルメ: シーズン1,No,,800000,5:54,100000
Elpis: Season 1 // エルピス ー希望、あるいは災いー: シーズン1,No,,800000,7:49,100000
Extant: Season 2,No,,800000,8:39,100000
Fabulous Lives of Bollywood Wives: Season 3,No,2024-10-18,800000,5:32,100000
Family Secrets: Season 1 // Gry rodzinne: Sezon 1,Yes,2022-08-31,800000,6:10,100000
Fermat’s Cuisine: Season 1 // フェルマーの料理: シーズン1,No,,800000,7:45,100000
Foyle's War: Series 3,No,,800000,6:10,100000
Fruits Basket: 1st season // フルーツバスケット: 1st season,No,,800000,9:52,100000
Fugitiva: Season 1,Yes,2018-11-23,800000,8:31,100000
Fulfill: Season 1 // รักเติมเต็ม: ซีซั่น 1,No,,800000,6:31,100000
Get Organized with The Home Edit: Season 1,No,2020-09-09,800000,5:38,100000
GLOW: Season 3,Yes,2019-08-09,800000,6:00,100000
Hell Teacher: Jigoku Sensei Nube: Season 1 // 地獄先生ぬ～べ～: シーズン1,No,,800000,10:07,100000
Hell's Kitchen (2005): Season 23,No,,800000,11:30,100000
"Hello, My Twenties!: Season 2 // 청춘시대: 시즌 2",No,,800000,14:57,100000
He’s Into Her: Season 2,No,,800000,13:01,100000
I Am Nobody: Season 2 // 異人之下: 第 2 季 // 异人之下: 第 2 季,No,,800000,10:05,100000
I Need Romance // รักใช่ไหมที่หัวใจต้องการ,Yes,,800000,12:00,100000
In the Name of God: A Holy Betrayal: Season 1 // 나는 신이다: 신이 배신한 사람들: 시즌 1,Yes,2023-03-03,800000,6:39,100000
Inheritance Detective: Season 1 // 相続探偵: シーズン1,Yes,,800000,7:27,100000
JAPAN SINKS: People of Hope: Season 1 // 日本沈没ー希望のひとー: シーズン1,No,,800000,*,100000
Kaiji: Ultimate Survivor // 逆境無頼カイジ: Ultimate Survivor,No,,800000,9:53,100000
Killer Soup: Season 1 // किलर सूप: सीज़न 1,Yes,2024-01-11,800000,6:46,100000
Kin (2021): Season 1,No,,800000,6:36,100000
Korea No.1: Limited Series // 코리아 넘버원: 리미티드 시리즈,No,2022-11-25,800000,6:11,100000
La Caza: Season 2,No,,800000,8:27,100000
La Caza: Guadiana,No,,800000,8:34,100000
Love Is Blind: Brazil: Season 1 // Casamento às Cegas: Brasil: Temporada 1,No,2021-10-06,800000,9:24,100000
Magi: The Kingdom of Magic // マギ: 第2期,No,,800000,10:12,100000
Moon in the Day: Season 1 // 낮에 뜨는 달: 시즌1,No,,800000,14:03,100000
My Family: Season 1 // マイファミリー: シーズン1,No,,800000,8:25,100000
Night Has Come: Limited Series // 밤이 되었습니다: 리미티드 시리즈,No,,800000,7:03,100000
Only You: Season 1 // เพียงเธอ: ซีซั่น 1,No,,800000,11:00,100000
Pagan Peak: Season 1 // Der Pass: Staffel 1,No,,800000,6:49,100000
Pokémon Ultimate Journeys: The Series: Season 1,No,,800000,15:13,100000
Quarterback: Season 1,Yes,2023-07-12,800000,6:26,100000
Queer Eye: Season 2,No,2018-06-15,800000,6:16,100000
Queer Eye: Season 3,No,2019-03-15,800000,6:16,100000
Queer Eye: Season 4,No,2019-07-19,800000,6:18,100000
Rabies: Season 1 // Vzteklina: Season 1,No,,800000,5:46,100000
Rhythm + Flow France: Season 4 // Nouvelle École: Saison 4,No,2025-10-31,800000,7:54,100000
Robocar POLI: Season 3,Yes,,800000,6:00,100000
Shameless: Series 9,No,,800000,9:01,100000
Summer Strike: Limited Series // 아무것도 하고 싶지 않아: 리미티드 시리즈,No,,800000,9:53,100000
Summertime: Season 3,Yes,2022-05-04,800000,5:37,100000
Sweet Revenge: Season 1 // 복수노트: 시즌 1,No,,800000,6:02,100000
Taskmaster (2015): Season 14,No,,800000,7:32,100000
Terrace House: Boys & Girls in the City: Part 2 // テラスハウス: Boys & Girls in the City: Part 2,No,2016-02-08,800000,15:10,100000
The Accidental Influencer: Season 1 // 何百芮的地獄毒白: 第 1 季,No,,800000,5:51,100000
The Boarding School: Season 5 // El Internado: Temporada 5,No,,800000,11:47,100000
The Confession Tapes: Season 1,Yes,2017-09-08,800000,5:25,100000
The King of Minami Returns // 新・ミナミの帝王,No,,800000,12:09,100000
The Reluctant Preacher: Season 1 // なんで私が神説教: シーズン1,Yes,,800000,7:29,100000
The Time In Between: Season 1 // El tiempo entre costuras: Season 1,No,,800000,14:11,100000
Tokumei Kakarichou Tadano Hitoshi: Season 3 // 特命係長 只野仁(2005),No,,800000,7:36,100000
Tokyo Salad Bowl: Season 1 // ドラマ10 東京サラダボウル: シーズン1,No,,800000,6:42,100000
Trial 4: Limited Series,Yes,2020-11-11,800000,7:21,100000
Umamusume: Cinderella Gray: Season 1 // ウマ娘 シンデレラグレイ: シーズン1,No,,800000,9:06,100000
Unmet A Neurosurgeon's Diary: Season 1 // アンメット ある脳外科医の日記: シーズン1,No,,800000,8:35,100000
Welcome to Wedding Hell: Limited Series // 결혼백서: 리미티드 시리즈,Yes,2022-05-23,800000,7:27,100000
While You Were Sleeping: Limited Series // 당신이 잠든 사이에: 리미티드 시리즈,No,,800000,15:58,100000
Wild District: Season 2 // Distrito salvaje: Temporada 2,No,2019-11-08,800000,7:44,100000
Wild Kratts: Season 1,No,,800000,14:53,100000
YooHoo to the Rescue: Season 1,Yes,2019-03-15,800000,5:58,100000
"Young, Famous & African: Season 2",No,2023-05-19,800000,5:41,100000
Your Honor: Season 1 // 친애하는 판사님께: 시즌1,No,,800000,15:50,100000
Yowamushi Pedal Grande Road // 弱虫ペダル Grande Road,No,,800000,9:33,100000
23.5: Season 1 // 23.5 องศาที่โลกเอียง: ซีซั่น 1,No,,700000,10:19,100000
4 Blocks: Season 3,No,,700000,4:51,100000
A Couple of Cuckoos: Season 1 // カッコウの許嫁: シーズン1,No,,700000,9:13,100000
Agatha Christie's Poirot: Series 9,No,,700000,6:17,100000
Agatha Christie's Poirot: Series 10,No,,700000,6:13,100000
Agatha Christie's Poirot: Series 11,No,,700000,6:12,100000
Agatha Christie's Poirot: Series 13,No,,700000,7:24,100000
AJIN: Demi-Human: Season 2 // 亜人: シーズン2,Yes,2016-10-10,700000,5:00,100000
Alone Australia: Season 1,No,,700000,10:15,100000
Aquarius (2015): Season 1,No,,700000,9:52,100000
Arifureta: From Commonplace to World's Strongest: 2nd season // ありふれた職業で世界最強: 2nd season,No,,700000,*,100000
Arifureta: From Commonplace to World's Strongest: Season 3 // ありふれた職業で世界最強: シーズン3,No,,700000,6:20,100000
Attack No.1: Season 1 // アタックNo.1: シーズン1,No,,700000,8:37,100000
Avamposti: Season 3,No,,700000,6:00,100000
Best Leftovers Ever!: Season 1,No,2020-12-30,700000,4:42,100000
BG Personal Bodyguard: Season 2 // BG～身辺警護人～: シーズン2,No,,700000,6:08,100000
Big Summer Playlist: Collection,No,,700000,5:40,100000
Bleach (2004): Arrancar: The Hueco Mundo Sneak Entry,No,,700000,8:02,100000
Bleach (2004): The Lost Agent,No,,700000,9:38,100000
Blue Miburo: Season 1 // 青のミブロ: 第1期,No,,700000,9:32,100000
BNA: Season 1,Yes,2020-03-20,700000,4:44,100000
BnA: Go Go Friends: Season 1 // 백앤아 고고프렌즈: 시즌 1,No,,700000,4:51,100000
BoBoiBoy: Season 1,No,,700000,4:46,100000
Bocchi the Rock!: Season 1 // ぼっち・ざ・ろっく!: シーズン1,No,,700000,4:44,100000
"BOFURI: I Don't Want to Get Hurt, so I'll Max Out My Defense.: Season 2 // 痛いのは嫌なので防御力に極振りしたいと思います。: シーズン2",No,,700000,4:44,100000
Botoks: Season 1,No,,700000,4:44,100000
Brand New Cherry Flavor: Limited Series,Yes,2021-08-13,700000,5:45,100000
Busted!: Season 2 // 범인은 바로 너!: 시즌 2,No,2019-11-08,700000,11:26,100000
Buying Beverly Hills: Season 1,No,2022-11-04,700000,5:37,100000
Chambers: Season 1,Yes,2019-04-26,700000,7:24,100000
Checkout: Season 3 // קופה ראשית: עונה 3,No,,700000,8:26,100000
Checkout: Season 4 // קופה ראשית: עונה 4,No,,700000,8:19,100000
Checkout: Season 5 // קופה ראשית: עונה 5,No,,700000,8:04,100000
Chosen Home: Season 1 // ぼくたちん家: シーズン1,Yes,,700000,7:37,100000
Code Geass: Lelouch of the Rebellion: Season 2 // コードギアス 反逆のルルーシュR2,No,,700000,9:57,100000
Cold Case S1 (JAPAN) // 連続ドラマW コールドケース ～真実の扉～,No,,700000,8:03,100000
Conversations with Friends: Season 1,No,,700000,5:43,100000
Dead or Love: Season 1 // 死ぬほど愛して: シーズン1,Yes,,700000,4:53,100000
Destiny: Season 1,Yes,,700000,6:51,100000
Detective Conan: Rivals of the Great Detective // 名探偵コナン: 名探偵のライバルたち,No,,700000,9:40,100000
Dusk Beyond the End of the World: Season 1 // 永久のユウグレ: シーズン1,No,,700000,5:12,100000
Expedition With Steve Backshall: Season 2,No,,700000,5:10,100000
Fermat Kitchen: Season 1 // フェルマーの料理: シーズン1,No,,700000,4:44,100000
Fight for Paradise: Who Can You Trust?: Season 1 // Fight for Paradise: Wem kannst Du trauen?: Staffel 1,No,2024-04-23,700000,5:50,100000
Generasi: Perfect 10: Season 1,No,,700000,7:05,100000
Ghost Wars: Season 1,No,2018-03-02,700000,9:23,100000
Giri / Haji: Season 1,Yes,2020-01-10,700000,7:38,100000
"Go for It, Nakamura-Kun!!: Season 1 // ガンバレ! 中村くん!!: シーズン1",No,,700000,5:09,100000
Gogglebox: Season 18,No,,700000,11:12,100000
Gomorrah: Season 1 // Gomorra: Stagione 1,No,,700000,9:49,100000
Harlots: Season 2,No,,700000,6:36,100000
Harlots: Season 3,No,,700000,6:54,100000
He Who Can't Marry: Season 1 // 結婚できない男,No,,700000,9:33,100000
He’s Into Her: Season 1,No,,700000,6:43,100000
Home Economics: Season 2,No,,700000,7:55,100000
Hyperdrive: Season 1,No,2019-08-21,700000,7:59,100000
I Love Tokyo Legend - Kawaii Detective -: Season 2 // 都市伝説の女: シーズン2,No,,700000,5:39,100000
"I May Be a Guild Receptionist, but I'll Solo Any Boss to Clock Out on Time: Season 1 // ギルドの受付嬢ですが、残業は嫌なのでボスをソロ討伐しようと思います: シーズン1",No,,700000,4:49,100000
Iron Chef Brazil: Season 1 // Iron Chef Brasil: Temporada 1,No,2022-08-10,700000,6:28,100000
ISHIKO and HANEO: You're Suing Me?: Season 1 // 石子と羽男ーそんなコトで訴えます?ー: シーズン１,No,,700000,7:48,100000
JK to Roppozensho: Season 1 // JKと六法全書: シーズン1,No,,700000,6:24,100000
K-foodie meets J-foodie: Season 1: A Tasty Exchange // 미친맛집: 미식가 친구의 맛집: 시즌1: 한일 맛 교환 프로젝트,No,,700000,4:53,100000
Kin: Season 2,No,,700000,6:26,100000
Kiss or Die: Season 1 // デスキスゲーム いいキスしないと死んじゃうドラマ: シーズン1,No,2025-09-09,700000,5:28,100000
Legend Quest: Season 1,Yes,2017-02-24,700000,5:37,100000
Love Never Lies: Poland: Season 1 // Love Never Lies: Polska: Sezon 1,No,2023-01-25,700000,5:44,100000
Lovers Anonymous: Season 1 // Adsız Aşıklar: 1. Sezon,Yes,2025-01-16,700000,7:02,100000
MeatEater: Season 7,Yes,2018-10-02,700000,5:57,100000
Mega Game: Season 1 // Mega Game DinsiemE: Stagione 1,No,,700000,6:47,100000
Miss Kobayashi's Dragon Maid S // 小林さんちのメイドラゴンS,No,,700000,*,100000
Motown Magic: Season 1,Yes,2018-11-20,700000,6:27,100000
Motown Magic: Season 2,Yes,2019-06-28,700000,6:31,100000
Mr. Midnight: Beware The Monsters: Season 1,Yes,,700000,6:44,100000
My Dangerous Wife: Season 1 // 僕のヤバイ妻: シーズン1,No,,700000,7:30,100000
MY FAMILY: Season 1 // 家族だから愛したんじゃなくて、愛したのが家族だった: シーズン1,Yes,,700000,8:11,100000
Natsume's Book of Friends Continued // 夏目友人帳: 続 夏目友人帳,No,,700000,5:09,100000
Oggy Oggy: Season 2,Yes,2023-04-17,700000,4:51,100000
Operazione Nas: Season 4,No,,700000,12:23,100000
Orange Days: Season 1 // オレンジデイズ: シーズン1,No,,700000,9:14,100000
Parole Examiner Lee: Limited Series // 가석방심사관 이한신: 리미티드 시리즈,No,,700000,12:11,100000
Power Players: Season 1 (Batch C),No,,700000,5:05,100000
Public Affairs Office in the Sky: Season 1 // 空飛ぶ広報室: シーズン1,No,,700000,9:03,100000
Rascal Does Not Dream of Bunny Girl Senpai: Season 1 // 青春ブタ野郎はバニーガール先輩の夢を見ない: シーズン1,No,,700000,5:24,100000
Re: Monster: Season 1,No,,700000,4:44,100000
Requiem: Season 1,Yes,2018-03-23,700000,5:44,100000
Rita: Season 2,Yes,2015-03-11,700000,5:33,100000
Ron Kamonohashi's Forbidden Deductions: 1st Season // 鴨乃橋ロンの禁断推理: 1st Season,No,,700000,5:09,100000
Saga of Tanya the Evil: Season 1 // 幼女戦記: シーズン1,No,,700000,5:01,100000
Saving My Stupid Youth: Season 1 // ごめんね青春!: シーズン1,No,,700000,8:09,100000
Scavengers Reign: Season 1,No,,700000,4:57,100000
Secret City: Under the Eagle,No,2019-03-06,700000,5:02,100000
Shameless: Series 10,No,,700000,7:47,100000
She Was Pretty: Season 1 // 彼女はキレイだった: シーズン1,No,,700000,7:52,100000
Silent Nava: Season 1 // Тиха Нава: Сезон 1,No,,700000,7:22,100000
Sirius the Jaeger: Season 1 // 天狼 Sirius the Jaeger: シーズン1,Yes,2018-07-19,700000,4:53,100000
SKY Castle: Season 1 // スカイキャッスル: シーズン1,No,,700000,6:47,100000
Steins;Gate // Steins;Gate シュタインズ・ゲート,No,,700000,9:29,100000
Story of My Family!!!: Season 1 // 俺の家の話: シーズン1,No,,700000,7:59,100000
Stranded with my Mother-in-Law: Season 1 // Ilhados com a Sogra: Temporada 1,No,2023-10-09,700000,7:02,100000
Sugar Rush: The Baking Point: Season 1 // Pasteleros contra el tiempo: Temporada 1,No,2023-07-12,700000,4:58,100000
Tales of the City: Limited Series,Yes,2019-06-07,700000,9:14,100000
Taskmaster (2015): Season 5,No,,700000,7:12,100000
Taskmaster (2015): Season 7,No,,700000,7:04,100000
The 101st Proposal: Season 1 // 101回目のプロポーズ: シーズン1,No,,700000,9:20,100000
The Accidental Influencer: Love Me if You Dare: Season 1 // 何百芮的地獄戀曲: 第 1 季,No,,700000,4:57,100000
The Alcàsser Murders: Season 1 // El caso Alcàsser: Temporada 1,Yes,2019-06-14,700000,5:05,100000
The Auditors: Season 1 // 감사합니다: 시즌1,No,,700000,12:50,100000
The Banished Former Hero Lives as He Pleases: Season 1 // 出来損ないと呼ばれた元英雄は、実家から追放されたので好き勝手に生きることにした: シーズン1,No,,700000,4:46,100000
The Bletchley Circle: San Francisco: Season 1,No,,700000,6:07,100000
The Boarding School: Season 1 // El Internado: Temporada 1,No,,700000,7:03,100000
The Great British Baking Show: The Professionals: Season 7,No,2023-07-26,700000,7:44,100000
The Great White Tower: Season 1 // 山崎豊子 白い巨塔: シーズン1,No,,700000,7:19,100000
The Haunted House: Season 1 // 신비아파트: 고스트볼의 비밀,No,,700000,10:02,100000
The Killing Kind: Season 1,No,,700000,4:44,100000
The Lazarus Project: Season 1,No,,700000,6:05,100000
The Little Drummer Girl: Season 1,No,,700000,5:47,100000
The New Black: Season 3 // שבאבניקים: עונה 3,No,,700000,6:20,100000
The Next Prince: Season 1 // ข้ามฟ้าเคียงเธอ: ซีซั่น 1,No,,700000,14:00,100000
The Ricky Gervais Show: Season 3,No,,700000,5:26,100000
The Saintʼs Magic Power Is Omnipotent: Season 2 // 聖女の魔力は万能です: シーズン2,No,,700000,4:44,100000
The Sea Beyond: Season 6 // Mare Fuori: Stagione 6,No,,700000,12:52,100000
The Sound of Your Heart: Season 1 // 마음의 소리: 시즌 1,Yes,2017-01-31,700000,4:52,100000
The Ultimatum: South Africa: Season 1,No,2024-05-10,700000,7:16,100000
Their Marriage: Season 1 // しあわせな結婚: シーズン1,No,,700000,6:47,100000
Tokyo Dogs: Season 1 // 東京DOGS: シーズン1,Yes,,700000,8:16,100000
Tour de France: Unchained: Season 2 // Tour de France : Au cœur du peloton: Saison 2,Yes,2024-06-11,700000,5:52,100000
Turn to me Mukai-kun: Season 1 // こっち向いてよ向井くん: シーズン1,No,,700000,8:31,100000
Ultramarine Magmell: Season 1 // 群青のマグメル: シーズン1,Yes,2019-04-07,700000,5:08,100000
Vampire Knight: Season 1 // ヴァンパイア騎士: シーズン1,No,,700000,5:15,100000
Wangan Midnight: Season 1 // 湾岸ミッドナイト: シーズン1,No,,700000,10:58,100000
Why didn’t I tell you a million times?: Season 1 // 100万回 言えばよかった: シーズン1,No,,700000,7:44,100000
Wild Kratts: Season 4,No,,700000,11:29,100000
Wise Man's Grandchild: Season 1 // 賢者の孫: シーズン1,No,,700000,4:44,100000
WWE WrestleMania: 2022,No,2025-01-01,700000,7:39,100000
YOLANTHE: Season 1,No,2025-06-18,700000,4:45,100000
30 for 30: O.J.: Made in America: Season 1,No,,600000,7:57,100000
A Girl & Her Guard Dog: Season 1 // お嬢と番犬くん: シーズン1,No,,600000,5:07,100000
Agatha Christie's Poirot: Series 12,No,,600000,5:56,100000
Ainori Love Wagon: Asian Journey: Season 1 // あいのり: Asian Journey: シーズン1,No,2017-10-26,600000,10:55,100000
"As a Reincarnated Aristocrat, I'll Use My Appraisal Skill to Rise in the World: Season 1 // 転生貴族、鑑定スキルで成り上がる: シーズン1",No,,600000,4:44,100000
Bad Genius: The Series: Season 1 // ฉลาดเกมส์โกง เดอะซีรีส์: ซีซั่น 1,No,,600000,10:36,100000
"Banished from the Hero's Party, I Decided to Live a Quiet Life in the Countryside: Banished from the brave man's group,I decided to lead a slow life in the back country.2nd // 真の仲間じゃないと勇者のパーティーを追い出されたので、辺境でスローライフすることにしました 2nd",No,,600000,4:44,100000
Bardot: Season 1,No,,600000,5:04,100000
Battery the Animation: Season 1 // バッテリー: シーズン1,No,,600000,4:12,100000
Be nice to people: Season 1 // 人にやさしく: シーズン1,Yes,,600000,8:50,100000
Beavis and Butt-head (1993): Mike Judge's Beavis and Butt-Head: Season 1,No,,600000,4:13,100000
Black Monday: Season 3,No,,600000,4:52,100000
Black Space: Season 1 // בלקספייס: עונה 1,No,2021-05-27,600000,6:13,100000
Bling Empire: Season 1,No,2021-01-15,600000,5:19,100000
Blood (2018): Season 2,No,,600000,4:33,100000
Blue Miburo: Season 2 // 青のミブロ: 第2期,No,,600000,5:33,100000
"BOFURI: I Don't Want to Get Hurt, so I'll Max Out My Defense.: Season 1 // 痛いのは嫌なので防御力に極振りしたいと思います。: シーズン1",No,,600000,4:44,100000
BORDER: Season 1,No,,600000,7:04,100000
Born for the Spotlight: Season 1 // 影后: 第 1 季,Yes,2024-11-07,600000,10:27,100000
Busted!: Season 3 // 범인은 바로 너!: 시즌 3,No,2021-01-22,600000,9:21,100000
Charlotte: Season 1,No,,600000,5:14,100000
Checkout: Season 1 // קופה ראשית: עונה 1,No,,600000,7:40,100000
Checkout: Season 2 // קופה ראשית: עונה 2,No,,600000,8:11,100000
Cherry Magic! Thirty Years of Virginity Can Make You a Wizard?! (2020): Season 1 // 30歳まで童貞だと魔法使いになれるらしい: シーズン1,No,,600000,4:47,100000
Chief of Staff: Season 1 // 보좌관: 시즌 1,Yes,2019-06-14,600000,11:07,100000
Close Calls: On Camera: Season 9,No,,600000,9:29,100000
Code Japan: The Price of Wishes: Season 1 // CODE-願いの代償-: シーズン1,No,,600000,7:40,100000
Comedians in Cars Getting Coffee: First Cup,No,2018-01-05,600000,5:32,100000
Como and Toy: Season 1,No,,600000,10:07,100000
Crime Diaries: The Candidate: Limited Series // Historia de un crimen: Colosio: Miniserie,Yes,2019-03-22,600000,5:35,100000
Curious George: Season 15,No,,600000,5:53,100000
Curon: Season 1,Yes,2020-06-10,600000,5:29,100000
Dance 100: Season 1,No,2023-03-17,600000,4:44,100000
Dark Moon: The Blood Altar Original by Dark Moon: The Blood Altar With Enhypen: Season 1 // DARK MOON -黒の月: 月の祭壇- Original By DARK MOON : THE BLOOD ALTAR WITH ENHYPEN: シーズン1,No,,600000,4:44,100000
Das Boot (2018): Season 1,No,,600000,7:45,100000
Deep Fake Love: Season 1 // Falso amor: Temporada 1,No,2023-07-06,600000,7:19,100000
DELETE: Season 1,Yes,2023-06-28,600000,6:14,100000
Dirty Money: Season 2,Yes,2020-03-11,600000,4:57,100000
Dr. White: Season 1 // ドクターホワイト: シーズン1,No,,600000,7:50,100000
Erased: Season 1 // 僕だけがいない街: シーズン1,Yes,2017-12-15,600000,5:43,100000
Ethos: Season 1 // Bir Başkadır: 1. Sezon,Yes,2020-11-12,600000,6:32,100000
Everything Sucks!: Season 1,Yes,2018-02-16,600000,4:04,100000
Evil People: Season 1 // 松本清張・最終章 わるいやつら: シーズン1,No,,600000,6:17,100000
Fairy Tail: Season 5,No,,600000,10:10,100000
Fiasco: Limited Series,Yes,2024-04-30,600000,4:21,100000
Forest of Piano: Season 1 // ピアノの森: シーズン1,Yes,2018-04-08,600000,5:03,100000
Foyle's War: Series 6,No,,600000,4:36,100000
Fresh Meat: Series 1,No,,600000,5:15,100000
Ghost in the Shell: Stand Alone Complex: Stand Alone Complex // 攻殻機動隊 STAND ALONE COMPLEX,No,,600000,10:38,100000
Gogglebox: Season 17,No,,600000,10:52,100000
GOOD NIGHT WORLD: Season 1 // グッド・ナイト・ワールド: シーズン1,Yes,2023-10-12,600000,4:56,100000
Headhunted to Another World: From Salaryman to Big Four!: Season 1 // サラリーマンが異世界に行ったら四天王になった話: シーズン1,No,,600000,4:46,100000
Heaven and Hell: Soul Exchange: Season 1 // 天国と地獄 ~サイコな2人～: シーズン1,No,,600000,8:44,100000
Heist: Season 1,Yes,2021-07-14,600000,4:20,100000
Hey Handsome!! // おいハンサム!!,No,,600000,5:50,100000
Holy Family: Season 2 // Sagrada familia: Temporada 2,Yes,2023-11-17,600000,5:23,100000
Hozuki's Coolheadedness: Season 2 Part 1 // 鬼灯の冷徹: 第弐期: Part 1,No,,600000,5:32,100000
Hozuki's Coolheadedness: Season 2 Part 2 // 鬼灯の冷徹: 第弐期: Part 2,No,,600000,6:15,100000
I'm Getting Married to a Girl I Hate in My Class: Season 1 // クラスの大嫌いな女子と結婚することになった。: シーズン1,No,,600000,4:44,100000
If I Hadn't Met You: Season 1 // Si no te hubiese conocido: Temporada 1,Yes,2019-03-15,600000,8:57,100000
If I'd Kissed Her: Season 1 // あのときキスしておけば: シーズン1,No,,600000,6:24,100000
Il collegio: Season 1,No,,600000,7:38,100000
Indian Matchmaking: Season 2,No,2022-08-10,600000,5:03,100000
Infamy: Season 1 // Infamia: Sezon 1,Yes,2023-09-06,600000,6:21,100000
Informa: Season 1 // インフォーマ,Yes,,600000,4:13,100000
Inssa Family: Season 2 // 인싸가족: 시즌2,No,,600000,5:22,100000
Invisible: Season 1 // インビジブル: シーズン1,No,,600000,7:44,100000
Is It Wrong to Try to Pick Up Girls in a Dungeon?: Season 5 // ダンジョンに出会いを求めるのは間違っているだろうか: シーズン5,No,,600000,5:55,100000
Ishura: Season 2 // 異修羅: 第2期,No,,600000,4:44,100000
Jewish Matchmaking: Season 1,No,2023-05-03,600000,4:20,100000
K-On!: Season 1 // けいおん!: 第1期,No,,600000,5:38,100000
Kaiji: Against All Rules // 逆境無頼カイジ: 破戒録篇,No,,600000,9:28,100000
King of Boys: The Return of the King: Limited Series,Yes,2021-08-27,600000,6:13,100000
Kitz: Season 1,Yes,2021-12-30,600000,4:20,100000
La Favorita 1922: Season 1,No,,600000,9:59,100000
Last Chance U: INDY: Part 1,Yes,2018-07-20,600000,8:24,100000
Life Begins: Season 3,No,,600000,4:23,100000
Lilyhammer: Season 2,No,2013-12-13,600000,5:59,100000
Little Princess: Season 2,No,,600000,6:34,100000
Love Is Blind: Brazil: Season 4 // Casamento às Cegas: Brasil: Temporada 4,No,2024-06-19,600000,10:53,100000
Love Is Hard for a Rich Man: Season 1 // 御曹司に恋はムズすぎる: シーズン1,No,,600000,4:34,100000
Love Never Lies: Poland: Season 2 // Love Never Lies: Polska: Sezon 2,No,2024-01-31,600000,6:36,100000
Love Never Lies: South Africa: Season 1,No,2024-11-29,600000,6:56,100000
Love Rats: Season 2,No,,600000,6:01,100000
Ludik: Season 1,Yes,2022-08-26,600000,5:48,100000
Maestro in Blue: Season 2 // Maestro: Σεζόν 2,Yes,2024-05-16,600000,6:34,100000
Merlí. Sapere Aude: Season 2,No,2022-09-09,600000,5:46,100000
Midnight Diner: Season 2 // 深夜食堂: シーズン2,Yes,,600000,4:01,100000
Midnight Diner: Tokyo Stories: Season 2 // 深夜食堂: Tokyo Stories: シーズン2,Yes,2019-10-31,600000,4:11,100000
Mr Bean Live Action: Season 1,No,,600000,5:49,100000
My New Boss Is Goofy // 新しい上司はど天然: シーズン1,No,,600000,4:44,100000
My Next Life As a Villainess: All Route Lead to Doom!: My Next Life as a Villainess: All Routes Lead to Doom! // 乙女ゲームの破滅フラグしかない悪役令嬢に転生してしまった...,No,,600000,4:46,100000
My Unique Skill Makes Me OP Even at Level 1: Season 1 // レベル1だけどユニークスキルで最強です: シーズン1,No,,600000,4:44,100000
Natsume's Book of Friends Three // 夏目友人帳 参,No,,600000,5:15,100000
Natsume's Book of Friends Four // 夏目友人帳 肆,No,,600000,5:15,100000
Natsume's Book of Friends Five // 夏目友人帳 伍,No,,600000,5:09,100000
Natsume's Book of Friends Six // 夏目友人帳 陸,No,,600000,5:09,100000
Negotiator: Season 1 // 交渉人～THE NEGOTIATOR～: シーズン1,No,,600000,6:17,100000
Night and Day: Season 1 // Nit i Dia,No,,600000,11:44,100000
"Notre-Dame: Limited Series // Notre-Dame, la part du feu: Mini-série",Yes,2022-10-19,600000,5:00,100000
On a Starry Night: Season 1 // 星降る夜に: シーズン1,No,,600000,6:56,100000
One Outs: season 1,No,,600000,9:30,100000
Outnumbered (2007): Series 2,No,,600000,4:02,100000
Outnumbered (2007): Series 4,No,,600000,4:12,100000
People and Gods: Season 1 // Ludzie i bogowie: Sezon 1,No,,600000,9:34,100000
Play Park: Season 1 // รักไม่คาดฝัน: ซีซั่น 1,No,,600000,6:13,100000
Poisonous Liaisons: Season 1,No,,600000,10:03,100000
Police and Prosecutor: Season 2 // ケイジとケンジ 所轄と地検の24時: 時々ハンジ。,No,,600000,6:47,100000
Portlandia: Season 2,No,,600000,4:30,100000
Power Players: Season 1 (Batch B),No,,600000,5:06,100000
Psycho-Pass // PSYCHO-PASS サイコパス,No,,600000,8:27,100000
Q-Force: Season 1,Yes,2021-09-02,600000,4:27,100000
Quantum Leap (2022): Season 2,No,,600000,9:10,100000
Quartet: Season 1 // カルテット: シーズン1,No,,600000,7:41,100000
Queen Sono: Season 1,Yes,2020-02-28,600000,4:14,100000
Rabbids Invasion: Season 2 // Les lapins crétins : Invasion: Saison 2,No,,600000,8:38,100000
Rise of the Raven // Hunyadi,No,,600000,9:45,100000
Rising Eagles: Season 1 // 열혈농구단: Season 1,No,,600000,9:22,100000
Rita: Season 3,Yes,2015-06-14,600000,5:32,100000
Roses & Chocolates: Season 1 // ورد وشوكولاته: موسم 1,No,,600000,6:49,100000
Sasaki and Peeps: Season 1 // 佐々木とピーちゃん: シーズン1,No,,600000,5:09,100000
Saudi Pro League: Kickoff: Season 1 // الدوري السعودي: موسم 1,Yes,2024-11-21,600000,4:23,100000
Second Love: Season 1 // セカンド・ラブ: シーズン1,No,,600000,5:39,100000
Secrets of Great British Castles: Season 2,No,,600000,4:23,100000
Smoking: Season 1 // スモーキング: シーズン1,Yes,,600000,4:45,100000
"So I'm a Spider, So What?: Season 1 // 蜘蛛ですが、なにか?: シーズン1",No,,600000,9:29,100000
So Not Worth It: Season 1 // 내일 지구가 망해버렸으면 좋겠어: 시즌 1,Yes,2021-06-18,600000,6:27,100000
Stranded with my Mother-in-Law: Season 2 // Ilhados com a Sogra: Temporada 2,No,2025-01-02,600000,6:48,100000
Stromberg: Staffel 2,No,,600000,4:38,100000
Strong Will: Season 1 // ลูกผู้ชายหัวใจเพชร: ซีซั่น 1,Yes,,600000,7:48,100000
Super Crooks: Season 1 // スーパー・クルックス: シーズン1,Yes,2021-11-25,600000,5:28,100000
Surgeon Elise: Season 1 // 外科医エリーゼ: シーズン1,No,,600000,4:44,100000
Sword Art Online Alicization  War of Underworld // ソードアート・オンライン アリシゼーション War of Underworld,No,,600000,9:05,100000
SWORDGAI The Animation: Part II // ソードガイ The Animation: パートII,Yes,2018-07-30,600000,4:31,100000
Taskmaster (2015): Season 8,No,,600000,7:02,100000
Taskmaster (2015): Season 9,No,,600000,7:03,100000
Terrorism Close Calls: Season 1,Yes,2018-10-26,600000,8:04,100000
The Ax In The Labyrinth: Season 1 // 両刃の斧: シーズン1,No,,600000,5:03,100000
The Call Center of Love: Lim Youngwoong: Season 1 // 사랑의 콜센타 임영웅 몰아보기: 시즌 1,No,,600000,5:04,100000
The Do-Over Damsel Conquers the Dragon Emperor: Season 1 // やり直し令嬢は竜帝陛下を攻略中: シーズン 1,No,,600000,4:44,100000
The Forsyte Saga (2002): Series 1,No,,600000,7:09,100000
The Great British Baking Show: The Professionals: Season 6,No,2023-02-01,600000,7:42,100000
The Hunt (2015): Season 1,No,,600000,6:44,100000
The Irregular at Magic High School: Visitor Arc // 魔法科高校の劣等生: 来訪者編,No,,600000,5:08,100000
The Irregular at Magic High School: Season 3 // 魔法科高校の劣等生: 第3シーズン,No,,600000,5:08,100000
The Last Bus: Season 1,Yes,2022-04-01,600000,5:49,100000
The Law of the Jungle: Season 1 // La ley de la selva: Temporada 1,No,2023-03-15,600000,6:52,100000
The Madame Blanc Mysteries: Season 1,No,,600000,4:29,100000
The Madame Blanc Mysteries: Season 2,No,,600000,5:11,100000
The Madame Blanc Mysteries: Season 3,No,,600000,5:15,100000
The Millionaire Detective: Season 2 // 富豪刑事: シーズン2,No,,600000,7:48,100000
The School Nurse Files: Season 1 // 보건교사 안은영: 시즌 1,Yes,2020-09-25,600000,5:06,100000
The Secret of the Greco Family: Season 1 // El secreto de la familia Greco: Temporada 1,Yes,,600000,7:05,100000
The Snitch’s Serenade: Season 1 // 密告はうたう 警視庁監察ファイル: シーズン1,No,,600000,5:27,100000
The Venture Bros.: Season 2,No,,600000,4:55,100000
The Victims' Game: Season 1 // 誰是被害者: 第 1 季 // 谁是被害者: 第 1 季,Yes,2020-04-30,600000,8:34,100000
The Way of the Househusband (2020): Season 1 // 極主夫道: シーズン1,No,,600000,7:39,100000
Thicha: Season 1 // ทิชา: ซีซั่น 1,No,,600000,6:40,100000
This Love Doesn't Have Long Beans: Season 1 // รักนี้ไม่มีถั่วฝักยาว: ซีซั่น 1,No,,600000,7:41,100000
Toilet-bound Hanako-kun: Season 2 // 地縛少年花子くん2,No,,600000,9:33,100000
Tokumei Kakarichou Tadano Hitoshi: Season 6 // 特命係長 只野仁(2007),No,,600000,7:48,100000
Tokyo Love Story: Season 1 // 東京ラブストーリー: シーズン1,No,,600000,8:31,100000
Tomorrow and I: Season 1 // อนาฅต: ซีซั่น 1,Yes,2024-12-04,600000,4:56,100000
Too Hot To Handle: Latino: Season 1 // Jugando con fuego: Latino: Temporada 1,No,2021-09-15,600000,5:00,100000
Two Faces of Thatri: Season 1 // ธาตรี': ซีซั่น 1,No,,600000,6:47,100000
Ultimate Beastmaster: No Surrender,No,2017-12-15,600000,10:53,100000
Viral Hit (2024): Season 1 // 喧嘩独学: シーズン1,No,,600000,4:34,100000
Welcome to Demon School!  Iruma-kun: Season 2 // 魔入りました! 入間くん: 第2シリーズ,No,,600000,8:35,100000
Who Killed Little Gregory?: Limited Series // Grégory: Mini-série,Yes,2019-11-20,600000,4:58,100000
Wild Kratts: Season 3,No,,600000,11:29,100000
Woman -My Life for My Children-: Season 1 // Woman: シーズン1,No,,600000,9:03,100000
Yano-kun’s Ordinary Days: Season 1 // 矢野くんの普通の日々: シーズン1,No,,600000,4:34,100000
Yowamushi Pedal: New Generation // 弱虫ペダル New Generation,No,,600000,9:54,100000
Yu Yu Hakusho: Ghost Files: Season 3 // 幽☆遊☆白書: シーズン3,No,,600000,11:04,100000
1983: Season 1,Yes,2018-11-30,500000,7:32,100000
7SEEDS: Part 1,Yes,2019-06-28,500000,5:07,100000
A Condition Called Love: Season 1 // 花野井くんと恋の病: シーズン1,No,,500000,4:44,100000
A Suitable Boy: Limited Series,No,2020-10-23,500000,5:48,100000
Ackley Bridge: Series 4,No,,500000,3:57,100000
Ackley Bridge: Series 5,No,,500000,3:58,100000
Agatha Christie's Poirot: Series 7,No,,500000,3:27,100000
Agatha Christie's Poirot: Series 8,No,,500000,3:26,100000
Akuma Kun: Season 1 // 悪魔くん: シーズン1,Yes,2023-11-09,500000,4:57,100000
Alaskan Bush People: Season 13,No,,500000,7:37,100000
Alaskan Bush People: Season 14,No,,500000,7:43,100000
All About the Washingtons: Season 1,Yes,2018-08-10,500000,4:06,100000
All Creatures Great and Small (2020): Season 1,No,,500000,5:31,100000
All Creatures Great and Small (2020): Season 2,No,,500000,5:24,100000
An Archdemon's Dilemma: How to Love Your Elf Bride: Season 1 // 魔王の俺が奴隷エルフを嫁にしたんだが、どう愛でればいい?: シーズン1,No,,500000,4:44,100000
"As a Reincarnated Aristocrat, I'll Use My Appraisal Skill to Rise in the World: Season 2 // 転生貴族、鑑定スキルで成り上がる: シーズン2",No,,500000,4:44,100000
Awake: The Million Dollar Game: Season 1,No,2019-06-14,500000,5:03,100000
Back Street Girls -GOKUDOLS-: Season 1 // Back Street Girls －ゴクドルズ－: シーズン1,Yes,2018-07-03,500000,3:57,100000
Banana Fish: Season 1,No,,500000,9:13,100000
Bangkok Breaking: Season 1 // Bangkok Breaking มหานครเมืองลวง: ซีซั่น 1,Yes,2021-09-23,500000,5:57,100000
Billionaire Island: Season 1 // Milliardærøya: Sesong 1,Yes,2024-09-12,500000,4:34,100000
BINI Docuseries: Season 1,Yes,,500000,3:54,100000
Bleach (2004): The Assault,No,,500000,7:18,100000
Bleach (2004): Arrancar: The Fierce Fight,No,,500000,6:26,100000
Bleach (2004): Arrancar vs Soul Reaper,No,,500000,6:21,100000
Bleach (2004): Arrancar: Battle in Karakura,No,,500000,6:50,100000
BoBoiBoy: Season 2,No,,500000,4:46,100000
Bottersnikes & Gumbles: Season 1,No,2016-08-19,500000,5:15,100000
Break Point: Season 1,Yes,2023-01-13,500000,7:57,100000
Break Point: Season 2,Yes,2024-01-10,500000,4:49,100000
Cagaster of an Insect Cage: Season 1 // 虫籠のカガステル: シーズン1,Yes,2020-02-06,500000,5:33,100000
Call of the Night: Season 2 // よふかしのうた: シーズン2,No,,500000,4:35,100000
Captive: Season 1,Yes,2016-12-09,500000,8:27,100000
Cardinal: Season 2,No,,500000,4:20,100000
Cardinal: Season 3,No,,500000,4:20,100000
Cardinal: Season 4,No,,500000,4:20,100000
Chef is a Great Detective: Season 1 // シェフは名探偵: シーズン1,No,,500000,5:55,100000
Chef's Table: Pizza: Limited Series,Yes,2022-09-07,500000,4:41,100000
Chicken Nugget: Limited Series // 닭강정: 리미티드 시리즈,Yes,2024-03-15,500000,5:21,100000
Chihayafuru: Full Circle: Season 1 // ちはやふる ーめぐりー: シーズン1,Yes,,500000,8:17,100000
Class: Season 1 // क्लास: सीज़न 1,Yes,2023-02-03,500000,6:59,100000
Cold Case S2 (JAPAN) // 連続ドラマW コールドケース ～真実の扉～: 連続ドラマW コールドケース2 ～真実の扉～,No,,500000,7:59,100000
Cold Case S3 (JAPAN) // 連続ドラマW コールドケース ～真実の扉～: 連続ドラマW コールドケース3 ～真実の扉～,No,,500000,7:59,100000
Crime Diaries: Night Out: Season 1 // Historia de un crimen: Colmenares: Temporada 1,Yes,2019-05-03,500000,5:51,100000
Curious George: Season 10,No,,500000,5:54,100000
Danger Mouse: Season 1,No,2016-04-29,500000,4:57,100000
Dark Gathering // ダークギャザリング: シーズン1,No,,500000,9:52,100000
Dark Tourist: Season 1,Yes,2018-07-20,500000,5:29,100000
Date My Daughter!: Season 1 // ウチの娘は、彼氏が出来ない!!: シーズン1,No,,500000,8:33,100000
Dear Sa-chan: Season 1 // さっちゃん、僕は。: シーズン1,No,,500000,4:03,100000
Degrassi: Next Class: Season 3,Yes,2017-01-06,500000,3:58,100000
Degrassi: Next Class: Season 4,Yes,2017-07-07,500000,3:58,100000
Dekin no Mogura: Season 1 // 出禁のモグラ: シーズン1,No,,500000,4:44,100000
Diagnosis: Season 1,Yes,2019-08-16,500000,5:29,100000
Diary Of Tootsies: Season 1 // ไดอารี่ตุ๊ดซี่ส์ เดอะ ซีรีส์,No,,500000,4:15,100000
Diary Of Tootsies: Season 2 // ไดอารี่ตุ๊ดซี่ส์ เดอะ ซีรีส์ ซีซั่น 2,No,,500000,5:51,100000
Dirty Money: Season 1,Yes,2018-01-26,500000,6:28,100000
Dogs in Space: Season 2,Yes,2022-09-15,500000,3:39,100000
Dragon Ball: Season 1 // ドラゴンボール: 悟空とブルマ編 (#1-13),No,,500000,5:19,100000
Entitled (2023): Season 1,No,,500000,3:44,100000
Fabulous Lives of Bollywood Wives: Season 1,No,2020-11-27,500000,4:52,100000
Fake Marriage: Season 1 // 偽装の夫婦: シーズン1,No,,500000,8:40,100000
Fakes: Season 1,Yes,2022-09-02,500000,4:05,100000
Fastest Car: Season 2,No,2019-09-20,500000,5:02,100000
Fearless: Season 1,Yes,2016-08-19,500000,4:13,100000
Flashpoint: Season 1,No,,500000,9:09,100000
Flint Town: Season 1,Yes,2018-03-02,500000,5:39,100000
Forest of Piano: Season 2 // ピアノの森: シーズン2,Yes,2019-01-27,500000,5:08,100000
Foyle's War: Series 7,No,,500000,4:33,100000
Foyle's War: Series 8,No,,500000,4:22,100000
Foyle's War: Series 9,No,,500000,4:25,100000
Framed! A Sicilian Murder Mystery: Season 2 // Incastrati: Stagione 2,Yes,2023-03-02,500000,3:33,100000
Fresh Meat: Series 2,No,,500000,5:22,100000
Fruits Basket: 2nd season // フルーツバスケット: 2nd season,No,,500000,9:55,100000
Fugitive Boys: Season 1 // 僕たちがやりました: シーズン1,No,,500000,7:47,100000
Full Speed: Season 2,Yes,2025-05-07,500000,3:57,100000
GINTAMA - Mr. Ginpachi’s Zany Class: Season 1 // 3年Z組銀八先生: シーズン1,No,,500000,4:50,100000
Glambitious: Season 1 // Biester: Staffel 1,No,,500000,7:38,100000
Gomorrah: Season 2 // Gomorra: Stagione 2,No,,500000,9:56,100000
Green Frontier: Limited Series // Frontera verde: Miniserie,Yes,2019-08-16,500000,5:32,100000
GTO: Great Teacher Onizuka (1998): Season 1 // GTO: シーズン1,No,,500000,9:31,100000
Hache: Season 2,Yes,2021-02-05,500000,4:27,100000
Hana-Kimi: Season 1 // 花ざかりの君たちへ: 第1期,No,,500000,4:48,100000
Hello Kitty: Super Style!: Season 1,No,,500000,9:43,100000
Hey Duggee: Season 4,No,,500000,4:45,100000
Hey Handsome‼ 2 // 「おいハンサム‼︎ 2」ディレクターズカット <完全> 版,No,,500000,6:24,100000
Hi Score Girl: Season 1 // ハイスコアガール: シーズン1,Yes,2018-07-21,500000,6:07,100000
Hit and Miss Tour: Season 5 // 니돈내산 독박투어: 시즌 5: 끝까지 간다,No,,500000,5:27,100000
How a Realist Hero Rebuilt the Kingdom: Season 2 // 現実主義勇者の王国再建記: シーズン2,No,,500000,5:07,100000
How do you like Wednesday?: The battle of sweets (2001) // 水曜どうでしょう: 対決列島～甘いもの国盗り物語～　プレミア版 (2001),No,,500000,3:48,100000
How do you like Wednesday?: Mopeds Throughout Japan (2011) // 水曜どうでしょう: 原付日本列島制覇 (2011),No,,500000,4:33,100000
How To Become Crazy Rich In Eastern Europe: Season 1 // Tajemnice Polskich Fortun: Sezon 1,No,,500000,6:17,100000
How To Build a Sex Room: Season 1,No,2022-07-08,500000,5:37,100000
How to Make It in America: Season 2,No,,500000,3:48,100000
I Heart Arlo: Season 1,Yes,2021-08-27,500000,4:50,100000
Il collegio: Season 3,No,,500000,9:57,100000
Informa: Beasts of The Underworld // インフォーマ -闇を生きる獣たち-,Yes,,500000,5:07,100000
Is Love Sustainable?: Season 1 // 持続可能な恋ですか? ～父と娘の結婚行進曲～: シーズン1,No,,500000,8:03,100000
Is She the Wolf?: Season 1 // オオカミちゃんには騙されない: シーズン1,No,2023-06-11,500000,8:53,100000
Ishura: 第1期 // 異修羅: 第1期,No,,500000,4:44,100000
It's Always Sunny in Philadelphia: Season 12,No,,500000,3:28,100000
It's Always Sunny in Philadelphia: Season 13,No,,500000,3:31,100000
Kau vs Aku: Season 1,No,,500000,5:48,100000
Kibaoh Klashers: Season 1,Yes,,500000,6:01,100000
Kisarazu Cat's Eye: Season 1 // 木更津キャッツアイ: シーズン1,No,,500000,6:56,100000
Kuromukuro: Season 1 // クロムクロ: シーズン1,Yes,2016-04-10,500000,5:12,100000
Kübra: Season 2,Yes,2024-06-06,500000,5:47,100000
LALIGA: All Access: Season 1 // LALIGA: Más allá del gol: Temporada 1,Yes,2024-07-15,500000,6:24,100000
Last Chance U: EMCC: Part 1,Yes,2016-07-29,500000,5:28,100000
Last Chance U: EMCC: Part 2,Yes,2017-07-21,500000,8:21,100000
Leviathan: Season 1 // リヴァイアサン: シーズン1,Yes,2025-07-10,500000,5:11,100000
Lilyhammer: Season 3,No,2014-11-21,500000,6:12,100000
Living with Yourself: Season 1,Yes,2019-10-18,500000,3:39,100000
Los Misterios De Laura: Season 1,No,,500000,7:43,100000
Love Is Blind: Brazil: Season 2 // Casamento às Cegas: Brasil: Temporada 2,No,2022-12-28,500000,9:44,100000
Love Rats: Season 1,No,,500000,6:12,100000
Make Up With Mud: Season 1 // 顔に泥を塗る: シーズン1,No,,500000,3:58,100000
Master of None: Season 1,Yes,2015-11-06,500000,4:54,100000
Medal of Honor: Season 1,Yes,2018-11-09,500000,7:18,100000
Midnight Diner: Season 3 // 深夜食堂: シーズン3,Yes,,500000,3:55,100000
Mission Afghanistan: Season 1 // Misja Afganistan: Sezon 1,No,,500000,9:36,100000
Mister Maker: Season 1,No,,500000,6:24,100000
Mortel: Season 1,Yes,2019-11-21,500000,4:55,100000
Muddy Dining Table: Season 1 // 泥濘の食卓: シーズン1,No,,500000,3:58,100000
Mulligan: Part 2,Yes,2024-05-24,500000,4:35,100000
My Daemon: Season 1 // ぼくのデーモン: シーズン１,Yes,2023-11-23,500000,5:28,100000
News Anchor: Season 1 // キャスター: シーズン1,No,,500000,8:46,100000
Open Your Eyes: Season 1 // Otwórz oczy: Sezon 1,Yes,2021-08-25,500000,4:44,100000
Our Fake Marriage: Season 1 // ウソ婚: シーズン1,No,,500000,4:34,100000
Pagan Peak: Season 2 // Der Pass: Staffel 2,No,,500000,6:33,100000
Pararescue Jumper: Season 1 // PJ ～航空救難団～: シーズン1,No,,500000,6:48,100000
Pending Train: Season 1 // ペンディングトレイン―8時23分、明日 君と: シーズン1,No,,500000,7:44,100000
Portlandia: Season 3,No,,500000,4:09,100000
Puerta 7: Season 1,Yes,2020-02-21,500000,5:26,100000
Queen: Season 1 // Królowa: Sezon 1,Yes,2022-06-23,500000,3:22,100000
Rabbids Invasion: Season 1 // Les lapins crétins : Invasion: Saison 1,No,,500000,8:24,100000
Ranking of Kings: Season 1 // 王様ランキング: シーズン1,No,,500000,8:46,100000
Raven of the Inner Palace: Season 1 // 後宮の烏: シーズン1,No,,500000,5:08,100000
Reboot: The Guardian Code: Season 2,Yes,2018-09-28,500000,3:38,100000
Rekaman Terlarang: Season 1,No,,500000,5:31,100000
"Rich House, Poor House: Season 5",No,,500000,4:12,100000
Rita: Season 4,Yes,2018-01-15,500000,5:24,100000
Rita: Season 5,Yes,2020-08-15,500000,5:14,100000
Robozuna: Season 1,Yes,2018-10-25,500000,3:50,100000
Ron Kamonohashi's Forbidden Deductions: 2nd Season // 鴨乃橋ロンの禁断推理: 2nd Season,No,,500000,5:09,100000
Ronja the Robber's Daughter: Part 2 // Ronja Rövardotter: Del 2,No,2024-10-24,500000,4:30,100000
Rookies in Love: Try. Fail? Love!: Season 1 // 내 마음이 몽글몽글 - 몽글 상담소: 시즌 1,No,,500000,3:42,100000
Royal Rumble: 2022,No,2025-01-01,500000,3:50,100000
Sailor Moon Crystal: Season 2 // 美少女戦士セーラームーン Crystal: 第2期ブラック・ムーン編,No,,500000,5:16,100000
Scoop: Season 1 // स्कूप: सीज़न 1,Yes,2023-06-01,500000,5:51,100000
Semiotoko: Season 1 // セミオトコ: シーズン1,No,,500000,6:24,100000
Signal: Season 1 // シグナル 長期未解決事件捜査班: シーズン1,No,,500000,7:59,100000
Stromberg: Staffel 3,No,,500000,3:45,100000
Stromberg: Staffel 4,No,,500000,4:15,100000
Suburbia - Women on the Edge: Season 1 // Vorstadtweiber: Staffel 1,No,,500000,8:03,100000
Sugar Rush Christmas: Season 2,No,2020-11-27,500000,5:12,100000
Summer Heat: Season 1 // Temporada de Verão: Temporada 1,Yes,2022-01-21,500000,6:20,100000
Superstition: Season 1,No,2018-04-29,500000,8:45,100000
Taskmaster (2015): Season 6,No,,500000,7:03,100000
Taskmaster (2015): Season 10,No,,500000,7:34,100000
Taskmaster (2015): Season 11,No,,500000,7:33,100000
Taskmaster (2015): Season 12,No,,500000,7:34,100000
Taskmaster (2015): Season 13,No,,500000,7:33,100000
Terrace House: Boys & Girls in the City: Part 1 // テラスハウス: Boys & Girls in the City: Part 1,No,2015-08-31,500000,8:35,100000
The Ancient Magus' Bride // 魔法使いの嫁,No,,500000,9:41,100000
The Andy Warhol Diaries: Limited Series,Yes,2022-03-09,500000,6:39,100000
The Ballad of Us Radio: 2026 // 무무X차차 우발라디오: 2026,No,,500000,5:16,100000
The Big Flower Fight: Season 1,No,2020-05-18,500000,5:17,100000
The Black Leather Notebook: Black Leather Notebook // 松本清張 黒革の手帖,No,,500000,6:05,100000
The Bridge: Season 1 // Bron: Säsong 1,No,,500000,9:35,100000
The Business of Drugs: Limited Series,Yes,2020-07-14,500000,4:15,100000
The Clubhouse: A Year with the Red Sox: Season 1,Yes,2025-04-08,500000,7:05,100000
The Elusive Samurai: Season 1 // 逃げ上手の若君: 第一期,No,,500000,4:44,100000
The Family: Limited Series,Yes,2019-08-09,500000,4:08,100000
The Get Down: Part 1,Yes,2016-08-12,500000,6:24,100000
The Hour of the Monster: 2025 // 괴물의 시간: 2025,No,,500000,4:36,100000
The Hovering Blade: Season 1 // 東野圭吾「さまよう刃」: シーズン1,No,,500000,4:58,100000
The Lazarus Project: Season 2,No,,500000,6:04,100000
The Mechanism: Season 1 // O Mecanismo: Temporada 1,Yes,2018-03-23,500000,5:47,100000
The Men of the Wada Family: Season 1 // 和田家の男たち: シーズン1,No,,500000,6:23,100000
The New Adventures of “Lassie” - Season 1,No,,500000,9:56,100000
The Promised Neverland: Season 1 // 約束のネバーランド: シーズン1,No,,500000,4:34,100000
The Science Club: Season 1 // ドラマ10 宙わたる教室: シーズン1,Yes,,500000,7:26,100000
The Secret of Us: Season 1 // ใจซ่อนรัก: ซีซั่น 1,No,,500000,6:37,100000
The Snitch’s Serenade: Season 2 // 密告はうたう 警視庁監察ファイル: シーズン2,No,,500000,6:30,100000
The Sons of Sam: A Descent into Darkness: Limited Series,Yes,2021-05-05,500000,4:00,100000
The Story of Angkasa: Season 1 // Dia Angkasa: Season 1,No,,500000,4:55,100000
The Ultimatum: France: Season 1 // Ultimatum : On se marie ou c'est fini: Saison 1,No,2022-12-30,500000,6:29,100000
The Venture Bros.: Season 3,No,,500000,4:57,100000
The Way We Live: Season 1 // 僕と彼女と彼女の生きる道: シーズン1,No,,500000,9:35,100000
"There Was a Cute Girl in the Hero’s Party, so I Tried Confessing to Her: Season 1 // 勇者パーティーにかわいい子がいたので、告白してみた。: シーズン1",No,,500000,5:11,100000
Tiny House Nation: Volume 1,No,2019-05-09,500000,4:45,100000
Titans: The Rise of Hollywood: Season 1,No,,500000,5:05,100000
TOBOT Galaxy Detectives: Swag’s Secret // 또봇V <갤럭시웨폰 4호의 비밀>,Yes,,500000,4:16,100000
Too Hot to Handle: Brazil: Season 2 // Brincando com Fogo: Brasil: Temporada 2,No,2022-09-28,500000,7:10,100000
Tsurune: Season 1 // ツルネ ―風舞高校弓道部―: シーズン1,No,,500000,5:11,100000
Tsurune -Linking Shot- // ツルネ ―風舞高校弓道部―: ツルネ －つながりの一射－,No,,500000,5:08,100000
Undead Unluck: Season 1 // アンデッドアンラック: シーズン1,No,,500000,9:31,100000
Under Ninja: Season 1 // アンダーニンジャ: シーズン1,No,,500000,4:50,100000
Unnamed Memory: Season 1,No,,500000,9:29,100000
Vampires: Season 1,Yes,2020-03-20,500000,4:01,100000
Waffles + Mochi: Season 1,Yes,2021-03-16,500000,4:42,100000
Wanderlust: Season 1,Yes,2018-10-19,500000,5:42,100000
Welcome to Demon School!  Iruma-kun: Season 3 // 魔入りました! 入間くん: 第3シリーズ,No,,500000,8:35,100000
Wellmania: Season 1,Yes,2023-03-29,500000,4:09,100000
Wild Cards: Season 1,No,,500000,7:18,100000
Winter Palace: Season 1,No,,500000,6:22,100000
"Winter, Grasping Love: Season 1 // 奪い愛、冬: シーズン1",No,,500000,5:36,100000
Wotakoi: Love is Hard for Otaku (2018) // ヲタクに恋は難しい,No,,500000,4:12,100000
WWE Elimination Chamber: 2024,No,2025-01-01,500000,3:28,100000
WWE WrestleMania: 2004,No,2025-01-01,500000,4:30,100000
"Yabe Kenzo, Assistant Police: Season 1 // 警部補 矢部謙三: シーズン1",No,,500000,4:46,100000
Yowamushi Pedal: Glory Line // 弱虫ペダル GLORY LINE,No,,500000,9:54,100000
#blackAF: Season 1,Yes,2020-04-17,400000,4:58,100000
10 count to the Future: Season 1 // 未来への10カウント: シーズン1,No,,400000,7:47,100000
2026 World Baseball Classic: Dominican Republic vs. Nicaragua // 2026 ワールドベースボールクラシック: ドミニカ共和国 対 ニカラグア,No,2026-03-06,400000,3:21*,100000
A Couple of Cuckoos: Season 2 // カッコウの許嫁: シーズン2,No,,400000,4:44,100000
A Girl and an Astronaut: Season 1 // Dziewczyna i kosmonauta: Sezon 1,Yes,2023-02-17,400000,4:44,100000
Aggretsuko: Season 3 // アグレッシブ烈子: シーズン3,Yes,2020-08-27,400000,2:46,100000
Aggretsuko: Season 4 // アグレッシブ烈子: シーズン4,Yes,2021-12-16,400000,3:06,100000
Aggretsuko: Season 5 // アグレッシブ烈子: シーズン5,Yes,2023-02-16,400000,3:17,100000
Aim for the Ace!: Season 1 // エースをねらえ!: シーズン1,No,,400000,6:53,100000
Alaskan Bush People: Season 12,No,,400000,4:51,100000
Amagi Brilliant Park: Season 1 // 甘城ブリリアントパーク: シーズン1,No,,400000,5:14,100000
ARA San Juan: The Submarine that Disappeared: Limited Series // ARA San Juan: El submarino que desapareció: Miniserie,Yes,2024-03-07,400000,3:48,100000
Beat Bugs: Season 1,Yes,2016-08-03,400000,5:25,100000
Beat Bugs: Season 3,Yes,2018-11-09,400000,6:28,100000
Beauty Newbie: シーズン1 // 私は整形美人: シーズン1,No,,400000,4:08,100000
Blindspot (2023): Season 1,No,,400000,2:51,100000
Bling Empire: Season 2,No,2022-05-13,400000,4:43,100000
Bungo Stray Dogs 2 // 文豪ストレイドッグス: 第2期,No,,400000,5:08,100000
Buy My House: Season 1,No,2022-09-02,400000,3:26,100000
Cells at Work!! (2018) // はたらく細胞!!,No,,400000,3:09,100000
Champion: Season 1,Yes,2024-01-11,400000,6:00,100000
Club de Cuervos Presents: The Ballad of Hugo Sánchez: Season 1 // Club de Cuervos presenta: La balada de Hugo Sánchez: Temporada 1,Yes,2018-06-17,400000,3:18,100000
Comedians in Cars Getting Coffee: Special Blend,No,2018-01-05,400000,4:35,100000
Comedy Chaos: Season 1 // Komedi Kacau: Season 1,Yes,2024-02-16,400000,5:06,100000
Das Boot (1985): Season 1,No,,400000,5:08,100000
Das Boot (2018): Season 2,No,,400000,7:32,100000
Dealing with Mikadono Sisters Is a Breeze: Season 1 // 帝乃三姉妹は案外、チョロい。: シーズン1,No,,400000,4:45,100000
Death Office: Season 1 // 死役所: シーズン1,No,,400000,5:19,100000
Death on the Canaries: Season 1 // Una vida menos en Canarias: Temporada 1,No,,400000,4:12,100000
Detective Anonymous: Season 1 // 匿名探偵: シーズン1,No,,400000,7:14,100000
Diablero: Season 2,Yes,2020-01-31,400000,3:37,100000
Dino Girl Gauko: Season 2 // 恐竜少女ガウ子: シーズン2,Yes,2020-03-20,400000,2:58,100000
Dope: Season 1,Yes,2017-12-22,400000,3:06,100000
Down to Earth with Zac Efron: Season 2: Down Under,Yes,2022-11-11,400000,5:20,100000
Dragon's Dogma: Season 1,Yes,2020-09-17,400000,3:06,100000
Drive Hard: The Maloof Way: Season 1,No,2022-08-26,400000,4:18,100000
Easy: Season 2,Yes,2017-12-01,400000,3:56,100000
Easy: Season 3,Yes,2019-05-10,400000,5:03,100000
Fabulous Lives of Bollywood Wives: Season 2,No,2022-09-02,400000,5:11,100000
Families Like Ours: Limited Series // Familier som vores: Miniserie,No,2025-06-10,400000,5:51,100000
Fastest Car: Season 1,No,2018-04-06,400000,6:05,100000
Foyle's War: Series 4,No,,400000,3:07,100000
Foyle's War: Series 5,No,,400000,3:06,100000
Fresh Meat: Series 3,No,,400000,5:12,100000
From Bureaucrat to Villainess: Dad’s Been Reincarnated! // 悪役令嬢転生おじさん: シーズン1,No,,400000,4:49,100000
GAMERA  -Rebirth-: Season 1,Yes,2023-09-07,400000,4:30,100000
Getaway and Go with Jangdobari: Season 3 // 장도바리바리: 시즌 3,No,,400000,7:10,100000
GG Precinct: Season 1 // 正港分局: 第 1 季,Yes,2024-08-22,400000,4:19,100000
Ghost in the Shell: SAC_2045: Season 1 // 攻殻機動隊 SAC_2045: シーズン1,Yes,2020-04-23,400000,5:01,100000
Gin Tama: Season 6 // 銀魂: 第2期延長戦,No,,400000,5:15,100000
Girls from Ipanema: Season 1 // Coisa Mais Linda: Temporada 1,Yes,2019-03-22,400000,5:13,100000
Glambitious: Season 2 // Biester: Staffel 2,No,,400000,7:29,100000
Glória: Season 1,Yes,2021-11-05,400000,7:21,100000
Grand Blue Dreaming Season 2 // ぐらんぶる: シーズン2,No,,400000,4:48,100000
Great Pretender: Season 2,Yes,2020-09-20,400000,3:32,100000
Hardball (2019): Season 1,No,,400000,4:49,100000
He Who Can't Marry: Season 2 // 結婚できない男: まだ結婚できない男,No,,400000,7:48,100000
He's Expecting: Season 1 // ヒヤマケンタロウの妊娠: シーズン1,Yes,2022-04-21,400000,3:25,100000
High Score: Limited Series,Yes,2020-08-19,400000,4:15,100000
Hip Hop Treasures: Season 1,No,,400000,5:34,100000
Home Economics: Season 3,No,,400000,4:40,100000
Hotel Inhumans: Season 1 // ホテル・インヒューマンズ: シーズン1,No,,400000,5:07,100000
How do you like Wednesday?: We made it! Covered 21 European countries (1997) // 水曜どうでしょう: ヨーロッパ21ヵ国完全制覇 プレミア版 (1997),No,,400000,3:50,100000
How do you like Wednesday?: Entry into the Arctic Circle: The 620 Miles of the Alaska Peninsula (1998) // 水曜どうでしょう: 北極圏突入 アラスカ半島620マイル プレミア版 (1998),No,,400000,2:42,100000
How do you like Wednesday?: What's up Europe? We've returned! (1999) // 水曜どうでしょう: ヨーロッパ・リベンジ プレミア版 (1999),No,,400000,3:04,100000
How do you like Wednesday?: Mission complete: we've encompassed 20 European countries (2007) // 水曜どうでしょう: ヨーロッパ20ヵ国完全制覇 完結編 プレミア版 (2007),No,,400000,3:27,100000
How do you like Wednesday?: Build a House in Hokkaido (2019) // 水曜どうでしょう: 北海道で家､建てます (2019),No,,400000,4:10,100000
I Wanna Be Sup'tar: Season 1 // วันหนึ่งจะเป็นซุปตาร์: ซีซั่น 1,Yes,,400000,7:46,100000
I’m Quitting Heroing // 勇者、辞めます: シーズン1,No,,400000,4:44,100000
I've Been Killing Slimes for 300 Years and Maxed Out My Level: Season 1 // スライム倒して300年、知らないうちにレベルMAXになってました,No,,400000,4:44,100000
Il collegio: Season 2,No,,400000,7:59,100000
Immigration Nation: Limited Series,Yes,2020-08-03,400000,6:19,100000
Inside the Criminal Mind: Season 1,Yes,2018-08-31,400000,3:14,100000
Irohani Chidori: Season 4 // いろはに千鳥: シーズン4,No,,400000,7:36,100000
Iron Chef: Mexico: Season 1 // Iron Chef: México: Temporada 1,No,2022-09-21,400000,6:56,100000
It's Always Sunny in Philadelphia: Season 14,No,,400000,3:13,100000
It's Always Sunny in Philadelphia: Season 15,No,,400000,2:56,100000
It's Always Sunny in Philadelphia: Season 16,No,,400000,2:56,100000
Jimmy: The True Story of a True Idiot: Season 1 // Jimmy～アホみたいなホンマの話～: シーズン1,Yes,2018-07-20,400000,6:51,100000
Junior Chef Showdown: Season 1,No,,400000,5:51,100000
K-foodie meets J-foodie: Season 2: The Ultimate Taste-off // 미친맛집: 미식가 친구의 맛집: 시즌2: 본격 맞대결!,No,,400000,4:45,100000
K-foodie meets J-foodie: Season 3: The Taste-off Tour // 미친맛집: 미식가 친구의 맛집: 시즌3: 출장 맛 대결,No,,400000,5:53,100000
KAKEGURUI TWIN: Season 1 // 賭ケグルイ双: シーズン1,Yes,2022-08-04,400000,2:42,100000
Katuri: Season 3 // 엄마 까투리: 시즌3,No,,400000,5:22,100000
Kukuli: Season 1,No,,400000,4:58,100000
Laid-Back Camp: Season 1 // ゆるキャン△: シーズン1,No,,400000,5:08,100000
Laid-Back Camp: Season 2 // ゆるキャン△: シーズン2,No,,400000,5:18,100000
Last Chance U: INDY: Part 2,Yes,2019-07-19,400000,7:56,100000
Last Chance U: Laney,Yes,2020-07-28,400000,7:05,100000
Last Chance U: Basketball: Season 1,Yes,2021-03-10,400000,7:38,100000
LAST HOPE: Part 1 // 重神機パンドーラ: パート1,Yes,2018-03-28,400000,5:08,100000
Legend Quest: Masters of Myth: Season 1,Yes,2019-10-05,400000,5:20,100000
Light the Night: Part 1 // 華燈初上: 第 1 部 // 华灯初上: 第 1 部分,Yes,2021-11-26,400000,6:25,100000
Losmen Bu Broto: The Series: Season 1,Yes,2025-05-29,400000,5:04,100000
Lost Ollie: Limited Series,Yes,2022-08-24,400000,3:02,100000
Love and Fortune: Season 1 // 恋のツキ: シーズン1,Yes,,400000,4:48,100000
Love Is A Poison: Season 1 // 毒恋～毒もすぎれば恋となる～: シーズン1,No,,400000,3:58,100000
Love Never Lies: Season 1 // Amor con fianza: Temporada 1,No,2021-11-11,400000,5:43,100000
Love Never Lies: Destination Sardinia: Season 1 // Amor con fianza: Destino Cerdeña: Temporada 1,No,2022-11-10,400000,6:30,100000
Lunatics: Season 1,Yes,2019-04-19,400000,6:01,100000
Maestro in Blue: Season 3 // Maestro: Σεζόν 3,Yes,2024-12-03,400000,4:31,100000
Makeine: Too Many Losing Heroines!: Season 1 // 負けヒロインが多すぎる!: シーズン1,No,,400000,4:50,100000
Making It in Marbella: Season 1 // Mäklarna i Marbella: Säsong 1,No,2024-10-01,400000,2:43,100000
Marseille: Season 1,Yes,2016-05-04,400000,5:29,100000
Marseille: Season 2,Yes,2018-02-23,400000,5:54,100000
MeatEater: Season 8,Yes,2019-10-18,400000,3:15,100000
Miss King: Season 1 // MISS KING / ミス・キング: シーズン1,Yes,,400000,4:48,100000
Mobile Suit Gundam 0083: Stardust Memory: Season 1 // 機動戦士ガンダム 0083 STARDUST MEMORY: シーズン1,No,,400000,6:04,100000
Monks in the Kitchen: Season 1 // 공양간의 셰프들: 시즌 1,No,,400000,3:40,100000
More than Blue: The Series: Season 1 // 比悲傷更悲傷的故事：影集版: 第 1 季 // 比悲伤更悲伤的故事：影集版: 第 1 季,Yes,2021-10-22,400000,7:34,100000
Mrs. Biggs: Season 1,No,,400000,4:19,100000
Muscles & Mayhem: An Unauthorized Story of American Gladiators: Limited Series,Yes,2023-06-28,400000,3:33,100000
My Frosty Coworker Is Only Sweet to Me: Season 1 // 低体温男子になつかれました。: シーズン1,No,,400000,3:18,100000
My Husband Won't Fit: Season 1 // 夫のちんぽが入らない: シーズン1,Yes,2019-03-20,400000,5:43,100000
My Lover My Killer: Season 1,No,,400000,4:29,100000
My Lovey Is A Foodie: Season 1 // 隣の男はよく食べる: シーズン1,No,,400000,5:00,100000
"My Neighbor, Chikara: Season 1 // となりのチカラ: シーズン1",No,,400000,7:24,100000
My Next Life As a Villainess: All Route Lead to Doom!: My Next Life As a Villainess All Routes Lead to Doom! X // 乙女ゲームの破滅フラグしかない悪役令嬢に転生してしまった...Ｘ,No,,400000,5:10,100000
My Stepmom's Daughter is My Ex: Season 1 // 継母の連れ子が元カノだった: シーズン1,No,,400000,4:44,100000
Nailed It! Holiday!: Season 2,No,2019-11-22,400000,3:13,100000
Narcoworld: Dope Stories: Season 1,Yes,2019-11-22,400000,2:41,100000
Negotiator: Season 2 // 交渉人～THE NEGOTIATOR～: シーズン2,No,,400000,7:00,100000
New Saga: Season 1 // 強くてニューサーガ: シーズン1,No,,400000,4:44,100000
New School: Season 1,No,,400000,5:50,100000
No Game No Life: Season 1 // ノーゲーム・ノーライフ: シーズン1,No,,400000,4:49,100000
Off the Hook: Season 1 // Détox: Saison 1,Yes,2022-09-01,400000,3:19,100000
Olóládé: Season 1,Yes,2023-11-24,400000,4:26,100000
Once Upon A Time: Season 4 // Pada Zaman Dahulu: Musim 4,No,,400000,3:53,100000
Outnumbered (2007): Series 3,No,,400000,2:54,100000
Outnumbered (2007): Series 5,No,,400000,3:32,100000
Pagan Peak: Season 3 // Der Pass: Staffel 3,No,,400000,6:00,100000
Paquita Salas: Season 3,Yes,2019-06-28,400000,3:13,100000
Pernille: Season 3 // Pørni: Sesong 3,No,2024-03-04,400000,2:48,100000
Pernille: Season 4 // Pørni: Sesong 4,No,2024-08-08,400000,2:47,100000
Plan B(roke): Season 1 // Liber Ca Pasarea Cerului: Sezonul 1,No,,400000,7:07,100000
Portlandia: Season 4,No,,400000,3:46,100000
Private Banker: Season 1 // プライベートバンカー: シーズン1,No,,400000,6:48,100000
Project UFO: Limited Series // Projekt UFO: Miniserial,Yes,2025-04-16,400000,3:21,100000
Project: Anchor SPM: Season 1 // Projek: Anchor SPM: Musim 1,No,,400000,6:05,100000
Prokurator: Season 1,No,,400000,7:22,100000
Recommendations for Solo Live Girls: Season 1 // ソロ活女子のススメ: シーズン1,No,,400000,4:48,100000
Recommendations for Solo Live Girls: Season 5 // ソロ活女子のススメ: シーズン5,No,,400000,4:00,100000
Red Cat Ramen: Season 1 // ラーメン赤猫: シーズン1,No,,400000,4:41,100000
Restaurant War Street King Thailand: Season 3 // ศึกพ่อค้าซ่าแม่ค้าแซ่บ: ซีซัน 3,No,,400000,2:47,100000
"Rich House, Poor House: Season 4",No,,400000,4:14,100000
Royal Rumble: 2001,No,2025-01-01,400000,2:50,100000
Royal Rumble: 2018,No,2025-01-01,400000,4:09,100000
Royal Rumble: 2019,No,2025-01-01,400000,4:40,100000
Royal Rumble: 2020,No,2025-01-01,400000,4:07,100000
Running Errands: Season 1 // Ayak İşleri: 1. Sezon,No,,400000,3:18,100000
Sailor Moon Crystal: Season 3 // 美少女戦士セーラームーン Crystal: 第3期デス・バスターズ編,No,,400000,5:13,100000
Say I Do: Season 1,No,2020-07-01,400000,7:20,100000
Screwballs: The Game of Death // 도라이버: 더 게임 오브 데스,No,,400000,4:18,100000
Selling Tampa: Season 1,No,2021-12-15,400000,4:19,100000
Shadow Leaks: Season 1 // Schattenseite: Season 1,No,,400000,4:10,100000
Shimajiro: A Wonderful Adventure: Season 2 // しまじろうのわお! 2021,No,,400000,5:45,100000
Siren: Survive the Island: Limited Series // 사이렌: 불의 섬: 리미티드 시리즈,No,2023-05-30,400000,7:07,100000
Six Nations: Full Contact: Season 2,Yes,2025-01-29,400000,5:31,100000
Solitary Gourmet: Season 1 // 孤独のグルメ: シーズン1,No,,400000,4:50,100000
Solitary Gourmet: Season 2 // 孤独のグルメ: シーズン2,No,,400000,6:45,100000
Solitary Gourmet: Season 3 // 孤独のグルメ: シーズン3,No,,400000,6:42,100000
Street Food: USA: Limited Series,Yes,2022-07-26,400000,3:10,100000
Stretch Armstrong & the Flex Fighters: Season 1,Yes,2017-11-17,400000,4:58,100000
Stromberg: Staffel 5,No,,400000,4:21,100000
Suburbia - Women on the Edge: Season 2 // Vorstadtweiber: Staffel 2,No,,400000,7:59,100000
Sugar Rush Christmas: Season 1,No,2019-11-29,400000,4:56,100000
Super Radical Gag Family: Season 1 // 浦安鉄筋家族: シーズン1,No,,400000,5:58,100000
Supppperman's Infinite Challenge: Season 3 // 슈뻘맨의 무한도전: 시즌 3,No,,400000,6:57,100000
Talentless TAKANO: Season 1 // 無能の鷹: シーズン1,No,,400000,6:24,100000
Teasing Master Takagi-san (2018): Season 1 // からかい上手の高木さん: シーズン1,No,,400000,5:07,100000
Terrace House: Opening New Doors: Part 1 // TERRACE HOUSE: オープニング・ニュー・ドアーズ: Part 1,No,2017-12-18,400000,5:10,100000
The Demon Sword Master of Excalibur Academy: Season 1 // 聖剣学院の魔剣使い: シーズン1,No,,400000,4:47,100000
The Dreaming Boy is a Realist: Season 1 // 夢見る男子は現実主義者: シーズン1,No,,400000,4:44,100000
The Escape Artist: Season 1,No,,400000,3:03,100000
The Final Score: Season 1 // Goles en contra: Temporada 1,No,2022-11-02,400000,5:14,100000
The Ghost Bride: Volume 1 // 彼岸之嫁: 第 1 輯,Yes,2020-01-23,400000,5:04,100000
The Gorilla God’s Go-To Girl: Season 1 // ゴリラの神から加護された令嬢は王立騎士団で可愛がられる: シーズン 1,No,,400000,4:44,100000
The Green Glove Gang: Season 1 // Gang Zielonej Rękawiczki: Sezon 1,Yes,2022-10-19,400000,4:22,100000
The Hook Up Plan: Season 3 // Plan Cœur: Saison 3,Yes,2022-01-01,400000,2:51,100000
The House Arrest of Us: Season 1,Yes,,400000,5:40,100000
The Influencer: Season 1 // 더 인플루언서: 시즌 1,No,2024-08-06,400000,7:26,100000
The Innocents: Season 1,Yes,2018-08-24,400000,6:47,100000
The Jury (2011): Season 1,No,,400000,4:47,100000
The Last Humanity: Season 1 // 최후의 인류: 시즌 1,No,,400000,3:09,100000
The Mechanism: Season 2 // O Mecanismo: Temporada 2,Yes,2019-05-10,400000,6:25,100000
The Movies That Made Us: Season 3,Yes,2021-10-12,400000,6:18,100000
The One: Season 1,Yes,2021-03-12,400000,5:41,100000
The Pentaverate: Season 1,Yes,2022-05-05,400000,2:41,100000
The Playbook: Season 1,Yes,2020-09-22,400000,2:50,100000
The Ricky Gervais Show: Season 1,No,,400000,5:16,100000
The Ricky Gervais Show: Season 2,No,,400000,5:11,100000
The Stranded: Season 1 // เคว้ง: ซีซั่น 1,Yes,2019-11-14,400000,5:44,100000
The Sunflower Disappeared In The Rain: Season 1 // 雨に消えた向日葵 : シーズン1,No,,400000,4:05,100000
The Unlikely Murderer: Limited Series // Den osannolika mördaren: Miniserie,Yes,2021-11-05,400000,3:55,100000
The Victims' Game: Season 2 // 誰是被害者: 第 2 季 // 谁是被害者: 第 2 季,Yes,2024-06-21,400000,7:22,100000
The Wiggles' World: Season 1,No,,400000,4:26,100000
The World's Most Amazing Vacation Rentals: Season 2,No,2021-09-14,400000,4:28,100000
The Yakuza's Guide to Babysitting // 組長娘と世話係: シーズン1,No,,400000,4:43,100000
This Monster Wants to Eat Me: Season 1 // 私を喰べたい、ひとでなし: シーズン1,No,,400000,5:07,100000
Tish Tash: Season 1 // 티시태시: 시즌 1,No,,400000,3:58,100000
Tokumei Kakarichou Tadano Hitoshi: Season 9 // 特命係長 只野仁(2009),No,,400000,6:06,100000
Tore: Season 1,Yes,2023-10-27,400000,3:09,100000
Touring After the Apocalypse: Season 1 // 終末ツーリング: シーズン1,No,,400000,4:44,100000
Trailer Park Boys: Out of the Park: USA: Season 1,Yes,2017-11-24,400000,3:56,100000
Treehouse Detectives: Season 2,Yes,2018-11-09,400000,4:00,100000
Trese: Season 1,Yes,2021-06-10,400000,2:55,100000
Trial by Fire: Limited Series // ट्रायल बाय फ़ायर: लिमिटेड सीरीज़,Yes,2023-01-12,400000,5:23,100000
Tuca & Bertie: Season 1,Yes,2019-05-03,400000,4:20,100000
Two Sentence Horror Stories: Season 3,No,,400000,3:28,100000
Ultraman: Season 3,Yes,2023-05-11,400000,5:07,100000
Unsuspicious: Season 1 // Nada Suspeitos: Temporada 1,Yes,2022-08-17,400000,4:31,100000
Untameable: Season 1 // Cristo y Rey: Temporada 1,No,,400000,7:02,100000
Vampire Knight: Season 2 // ヴァンパイア騎士: シーズン2,No,,400000,5:15,100000
War: Wrath and Revenge: Season 1,Yes,2023-12-28,400000,3:36,100000
We're Lalaloopsy: Season 1,Yes,2017-01-10,400000,4:56,100000
West Coast Customs: Season 1,No,,400000,7:14,100000
Why Does Nobody Remember Me in This World? // なぜ僕の世界を誰も覚えていないのか?,No,,400000,4:43,100000
WWE Survivor Series: 2024,No,2024-11-30,400000,3:22,100000
WWE WrestleMania: 2002,No,2025-01-01,400000,3:43,100000
WWE WrestleMania: 2003,No,2025-01-01,400000,3:47,100000
WWE WrestleMania: 2006,No,2025-01-01,400000,3:53,100000
WWE WrestleMania: 2009,No,2025-01-01,400000,3:57,100000
WWE WrestleMania: 2015,No,2025-01-01,400000,3:59,100000
WWE WrestleMania: 2021,No,2025-01-01,400000,6:22,100000
XOXO Playlist: Collection,No,,400000,5:46,100000
"Yabe Kenzo, Assistant Police: Season 2 // 警部補 矢部謙三: シーズン2",No,,400000,6:25,100000
Yakitori: Soldiers of Misfortune: Season 1 // ヤキトリ: シーズン1,Yes,2023-05-18,400000,3:13,100000
Yu Yu Hakusho: Ghost Files: Season 4 // 幽☆遊☆白書: シーズン4,No,,400000,7:07,100000
ワールドベースボールクラシック: 過去大会ダイジェスト: Season 1,No,,400000,3:57,100000
(Un)Well: Season 1,No,2020-08-12,300000,5:17,100000
100 Humans: Season 1,Yes,2020-03-13,300000,4:53,100000
2026 World Baseball Classic: Czechia vs. Chinese Taipei // 2026 ワールドベースボールクラシック: チェコ 対 チャイニーズ・タイペイ,No,2026-03-06,300000,2:29*,100000
6ixtynin9 The Series: Limited Series // เรื่องตลก69 เดอะซีรีส์: ลิมิเต็ดซีรีส์,Yes,2023-09-06,300000,4:41,100000
7SEEDS: Part 2,Yes,2020-03-26,300000,4:53,100000
A Place Further than the Universe: Season 1 // 宇宙よりも遠い場所: シーズン1,No,,300000,5:09,100000
A Pub from a Different World: Season 1 // 異世界居酒屋「のぶ」: シーズン1,No,,300000,4:15,100000
A Pub from a Different World: Season 2 // 異世界居酒屋「のぶ」: Season2～魔女と大司教編～,No,,300000,4:17,100000
A Pub from a Different World: Season 3 // 異世界居酒屋「のぶ」: Season3～皇帝とオイリアの王女編～,No,,300000,4:24,100000
A Storm for Christmas: Limited Series // Julestorm: Miniserie,Yes,2022-12-16,300000,3:22,100000
A-List to Playlist: Season 1 // 신인가수 조정석: 시즌 1,No,2024-08-30,300000,6:00,100000
Absolute Beginners: Season 1 // Absolutni debiutanci: Sezon 1,Yes,2023-10-25,300000,4:42,100000
Adventure Beast: Season 1,Yes,2021-10-22,300000,3:46,100000
African Queens: Njinga: Limited Series,Yes,2023-02-15,300000,3:06,100000
Amazing Interiors: Season 1,No,2018-07-20,300000,5:08,100000
Ameku M.D.: Doctor Detective: Season 1 // 天久鷹央の推理カルテ: シーズン1,No,,300000,4:48,100000
American Vandal: Season 1,Yes,2017-09-15,300000,4:30,100000
Arab Maklum: Season 1,No,,300000,4:27,100000
Archibald's Next Big Thing: Season 1,Yes,2019-09-06,300000,5:14,100000
Archibald's Next Big Thing: Season 2,Yes,2020-03-20,300000,5:14,100000
Ares: Season 1,Yes,2020-01-17,300000,3:54,100000
Asbest: Season 1,No,,300000,3:19,100000
"At 25:00, in Akasaka: Season 1 // 25時、赤坂で: シーズン1",No,,300000,4:00,100000
Avamposti: Season 1,No,,300000,5:26,100000
Avamposti: Season 2,No,,300000,4:40,100000
Beavis and Butt-head (1993): The Mike Judge Collection: Vol. 3,No,,300000,3:03,100000
Best of The Great Indian Kapil Show: Season 1 // बेस्ट ऑफ़ द ग्रेट इंडियन कपिल शो: सीज़न 1,No,2024-07-06,300000,2:15,100000
Big Vape: The Rise and Fall of Juul: Limited Series,Yes,2023-10-11,300000,3:09,100000
Black Butler -Public School Arc- // 黒執事 -寄宿学校編-,No,,300000,4:21,100000
Black Butler -Emerald Witch Arc- // 黒執事 -緑の魔女編-,No,,300000,5:08,100000
Black Patriots: Season 1,No,,300000,2:08,100000
Black Summoner: Season 1 // 黒の召喚士: シーズン1,No,,300000,4:44,100000
Blue Exorcist: Kyoto Saga // 青の祓魔師 京都不浄王篇,No,,300000,4:48,100000
Blue Exorcist -Shimane Illuminati Saga- // 青の祓魔師 島根啓明結社篇,No,,300000,4:44,100000
Blue Exorcist -Beyond the Snow Saga- // 青の祓魔師 雪ノ果篇,No,,300000,4:44,100000
Blue Exorcist -The Blue Night Saga- // 青の祓魔師 終夜篇,No,,300000,4:44,100000
Bobby Kennedy for President: Chapters 1-4,Yes,2018-04-27,300000,4:08,100000
BONDING: Season 2,Yes,2021-01-27,300000,2:35,100000
Botan Kamiina Fully Blossoms When Drunk: Season 1 // 上伊那ぼたん、酔へる姿は百合の花: シーズン1,No,,300000,4:45,100000
Buddy Daddies: Season 1,No,,300000,4:48,100000
Bungo Stray Dogs 3 // 文豪ストレイドッグス: 第3期,No,,300000,4:44,100000
Bungo Stray Dogs 4 // 文豪ストレイドッグス: 第4期,No,,300000,5:08,100000
Bungo Stray Dogs 5 // 文豪ストレイドッグス: 第5期,No,,300000,4:21,100000
Cam and Leon: Season 1,No,,300000,4:26,100000
Chasing Borderless Crime: 2025 // 갱단과의 전쟁: 2025,No,,300000,4:48,100000
Chef's Table: Volume 1,Yes,2015-04-26,300000,4:51,100000
Chef's Table: BBQ: Limited Series,Yes,2020-09-02,300000,2:57,100000
Cherry Magic! Thirty Years of Virginity Can Make You a Wizard?! (2024): Season 1 // 30歳まで童貞だと魔法使いになれるらしい: シーズン1,No,,300000,4:44,100000
Chongmmyung: Season 4 // 총몇명: 시즌4,No,,300000,4:15,100000
Cindy la Regia: The High School Years: Season 1 // Cindy la Regia: La serie: Temporada 1,Yes,2023-12-20,300000,3:15,100000
Class of '96: Rise of a Nation: Season 1,No,,300000,5:06,100000
Comedians in Cars Getting Coffee: Late Night Espresso,No,2018-01-05,300000,4:13,100000
Comedians in Cars Getting Coffee: New 2018: Freshly Brewed,No,2018-07-06,300000,3:38,100000
Comedians in Cars Getting Coffee: New 2019: Freshly Brewed,No,2019-07-19,300000,3:46,100000
Criminal: Germany: Limited Series // Criminal: Deutschland: Miniserie,Yes,2019-09-20,300000,2:12,100000
Curious George: Season 11,No,,300000,5:53,100000
Danger Mouse: Season 2,No,2016-11-09,300000,5:02,100000
Dead End: Season 1 // Pewnego razu na krajowej jedynce: Sezon 1,Yes,2022-12-01,300000,2:49,100000
DEAW#13 Udom Taephanich Stand Up Comedy Show // เดี่ยว 13,No,2022-10-11,300000,2:53,100000
Decoupled: Season 1,Yes,2021-12-17,300000,4:09,100000
Derek: Season 2,Yes,2014-05-30,300000,2:21,100000
Designing Miami: Season 1,No,2022-09-21,300000,5:20,100000
Dino Girl Gauko: Season 1 // 恐竜少女ガウ子: シーズン1,Yes,2019-11-22,300000,3:08,100000
Dogs: Season 2,Yes,2021-07-07,300000,3:18,100000
Down to Earth with Zac Efron: Season 1,No,2020-07-10,300000,5:17,100000
Draft King: Season 1 // ドラフトキング: シーズン1,No,,300000,4:24,100000
Dragon Age: Absolution: Season 1,Yes,2022-12-09,300000,2:35,100000
Dragon Ball Super: Season 1 // ドラゴンボール超: 第1部,No,,300000,5:27,100000
Dragon Ball Super: Season 4 // ドラゴンボール超: 第4部,No,,300000,5:51,100000
Dragon Ball Super: Season 7 // ドラゴンボール超: 第7部,No,,300000,5:27,100000
Dragon Ball Super: Season 8 // ドラゴンボール超: 第8部,No,,300000,5:25,100000
Dragon Ball Super: Season 9 // ドラゴンボール超: 第9部,No,,300000,5:00,100000
Ed & Ryu: Mad About Seafood: Season 1,No,,300000,3:25,100000
Ejakulasi Dini: Season 1,No,,300000,5:41,100000
Ejen Ali: Season 1,No,,300000,4:42,100000
Ejen Ali: Season 2,No,,300000,4:43,100000
Empire Games: Season 1,No,2018-10-05,300000,4:52,100000
End of the Line: Season 1 // Ponto Final: Temporada 1,Yes,2024-01-17,300000,2:43,100000
Evening Drink Style: Season 1 // 晩酌の流儀: シーズン1,No,,300000,3:40,100000
Evening Drink Style: Season 2 // 晩酌の流儀: シーズン2,No,,300000,4:52,100000
Evening Drink Style: Season 4 Summer Edition // 晩酌の流儀: シーズン4 ～夏編～,No,,300000,3:58,100000
Exorcist: Season 1 // Egzorcysta: Sezon 1,No,2019-12-21,300000,2:27,100000
Explained: Season 3,Yes,2021-07-16,300000,5:28,100000
Fat Friends: Season 1,No,,300000,4:57,100000
Feedback: Season 1 // Informacja Zwrotna: Sezon 1,Yes,2023-11-15,300000,4:17,100000
Feel Good: Season 2,Yes,2021-06-04,300000,2:45,100000
Finding Alice: Season 1,No,,300000,4:37,100000
Foomuk: Season 1 // 푸먹: 시즌1,No,,300000,2:37,100000
Franco: The Brutal Truth about Spain’s Dictator // Die Wahrheit über Franco - Spaniens vergessene Diktatur,No,,300000,3:51,100000
Fresh Meat: Series 4,No,,300000,3:55,100000
"Fresh, Fried & Crispy: Season 1",No,2021-06-09,300000,3:26,100000
Full Speed: Season 1,Yes,2024-01-30,300000,3:55,100000
Fushigi Dagashiya Zenitendou: Season 4 // ふしぎ駄菓子屋 銭天堂: 第4期,No,,300000,4:57,100000
Gantz (2004): The Second Stage,No,,300000,4:58,100000
Ghost in the Shell: SAC_2045: Season 2 // 攻殻機動隊 SAC_2045: シーズン 2,Yes,2022-05-23,300000,5:08,100000
Girls5eva: Season 2,No,2023-02-01,300000,3:52,100000
Giver / Taker: Season 1 // ギバーテイカー: シーズン1,No,,300000,4:09,100000
Grand Blue Dreaming // ぐらんぶる: シーズン1　　,No,,300000,4:51,100000
Hello Carbot 5: Season 14  X // 헬로카봇: 시즌14 X,No,,300000,4:59,100000
High School! KIMENGUMI: Season 1 // ハイスクール! 奇面組 (2026): シーズン1,No,,300000,4:35,100000
"High Valley, Top Hero: 2026 // 산골총각 영웅: 2026",No,,300000,2:53,100000
Holly Hobbie: Season 1,No,,300000,3:55,100000
Home Economics: Season 1,No,,300000,2:31,100000
How do you like Wednesday?: Let's roll for it! 3 (1997) // 水曜どうでしょう: サイコロ3 プレミア版 (1997),No,,300000,2:42,100000
"How do you like Wednesday?: Last Run, 1800km Down Vietnam (2002) // 水曜どうでしょう: 原付ベトナム縦断1800キロ (2002)",No,,300000,2:59,100000
How do you like Wednesday?: Jungle Revenge (2004) // 水曜どうでしょう: ジャングル・リベンジ (2004),No,,300000,2:39,100000
How do you like Wednesday?: Crazy Fishing in lriomote-jima (2005) // 水曜どうでしょう: 激闘! 西表島 (2005),No,,300000,3:02,100000
How do you like Wednesday?: Our 21st year completing our mission in 21 European countries (2020) // 水曜どうでしょう: 21年目のヨーロッパ21ヵ国完全制覇 (2020),No,,300000,2:39,100000
I Hate Christmas: Season 1 // Odio il Natale: Stagione 1,Yes,2022-12-07,300000,3:14,100000
I Hate Christmas: Season 2 // Odio il Natale: Stagione 2,Yes,2023-12-07,300000,3:18,100000
I'll Write You a Real Death Game: Season 1 // デスゲームで待ってる: シーズン1,No,,300000,4:00,100000
Influence: Season 1 // インフルエンス: シーズン1,No,,300000,4:03,100000
Inssa Family: Season 3 // 인싸가족: 시즌3,No,,300000,4:56,100000
Jack Whitehall: Travels with My Father: Season 2,Yes,2018-09-28,300000,2:27,100000
Jake Paul vs. Mike Tyson,No,2024-11-15,300000,4:44,100000
James Acaster: Repertoire: Collection,No,2018-03-27,300000,3:26,100000
Jiva!: Season 1,Yes,2021-06-24,300000,3:11,100000
John of God: The Crimes of a Spiritual Healer: Season 1 // João de Deus - Cura e Crime: Temporada 1,Yes,2021-08-25,300000,3:25,100000
Juanpis González - The Series: Season 1 // Juanpis González - La serie: Temporada 1,No,2022-01-19,300000,4:20,100000
Justin Time (2011): Season 1,No,,300000,4:54,100000
Justin Time (2011): Season 2,No,,300000,4:54,100000
Katuri: Season 6 // 엄마 까투리: 시즌6,No,,300000,4:52,100000
Kau vs Aku: Season 2,No,,300000,5:49,100000
King of Stonks: Season 1,Yes,2022-07-06,300000,4:42,100000
Kulipari: An Army of Frogs: Season 1,Yes,2016-09-02,300000,5:00,100000
Kuromukuro: Season 2 // クロムクロ: シーズン2,Yes,2016-07-10,300000,5:12,100000
Laid-Back Camp: Season 3 // ゆるキャン△: シーズン3,No,,300000,5:05,100000
Leila: Season 1 // लैला: सीज़न 1,Yes,2019-06-14,300000,4:36,100000
Lost Souls: Season 1 // Bludičky: 1. řada,No,,300000,4:20,100000
"Love, Chunibyo & Other Delusions! // 中二病でも恋がしたい！",No,,300000,4:44,100000
Luna Park: Season 1,Yes,2021-09-30,300000,5:00,100000
Maldivas: Season 1,Yes,2022-06-15,300000,4:15,100000
Man on Pause: Limited Series // Andropoz: Mini Dizi,Yes,2022-10-07,300000,4:29,100000
Master of None: Season 2,Yes,2017-05-12,300000,5:29,100000
MeatEater: Season 9 Part 1,Yes,2020-09-16,300000,2:05,100000
MeatEater: Season 9 Part 2,Yes,2021-02-17,300000,2:19,100000
Medaka Kuroiwa Is Impervious to My Charms: Season 1 // 黒岩メダカに私の可愛いが通じない: シーズン1,No,,300000,4:46,100000
Metal Shop Masters: Season 1,No,2021-09-10,300000,3:22,100000
Midnight Snack: Season 1 // 月読くんの禁断お夜食: シーズン1,No,,300000,3:58,100000
Million Dollar Beach House: Season 1,No,2020-08-26,300000,2:45,100000
Millionaire Holiday Home Swap: Season 1,No,,300000,4:39,100000
Minato’s Laundromat: Season 1 // みなと商事コインランドリー: シーズン1,No,,300000,5:00,100000
Minato’s Laundromat: Season 2 // みなと商事コインランドリー: シーズン2,No,,300000,5:00,100000
Mobile Suit Gundam GQuuuuuuX: Season 1 // 機動戦士Gundam GQuuuuuuX(ジークアクス): シーズン1,No,,300000,4:59,100000
Mobile Suit Gundam: The 08th MS Team: Season 1 // 機動戦士ガンダム第08ＭＳ小隊: シーズン1,No,,300000,4:32,100000
Mogura: Season 1 // 警視庁麻薬取締課 MOGURA: シーズン1,Yes,,300000,3:41,100000
Monroe: Series 1,No,,300000,4:36,100000
Mortel: Season 2,Yes,2021-07-02,300000,5:29,100000
Murderesses: Season 1 // Morderczynie: Sezon 1,No,,300000,4:16,100000
Murderville: Season 1,Yes,2022-02-03,300000,3:20,100000
My Next Guest Needs No Introduction With David Letterman: Season 5,No,2024-06-12,300000,2:19,100000
Nailed It! Holiday!: Season 1,No,2018-12-07,300000,3:59,100000
New School: Season 2,No,,300000,5:09,100000
New School: Season 3,No,,300000,5:04,100000
Nihontouitsu Hokkaido Series: Season 1 // 日本統一 北海道編 ノーカット完全版: シーズン1,No,,300000,4:51,100000
Nihontouitsu Kanto-Hen No Cut Version: Season 1 // 日本統一 関東編 ノーカット完全版: シーズン1,No,,300000,5:19,100000
November 13: Attack on Paris: Limited Series // 13 Novembre : Fluctuat Nec Mergitur: Mini-série,Yes,2018-06-01,300000,2:42,100000
Odd Taxi: Season 1 // オッドタクシー: シーズン1,No,,300000,5:10,100000
Oedo Fire Slayer -the Legend of Phoenix-: Season 1 // 火喰鳥 羽州ぼろ鳶組: シーズン1,No,,300000,4:44,100000
Old Enough!: Season 2 // はじめてのおつかい: シーズン2,No,,300000,2:31,100000
Once Upon A Time: Season 3 // Pada Zaman Dahulu: Musim 3,No,,300000,3:54,100000
One Piece: Whole Cake Island ⑧ // ワンピース: ホールケーキアイランド編⑧,No,,300000,5:31,100000
Osmosis: Season 1,Yes,2019-03-29,300000,5:40,100000
Paquita Salas: Season 2,Yes,2018-06-29,300000,2:13,100000
Paranormal: Season 1 // ما وراء الطبيعة: موسم 1,Yes,2020-11-05,300000,5:03,100000
Pastewka: Staffel 4,No,,300000,4:37,100000
Per Elisa – Il Caso Claps: Season 1,No,,300000,5:48,100000
Ping Pong the Animation: Season 1 // ピンポン THE ANIMATION: シーズン1,No,,300000,4:13,100000
"Piñata Masters!: Season 1 // ¡Dale, dale, dale!: Temporada 1",No,2022-12-23,300000,4:57,100000
Pocoyo: Season 1 // Pocoyó: Temporada 1,No,,300000,5:58,100000
"Poison Daughter, Holy Mother: Season 1 // 湊かなえ ポイズンドーター・ホーリーマザー: シーズン1",No,,300000,5:07,100000
Polly Pocket: Season 5,No,,300000,4:58,100000
Pororo & Fairy Tales: Season 1 // 뽀로로 동화나라: 시즌 1,No,,300000,2:18,100000
Portlandia: Season 5,No,,300000,3:36,100000
Portlandia: Season 6,No,,300000,3:34,100000
Portlandia: Season 7,No,,300000,3:35,100000
Queer Eye: We're in Japan!: Season 1,No,2019-11-01,300000,3:22,100000
Rascal Does Not Dream of Santa Claus: Season 1 // 青春ブタ野郎はサンタクロースの夢を見ない: シーズン1,No,,300000,5:12,100000
Raw Weekly Recap: 2026,No,2026-01-08,300000,4:36,100000
"Reborn as a Vending Machine, I Now Wander the Dungeon: Season 1 // 自動販売機に生まれ変わった俺は迷宮を彷徨う: シーズン1",No,,300000,4:44,100000
Recommendations for Solo Live Girls: Season 4 // ソロ活女子のススメ: シーズン4,No,,300000,4:48,100000
Reign of the Seven Spellblades: Season 1 // 七つの魔剣が支配する: シーズン1,No,,300000,5:55,100000
Reverse 4 You // ดาวบริวาร,Yes,,300000,5:42,100000
revisions: Season 1,Yes,2019-01-09,300000,4:37,100000
"Rich House, Poor House: Season 3",No,,300000,4:57,100000
Robozuna: Season 2,Yes,2019-03-15,300000,3:50,100000
Rotten: Season 2,Yes,2019-10-04,300000,5:41,100000
Royal Rumble: 1998,No,2025-01-01,300000,2:45,100000
Royal Rumble: 1999,No,2025-01-01,300000,2:43,100000
Royal Rumble: 2000,No,2025-01-01,300000,2:42,100000
Royal Rumble: 2002,No,2025-01-01,300000,2:44,100000
Royal Rumble: 2003,No,2025-01-01,300000,2:38,100000
Royal Rumble: 2004,No,2025-01-01,300000,2:42,100000
Royal Rumble: 2005,No,2025-01-01,300000,2:52,100000
Royal Rumble: 2006,No,2025-01-01,300000,2:45,100000
Royal Rumble: 2007,No,2025-01-01,300000,2:44,100000
Royal Rumble: 2008,No,2025-01-01,300000,2:47,100000
Royal Rumble: 2009,No,2025-01-01,300000,2:43,100000
Royal Rumble: 2010,No,2025-01-01,300000,2:39,100000
Royal Rumble: 2016,No,2025-01-01,300000,3:00,100000
Royal Rumble: 2017,No,2025-01-01,300000,3:31,100000
Royal Rumble: 2021,No,2025-01-01,300000,3:48,100000
Running Errands: Season 2 // Ayak İşleri: 2. Sezon,No,,300000,4:28,100000
Sakanototyyuu no Ie (TBA): Season 1 // 坂の途中の家: シーズン1,No,,300000,5:06,100000
Salt Fat Acid Heat: Limited Series,Yes,2018-10-11,300000,2:51,100000
Samurai Gourmet: Season 1 // 野武士のグルメ: シーズン1,Yes,2017-03-16,300000,4:15,100000
Sanda: Season 1,No,,300000,4:44,100000
Savage Rhythm: Season 1 // Ritmo salvaje: Temporada 1,Yes,2022-03-02,300000,5:06,100000
Se Avexe Não: Season 1,No,,300000,4:05,100000
Sebastian Maniscalco: Why Would You Do That?: Special,No,,300000,2:17,100000
Secret Life of the Zoo: Season 3,No,,300000,5:25,100000
Seis Manos: Season 1,Yes,2019-10-03,300000,3:37,100000
Serres: Season 2 // Σέρρες: Σεζόν 2,No,,300000,5:39,100000
Seven Doors: Season 1,No,2024-12-13,300000,4:12,100000
She's Gotta Have It: Season 1,Yes,2017-11-23,300000,5:51,100000
Sister Yell TV: Season 1 // 옐언니TV: 시즌1,No,,300000,3:13,100000
SKAM Italia: Season 1,No,2019-12-31,300000,4:11,100000
SKAM Italia: Season 3,No,2019-12-31,300000,4:04,100000
Skin Decision: Before and After: Season 1,No,2020-07-15,300000,5:21,100000
Skylines: Season 1,Yes,2019-09-27,300000,5:37,100000
Sluzby specjalne: Season 1 // Służby specjalne: Sezon 1,No,,300000,3:45,100000
So I Could Not Kill: Season 1 // だから殺せなかった : シーズン1,No,,300000,4:09,100000
Solitary Gourmet: Season 5 // 孤独のグルメ: シーズン5,No,,300000,5:41,100000
Solitary Gourmet: Season 6 // 孤独のグルメ: シーズン6,No,,300000,5:53,100000
Solitary Gourmet: Season 7 // 孤独のグルメ: シーズン7,No,,300000,5:56,100000
Solitary Gourmet: Season 8 // 孤独のグルメ: シーズン8,No,,300000,5:58,100000
Solitary Gourmet: Season 9 // 孤独のグルメ: シーズン9,No,,300000,5:59,100000
Solitary Gourmet: Season 10 // 孤独のグルメ: シーズン10,No,,300000,5:59,100000
Someone Has to Die: Limited Series // Alguien tiene que morir: Miniserie,Yes,2020-10-16,300000,2:31,100000
Soon Comes Night: Season 1,No,2024-01-19,300000,4:20,100000
Sound! Euphonium // 響け! ユーフォニアム,No,,300000,5:08,100000
Sound! Euphonium 2 // 響け! ユーフォニアム 2,No,,300000,5:32,100000
Sound! Euphonium 3 // 響け! ユーフォニアム 3,No,,300000,5:24,100000
Stay Here: Season 1,No,2018-08-17,300000,4:16,100000
Street Food: Latin America: Limited Series // Street Food: Latinoamérica: Miniserie,Yes,2020-07-21,300000,3:09,100000
Super Rich in Korea: Season 1 // 슈퍼리치 이방인: 시즌 1,No,2024-05-07,300000,2:59,100000
Super Rich Sleepover: Season 2,No,,300000,4:20,100000
Swap Shop: Season 1,No,2021-11-09,300000,3:00,100000
Swap Shop: Season 2,No,2022-02-16,300000,2:58,100000
Tangata Pai: Season 1,No,,300000,5:58,100000
Tengu’s Kitchen: Season 1 // 天狗の台所: シーズン1,No,,300000,4:02,100000
Terrace House: Opening New Doors: Part 2 // TERRACE HOUSE: オープニング・ニュー・ドアーズ: Part 2,No,2018-02-26,300000,5:14,100000
Terrace House: Opening New Doors: Part 3 // TERRACE HOUSE: オープニング・ニュー・ドアーズ: Part 3,No,2018-05-07,300000,5:10,100000
Terrace House: Opening New Doors: Part 4 // TERRACE HOUSE: オープニング・ニュー・ドアーズ: Part 4,No,2018-07-16,300000,5:12,100000
Terrace House: Opening New Doors: Part 5 // TERRACE HOUSE: オープニング・ニュー・ドアーズ: Part 5,No,2018-09-24,300000,4:54,100000
Terrace House: Opening New Doors: Part 6 // TERRACE HOUSE: オープニング・ニュー・ドアーズ: Part 6,No,2018-12-03,300000,5:56,100000
The Cabin with Bert Kreischer: Season 1,No,2020-10-13,300000,2:12,100000
The Chef Show: Season 2 - Volume 1,Yes,2020-09-24,300000,2:30,100000
The City of Friends: Season 2 // Vennebyen,No,,300000,4:33,100000
The Exchange: Season 1 // الصفقة: موسم 1,Yes,2023-02-08,300000,5:08,100000
The Forsyte Saga (2002): Series 2,No,,300000,4:49,100000
The Green Glove Gang: Season 2 // Gang Zielonej Rękawiczki: Sezon 2,Yes,2024-07-17,300000,4:45,100000
The Hunt for Veerappan: Limited Series,Yes,2023-08-04,300000,3:22,100000
The Indrani Mukerjea Story: Buried Truth: Season 1,Yes,2024-02-29,300000,3:04,100000
The Letdown: Season 1,Yes,2018-04-21,300000,3:23,100000
The Lying Life of Adults: Limited Series // La vita bugiarda degli adulti: Limited Series,Yes,2023-01-04,300000,5:03,100000
The Man of 0.5: Season 1 // 0.5の男: シーズン1,No,,300000,4:23,100000
The Most Beautiful Flower: Season 1 // La flor más bella: Temporada 1,Yes,2022-12-07,300000,5:22,100000
The Most Notorious “Talker” Runs the World’s Greatest Clan: Season 1 // 最凶の支援職【話術士】である俺は世界最強クランを従える: シーズン 1,No,,300000,4:44,100000
The Next Genius: Infinity: 2026 // 영재발굴단 인피니티: 2026,No,,300000,3:32,100000
The Party: Season 1,No,,300000,2:16,100000
The Promised Neverland: Season 2 // 約束のネバーランド: シーズン2,No,,300000,4:11,100000
The Revenge Widow: Season 1 // 復讐の未亡人: シーズン1,No,,300000,3:14,100000
The Road to Murder: Season 1 // 殺意の道程: シーズン1,No,,300000,2:54,100000
The Shiunji Family Children: Season 1 // 紫雲寺家の子供たち: シーズン1,No,,300000,4:45,100000
The Strongest Tank’s Labyrinth Raids -A Tank with a Rare 9999 Resistance Skill Got Kicked from the Hero’s Party-: Season 1 // 最強タンクの迷宮攻略～体力9999のレアスキル持ちタンク、勇者パーティーを追放される～: シーズン1,No,,300000,4:41,100000
The Surgeon's Cut: Season 1,Yes,2020-12-09,300000,3:38,100000
The Thin Blue Line: Season 1,No,,300000,3:23,100000
The Thin Blue Line: Season 2,No,,300000,3:25,100000
The Time It Takes: Season 1 // El tiempo que te doy: Temporada 1,Yes,2021-10-29,300000,2:11,100000
The Weakest Tamer Began a Journey to Pick Up Trash: Season 1 // 最弱テイマーはゴミ拾いの旅を始めました。: シーズン1,No,,300000,4:44,100000
The World's Most Amazing Vacation Rentals: Season 1,No,2021-06-18,300000,4:30,100000
This Is a Robbery: The World's Biggest Art Heist: Limited Series,Yes,2021-04-07,300000,3:32,100000
This Is Pop: Season 1,Yes,2021-06-22,300000,5:47,100000
Time: The Kalief Browder Story: Season 1,Yes,2017-09-15,300000,4:20,100000
Toilet-bound Hanako-kun: Season 1 // 地縛少年花子くん,No,,300000,4:49,100000
Tokyo Trial: Season 1,Yes,,300000,3:11,100000
Total Control: Season 1,No,,300000,4:51,100000
Total Control: Season 2,No,,300000,5:18,100000
Trailer Park Boys: Out of the Park: Europe: Season 1,Yes,2016-10-28,300000,3:25,100000
Treehouse Detectives: Season 1,Yes,2018-06-08,300000,4:00,100000
Trolls: The Beat Goes On!: Season 8,No,2019-11-22,300000,2:47,100000
Typewriter: Season 1 // टाइपराइटर: सीज़न 1,Yes,2019-07-19,300000,4:10,100000
"Uglymug, Epicfighter // ブサメンガチファイター",No,,300000,4:47,100000
Unforgotten: Season 1,No,,300000,4:31,100000
Upper Middle Bogan: Season 1,No,,300000,3:36,100000
Voices of Fire: Season 1,Yes,2020-11-20,300000,3:40,100000
Vortex: Season 1,Yes,,300000,5:27,100000
We Are the Wave: Season 1 // Wir sind die Welle: Staffel 1,Yes,2019-11-01,300000,5:01,100000
Wee-Woo Body Patrol: Season 1 // 삐뽀삐뽀 몸속 탐험: 시즌1,No,,300000,3:42,100000
Wet Hot American Summer: First Day of Camp: Season 1,Yes,2015-07-31,300000,3:54,100000
White Gold: Season 1,No,2017-08-17,300000,2:54,100000
White Gold: Season 2,Yes,2019-05-17,300000,2:54,100000
Who Killed Malcolm X?: Limited Series,Yes,2020-02-07,300000,4:19,100000
Women of Mafia: Season 1 // Kobiety Mafii: Sezon 1,No,,300000,4:21,100000
Women of Mafia: Season 2 // Kobiety Mafii: Sezon 2,No,,300000,4:22,100000
WWE Elimination Chamber: 2023,No,2025-01-01,300000,3:13,100000
WWE Invasion: 2001,No,,300000,2:40,100000
WWE Money in the Bank: Money in the Bank 2025,No,2025-06-07,300000,3:01,100000
WWE Night of Champions: Night of Champions 2025,No,2025-06-28,300000,2:47,100000
WWE SummerSlam: SummerSlam 2025 Saturday,No,2025-08-02,300000,3:05,100000
WWE Survivor Series: Survivor Series: WarGames 2025,No,2025-11-29,300000,2:41*,100000
WWE WrestleMania: 1997,No,2025-01-01,300000,2:47,100000
WWE WrestleMania: 1998,No,2025-01-01,300000,2:45,100000
WWE WrestleMania: 1999,No,2025-01-01,300000,2:47,100000
WWE WrestleMania: 2000,No,2025-01-01,300000,3:18,100000
WWE WrestleMania: 2005,No,2025-01-01,300000,3:45,100000
WWE WrestleMania: 2007,No,2025-01-01,300000,3:41,100000
WWE WrestleMania: 2008,No,2025-01-01,300000,3:49,100000
WWE WrestleMania: 2010,No,2025-01-01,300000,3:52,100000
WWE WrestleMania: 2011,No,2025-01-01,300000,3:55,100000
WWE WrestleMania: 2012,No,2025-01-01,300000,3:51,100000
WWE WrestleMania: 2013,No,2025-01-01,300000,3:47,100000
WWE WrestleMania: 2014,No,2025-01-01,300000,3:54,100000
WWE WrestleMania: 2016,No,2025-01-01,300000,4:50,100000
WWE WrestleMania: 2017,No,2025-01-01,300000,5:05,100000
WWE WrestleMania: 2018,No,2025-01-01,300000,5:04,100000
WWE WrestleMania: 2019,No,2025-01-01,300000,5:20,100000
You Can’t Ask That: Season 5,No,,300000,3:59,100000
دروب أريكة: Season 1,No,,300000,4:33,100000
2026 World Baseball Classic: Dominican Republic vs. Netherlands // 2026 ワールドベースボールクラシック: ドミニカ共和国 対 オランダ,No,2026-03-08,200000,2:28*,100000
2026 ワールドベースボールクラシック: 開幕直前! プールA〜D紹介: Season 1,No,,200000,1:25,100000
5 Ways To Socially Exclude My Husband: Season 1 // 夫を社会的に抹殺する5つの方法: シーズン1,No,,200000,3:52,100000
800 Meters: Limited Series // 800 metros: Miniserie,Yes,2022-03-25,200000,2:37,100000
A Nation of Broth: Season 1 // 국물의 나라: 시즌 1,Yes,,200000,2:39,100000
After School Doctor -Autumn 2025- // 放課後カルテ 2025秋,Yes,,200000,1:31,100000
Anxious People: Limited Series // Folk med ångest: Miniserie,Yes,2021-12-29,200000,2:53,100000
"At 25:00, in Akasaka: Season 2 // 25時、赤坂で: シーズン2",No,,200000,4:00,100000
Backlash: 2023,No,2025-01-01,200000,3:02,100000
Backlash: 2024,No,2025-01-01,200000,2:52,100000
Beast of Bangalore: Indian Predator: Limited Series,Yes,2022-12-16,200000,2:24,100000
Beavis and Butt-head (1993): The Mike Judge Collection: Vol. 1,No,,200000,3:54,100000
Best.Worst.Weekend.Ever.: Season 1,Yes,2018-10-19,200000,3:15,100000
Bill Bailey’s Wild West Australia: Season 1,No,,200000,3:04,100000
Black Work: Season 1,No,,200000,2:17,100000
Bleach (2004): Turn Back The Pendulum,No,,200000,2:49,100000
Blown Away: Christmas: Season 1,No,2021-11-19,200000,1:56,100000
Broken: Season 1,Yes,2019-11-27,200000,3:58,100000
Buddi: Season 2,No,2020-09-11,200000,1:47,100000
Call Us Crazy: Women’s Baseball: 2026 // 미쳤대도 여자야구: 2026,No,,200000,2:05,100000
Carmel: Who Killed Maria Marta?: Limited Series // Carmel: ¿Quién mató a María Marta?: Miniserie,Yes,2020-11-05,200000,3:51,100000
Chef's Table: Volume 4: Pastry,Yes,2018-04-13,200000,3:10,100000
Chef's Table: Volume 5,Yes,2018-09-28,200000,3:17,100000
Chef's Table: Volume 6,Yes,2019-02-22,200000,3:21,100000
Comedians in Cars Getting Coffee: Light & Sweet,No,2018-01-05,200000,2:36,100000
Conviction: Murder in Suburbia: Season 1,No,,200000,1:58,100000
Crashing Eid: Season 1 // جايبة العيد: موسم 1,Yes,2023-11-15,200000,3:09,100000
Crime Stories: India Detectives: Limited Series,Yes,2021-09-22,200000,3:07,100000
Daddy Wants Custody!: Season 1 // 離婚しない男 -サレ夫と悪嫁の騙し愛-: シーズン1,No,,200000,3:57,100000
Death Note: Relight // DEATH NOTE -デスノート-: DEATH NOTE リライト～幻視する神～,No,,200000,2:10,100000
Deaw Special: Super Soft Power // เดี่ยวสเปเชียล: ซูเปอร์ซอฟต์พาวเวอร์,No,2024-05-01,200000,2:18,100000
Deepa & Anoop: Season 2,Yes,2022-11-07,200000,3:11,100000
Def Comedy Jam 25,No,2017-09-26,200000,1:22,100000
Eat the Rich: The GameStop Saga: Limited Series,Yes,2022-09-28,200000,1:51,100000
EBS Docuprime: The Age of Stocks: Season 1 // EBS 다큐프라임 - 주식의 시대: 시즌 1,No,,200000,1:35,100000
Evening Drink Style: Season 4 Autumn/Winter Edition // 晩酌の流儀: シーズン4 ～秋冬編～,No,,200000,4:00,100000
exception: Season 1,Yes,2022-10-13,200000,3:57,100000
Exorcist: Season 2 // Egzorcysta: Sezon 2,No,2019-12-21,200000,2:14,100000
Exorcist: Season 3 // Egzorcysta: Sezon 3,No,2019-12-21,200000,2:08,100000
Felipe & Letizia: Season 1 // Felipe y Letizia,No,,200000,2:31,100000
Five Came Back: Limited Series,Yes,2017-03-31,200000,3:17,100000
Fogdog: Season 1,No,,200000,3:53,100000
Fortune Seller: A TV Scam: Season 1 // Wanna: Stagione 1,Yes,2022-09-21,200000,3:13,100000
Girls5eva: Season 3,Yes,2024-03-14,200000,2:36,100000
Great Australian Stuff: Seasone One,No,,200000,3:48,100000
GTO: Great Teacher Onizuka: GTO Revival // GTOリバイバル,No,,200000,1:31,100000
Halation Love: Season 1 // ハレーションラブ: シーズン1,No,,200000,3:57,100000
Hardball (2019): Season 2,No,,200000,3:56,100000
Hi Score Girl: Season 2 // ハイスコアガール: シーズン2,Yes,2019-10-26,200000,3:33,100000
High on the Hog: How African American Cuisine Transformed America: Season 2,Yes,2023-11-22,200000,3:15,100000
Hip-Hop Evolution: Season 4,Yes,2020-01-17,200000,2:48,100000
History 101: Season 1,Yes,2020-05-22,200000,3:42,100000
History 101: Season 2,Yes,2022-08-25,200000,3:46,100000
Holly Hobbie: Season 2,No,,200000,3:55,100000
Holly Hobbie: Season 3,No,,200000,3:56,100000
How do you like Wednesday?: Across the Australian continent (1997) // 水曜どうでしょう: オーストラリア大陸縦断3700キロ プレミア版 (1997),No,,200000,1:32,100000
How do you like Wednesday?: Foodies Trip Korea (1997) // 水曜どうでしょう: 韓国食い道楽の旅 プレミア版 (1997),No,,200000,1:32,100000
How do you like Wednesday?: Card draw Journey Hokkaido Ⅰ (1997) // 水曜どうでしょう: 212市町村カントリーサインの旅 プレミア版 (1997),No,,200000,1:33,100000
How do you like Wednesday?: Malaysia Jungle Expedition (1998) // 水曜どうでしょう: マレーシアジャングル探検 プレミア版 (1998),No,,200000,1:56,100000
How do you like Wednesday?: The Longest Cooking Show (1998) // 水曜どうでしょう: シェフ大泉 夏野菜スペシャル (1998),No,,200000,1:30,100000
"How do you like Wednesday?: Study for test "" Ishikawa & Toyama"" (2000) // 水曜どうでしょう: 試験に出るどうでしょう 石川県・富山県 プレミア版 (2000)",No,,200000,1:33,100000
"How do you like Wednesday?: Bring Back ""Iriomote-jima"" (2023) // 水曜どうでしょう: 懐かしの西表島 (2023)",No,,200000,2:18,100000
How to Eliminate My Teacher: Season 1 // 先生を消す方程式。: シーズン1,No,,200000,3:09,100000
Indian Predator: Murder in a Courtroom: Limited Series,Yes,2022-10-28,200000,2:49,100000
Indian Predator: The Diary of a Serial Killer // इंडियन प्रीडेटर: एक सीरियल किलर की डायरी,Yes,2022-09-07,200000,2:06,100000
It's Bruno!: Season 1,Yes,2019-05-17,200000,2:05,100000
Jack Whitehall: Fatherhood with My Father: Season 1,Yes,2024-09-10,200000,2:46,100000
Jack Whitehall: Travels with My Father: Season 3,Yes,2019-09-06,200000,1:50,100000
Jack Whitehall: Travels with My Father: Season 4,Yes,2020-09-22,200000,2:00,100000
Jinn: Season 1 // جن: موسم 1,Yes,2019-06-13,200000,2:43,100000
K for Kimbap: Season 1 // 김밥의 천국,Yes,,200000,1:30,100000
Kakegurui: Season 2 // 賭ケグルイ: シーズン2,Yes,,200000,1:57,100000
Karma's World: Season 3,Yes,2022-07-07,200000,1:58,100000
Karma's World: Season 4,Yes,2022-09-22,200000,1:45,100000
Katie Taylor vs. Amanda Serrano 3,No,2025-07-11,200000,*,100000
Kulipari: Dream Walker: Season 1,Yes,2018-11-20,200000,3:50,100000
L'Académie: Season 1,No,,200000,3:33,100000
L'Académie: Season 2,No,,200000,3:32,100000
L'Académie: Season 3,No,,200000,3:33,100000
La Línea: Shadow of Narco: Limited Series // La Línea: La sombra del narco: Miniserie,Yes,2020-09-09,200000,2:10,100000
Let's Go Karaoke!: Season 1 // カラオケ行こ!: シーズン1,No,,200000,2:03,100000
Little Things: Season 1,Yes,2018-10-05,200000,1:21,100000
Little Things: Season 2,Yes,2018-10-05,200000,3:19,100000
Little Things: Season 4,Yes,2021-10-15,200000,3:29,100000
Magical Andes: Season 2 // Andes mágicos: Temporada 2,No,2021-04-01,200000,1:37,100000
Maradona in Mexico: Limited Series // Maradona en Sinaloa: Miniserie,Yes,2019-11-13,200000,3:54,100000
Masaba Masaba: Season 1 // मसाबा मसाबा: सीज़न 1,Yes,2020-08-28,200000,3:04,100000
Matsuko in Real Life // 「マツコ、リアルする」ディレクターズカット版,No,,200000,1:40,100000
Mean Mums: Season 1,No,,200000,2:57,100000
Mean Mums: Season 2,No,,200000,3:05,100000
Meet the Neighbours: Seasone One,No,,200000,2:39,100000
Merry Happy Whatever: Season 1,Yes,2019-11-28,200000,3:36,100000
Micky Flanagan: Back in the Game,No,,200000,1:30,100000
Micky Flanagan: The Out Out Tour,No,,200000,1:26,100000
Midwinter of the Spirit: Season 1,No,,200000,2:18,100000
Mind Your Manners: Season 1,No,2022-11-16,200000,3:19,100000
Mr. Good: Cop or Crook?: Limited Series // Mr. Good? Gåten Eirik Jensen: Limited Series,Yes,2022-06-03,200000,3:23,100000
My Encounter with Evil: Season 1 // Mi encuentro con el mal: Temporada 1,Yes,2022-10-28,200000,2:49,100000
My Runway: Season 1 // 마이 런웨이: 시즌 1,Yes,,200000,2:23,100000
Nailed It! Mexico: Season 3 // ¡Nailed It! México: Temporada 3,No,2021-01-05,200000,3:23,100000
Nobody's Looking: Season 1 // Ninguém Tá Olhando: Temporada 1,Yes,2019-11-22,200000,3:29,100000
Once Upon A Time: Season 2 // Pada Zaman Dahulu: Musim 2,No,,200000,2:35,100000
Pastewka: Staffel 1,No,,200000,3:05,100000
Pastewka: Staffel 2,No,,200000,3:24,100000
Pastewka: Staffel 3,No,,200000,3:18,100000
Pastewka: Staffel 5,No,,200000,3:49,100000
Pastewka: Staffel 6,No,,200000,3:49,100000
Pastewka: Staffel 7,No,,200000,3:45,100000
Pat a Mat nás baví: Season 1,No,,200000,1:44,100000
Portlandia: Season 8,No,,200000,3:36,100000
Pretend It’s a City: Limited Series,Yes,2021-01-08,200000,3:28,100000
PUELLA MAGI MADOKA MAGICA SIDE STORY [MAGIA RECORD]: Season 2 The Eve of Awakening // マギアレコード 魔法少女まどか☆マギカ外伝: 2nd SEASON -覚醒前夜-,No,,200000,3:09,100000
"Raw: January 6, 2025",No,2025-01-06,200000,2:25,100000
"Raw: September 22, 2025",No,2025-09-22,200000,1:55,100000
"Raw: September 29, 2025",No,2025-09-29,200000,1:53,100000
"Raw: October 6, 2025",No,2025-10-06,200000,1:57,100000
"Raw: October 13, 2025",No,2025-10-13,200000,1:52,100000
"Raw: October 20, 2025",No,2025-10-20,200000,1:53,100000
"Raw: October 27, 2025",No,2025-10-27,200000,1:53,100000
"Raw: November 3, 2025",No,2025-11-03,200000,2:06,100000
Ray: Limited Series // रे: Limited Series,Yes,2021-06-25,200000,3:55,100000
Recommendations for Solo Live Girls: Season 2 // ソロ活女子のススメ: シーズン2,No,,200000,3:12,100000
"Rich House, Poor House: Season 1",No,,200000,2:51,100000
"Rich House, Poor House: Season 2",No,,200000,2:50,100000
Rilakkuma and Kaoru: Season 1 // リラックマとカオルさん: シーズン1,Yes,2019-04-19,200000,2:38,100000
Ripe for the Picking: Season 1 // 瓜を破る〜一線を越えた、その先には: シーズン1,No,,200000,3:02,100000
"Risqué Business: The Netherlands and Germany: Season 1 // 성+인물: 네덜란드, 독일 편: 시즌 1",No,2024-02-20,200000,3:05,100000
Room 2806: The Accusation: Limited Series,Yes,2020-12-07,200000,3:19,100000
RoOT: Season 1 // RoOT / ルート: シーズン1,No,,200000,3:52,100000
Royal Rumble: 1988,No,2025-01-01,200000,2:24,100000
Royal Rumble: 1989,No,2025-01-01,200000,2:35,100000
Royal Rumble: 1990,No,2025-01-01,200000,2:42,100000
Royal Rumble: 1991,No,2025-01-01,200000,3:07,100000
Royal Rumble: 1992,No,2025-01-01,200000,2:39,100000
Royal Rumble: 1993,No,2025-01-01,200000,2:37,100000
Royal Rumble: 1994,No,2025-01-01,200000,2:42,100000
Royal Rumble: 1995,No,2025-01-01,200000,2:42,100000
Royal Rumble: 1996,No,2025-01-01,200000,2:49,100000
Royal Rumble: 1997,No,2025-01-01,200000,2:52,100000
Royal Rumble: 2011,No,2025-01-01,200000,2:44,100000
Royal Rumble: 2012,No,2025-01-01,200000,2:42,100000
Royal Rumble: 2013,No,2025-01-01,200000,2:47,100000
Royal Rumble: 2014,No,2025-01-01,200000,2:43,100000
Royal Rumble: 2015,No,2025-01-01,200000,2:38,100000
S-friends: Serial Edition: S-friends 1 // セフレの品格 ドラマ版: セフレの品格 初恋,No,,200000,1:39,100000
SCAMS: Season 1 // スカム: シーズン1,Yes,2019-07-02,200000,3:37,100000
Sean eternos: Campeones de América: Season 1,No,2022-11-03,200000,2:05,100000
"Sex, Love & goop: Season 1",No,2021-10-21,200000,3:34,100000
Shoresy: Season 1,No,,200000,2:32,100000
Shylock's Children: Season 1 // シャイロックの子供たち: シーズン1,No,,200000,3:51,100000
Sneakerheads: Season 1,Yes,2020-09-25,200000,2:21,100000
Somacguffin: Snap! World Adventures: Season 1 // 소맥거핀: 찰칵! 세계여행: 시즌1,No,,200000,2:07,100000
Southern Survival: Season 1,No,2020-07-03,200000,3:51,100000
Stath Lets Flats: Season 1,No,,200000,2:19,100000
Stath Lets Flats: Season 2,No,,200000,2:20,100000
Stretch Armstrong & the Flex Fighters: Season 2,Yes,2018-09-07,200000,3:49,100000
Student President and His Secret Wife: Season 1 // Ketua BEM and His Secret Wife: Season 1,No,,200000,3:29,100000
Swiped: The School That Banned Smartphones: Season 1,No,,200000,1:34,100000
Taco Chronicles: Cross the Border // Las crónicas del taco: Cruza la frontera,Yes,2022-11-23,200000,3:47,100000
Teasing Master Takagi-san (2024): Season 1 // からかい上手の高木さん: シーズン1,Yes,,200000,3:06,100000
The Best Years: Season 1 // De Bedste År: Sæson 1,No,,200000,3:42,100000
The Chef Show: Season 1 - Volume 2,Yes,2019-09-13,200000,3:07,100000
The Chef Show: Season 1 - Volume 3,Yes,2020-02-19,200000,3:04,100000
The Children’s Kingdom: Zenon The Farmer // El Reino Infantil: La Granja de Zenón,No,,200000,*,100000
The Doom of Dejvice Theatre: Season 1 // Zkáza Dejvického Divadla,No,,200000,2:54,100000
The Duchess: Season 1,Yes,2020-09-11,200000,2:23,100000
The Great British Baking Show: Holidays: Season 5,No,2022-11-18,200000,1:54,100000
The Great British Baking Show: Holidays: Season 6,No,2023-12-08,200000,1:55,100000
The Great British Baking Show: Holidays: Season 7,No,2024-12-09,200000,1:55,100000
The Guardians of Justice: Season 1,Yes,2022-03-01,200000,3:26,100000
The Hidden Shadow: Season 1 // ปราการแสงจันทร์: ซีซั่น 1,No,,200000,1:39,100000
The Idhun Chronicles: Part 1 // Memorias de Idhún: Parte 1,Yes,2020-09-10,200000,2:13,100000
The Inheritance (2023): Season 1,No,,200000,2:53,100000
The Jury (2011): Season 2,No,,200000,3:43,100000
The King Who Never Was: Season 1 // Il principe: Stagione 1,Yes,2023-07-04,200000,2:11,100000
The Last Hours of Mario Biondo: Limited Series // Las últimas horas de Mario Biondo: Miniserie,Yes,2023-08-03,200000,2:09,100000
The Legendary Akirakid 1997: 2026 // 1997 세계최강 아키라키드: 2026,No,,200000,2:11,100000
The Letdown: Season 2,Yes,2019-07-31,200000,3:04,100000
The Most Useful School in the world：WORLD BASEBALL CLASSIC Special Edition // ワールドベースボールクラシック開幕特番 世界一受けたい授業,No,,200000,1:37,100000
The Movies That Made Us: Season 1,Yes,2019-11-29,200000,3:11,100000
The Movies That Made Us: Season 2,Yes,2021-07-23,200000,3:08,100000
The Queen's Classroom Special // 女王の教室SP,No,,200000,3:07,100000
The Reason We Fall in Love: Season 1 // 私たちが恋する理由: シーズン1,No,,200000,3:56,100000
The Toys That Made Us: Season 1,Yes,2017-12-22,200000,3:09,100000
The Toys That Made Us: Season 3,Yes,2019-11-15,200000,3:01,100000
The usual idiots // I soliti idioti,No,,200000,1:27,100000
The Whiteley Art Scandal: Seasone One,No,,200000,1:50,100000
"The Wiggles: Ready, Steady, Wiggle: Season 3",No,,200000,2:28,100000
Tokumei Kakarichou Tadano Hitoshi: Season 2 // 特命係長 只野仁 リターンズ,No,,200000,1:49,100000
Tokumei Kakarichou Tadano Hitoshi: Season 5 // 特命係長 只野仁 スペシャル'06,No,,200000,1:47,100000
Tokyo Override: Season 1,Yes,2024-11-21,200000,2:37,100000
Tokyo Tarareba Girls: シーズン2 // 東京タラレバ娘: シーズン2,Yes,,200000,1:37,100000
Toriroti 1 // 쫑알쫑알 똘똘이 1,No,,200000,1:24,100000
Toriroti 2 // 쫑알쫑알 똘똘이 2,No,,200000,1:24,100000
Toriroti: Toritori 3 // 쫑알쫑알 똘똘이 3,No,,200000,1:24,100000
Toriroti: Toritori 4 // 쫑알쫑알 똘똘이 4,No,,200000,1:24,100000
Toriroti: Season 5 // 쫑알쫑알 똘똘이 5,No,,200000,1:52,100000
Toriroti: Season 6 // 쫑알쫑알 똘똘이 6,No,,200000,1:53,100000
Trailer Park Boys: Jail: Season 1,No,,200000,3:54,100000
Trolls: The Beat Goes On!: Season 1,No,2018-01-19,200000,2:24,100000
Trolls: The Beat Goes On!: Season 2,No,2018-03-09,200000,2:48,100000
Truth: Season 1 // 正体: シーズン1,No,,200000,3:30,100000
Two Sentence Horror Stories: Season 1,No,,200000,2:46,100000
Two Sentence Horror Stories: Season 2,No,,200000,3:22,100000
Ultraman: Season 2,Yes,2022-04-14,200000,2:32,100000
Upper Middle Bogan: Season 2,No,,200000,3:29,100000
Upper Middle Bogan: Season 3,No,,200000,3:40,100000
UZUMAKI: Animated TV Series: Season 1,No,,200000,1:54,100000
Waffles + Mochi's Restaurant: Season 1,Yes,2022-10-17,200000,2:01,100000
Wakfu: The Quest for the Six Eliatrope Dofus: Season 1 // Wakfu : La quête des six Dofus Eliatropes: Saison 1,Yes,,200000,2:13,100000
Wet Hot American Summer: Ten Years Later: Limited Series,Yes,2017-08-04,200000,3:39,100000
Witness Number 3: Season 1,No,,200000,2:58,100000
WWE Bad Blood: 2024,No,2024-10-05,200000,3:28,100000
WWE Clash at the Castle: 2022,No,2025-01-01,200000,3:15,100000
WWE Clash at the Castle: 2024,No,2025-01-01,200000,2:52,100000
WWE Elimination Chamber: 2010,No,2025-01-01,200000,2:40,100000
WWE Elimination Chamber: 2022,No,2025-01-01,200000,2:50,100000
WWE Evolution: Evolution 2025,No,2025-07-13,200000,2:59,100000
WWE Extreme Rules: 2022,No,,200000,3:07,100000
WWE Fully Loaded: 2000,No,,200000,2:41,100000
WWE Hell in a Cell: 2022,No,,200000,2:58,100000
"WWE NXT: June 16, 2026",No,2026-06-16,200000,1:21*,100000
"WWE NXT: June 23, 2026",No,2026-06-23,200000,1:19*,100000
WWE NXT: Great American Bash 2026,No,2026-06-28,200000,2:04*,100000
WWE One Night Stand: 2008,No,,200000,2:49,100000
"WWE SmackDown: December 19, 2025",No,2025-12-19,200000,1:22,100000
WWE St. Valentine's Day Massacre: 1999,No,,200000,2:52,100000
WWE SummerSlam: 2024,No,2025-01-01,200000,3:50,100000
WWE Survivor Series: 2022,No,2025-01-01,200000,3:07,100000
WWE Survivor Series: 2023,No,2025-01-01,200000,2:49,100000
WWE WrestleMania: 1985,No,2025-01-01,200000,2:16,100000
WWE WrestleMania: 1986,No,2025-01-01,200000,3:01,100000
WWE WrestleMania: 1987,No,2025-01-01,200000,3:05,100000
WWE WrestleMania: 1988,No,2025-01-01,200000,3:33,100000
WWE WrestleMania: 1989,No,2025-01-01,200000,3:38,100000
WWE WrestleMania: 1990,No,2025-01-01,200000,3:22,100000
WWE WrestleMania: 1991,No,2025-01-01,200000,3:30,100000
WWE WrestleMania: 1992,No,2025-01-01,200000,2:41,100000
WWE WrestleMania: 1993,No,2025-01-01,200000,2:43,100000
WWE WrestleMania: 1994,No,2025-01-01,200000,2:44,100000
WWE WrestleMania: 1996,No,2025-01-01,200000,2:48,100000
YooHoo to the Rescue: Season 2,Yes,2019-10-11,200000,3:00,100000
You Can’t Ask That: Season 1,No,,200000,3:36,100000
Zero: Season 1,Yes,2021-04-21,200000,3:14,100000
Ślub Doskonały: Season 1,No,,200000,2:16,100000
2026 World Baseball Classic: Exhibition Recaps: Season 1 // 2026 ワールドベースボールクラシック: 強化試合ハイライト: シーズン1,No,,100000,1:59,100000
A Nation of Banchan: Season 1 // 반찬의 나라: 시즌 1,Yes,,100000,1:49,100000
A Nation of Kimchi: Season 1 // 김치의 나라: 시즌 1,Yes,,100000,1:45,100000
A Nation of Tteok: Season 1 // 떡의나라: 시즌 1,Yes,,100000,1:46,100000
Adam Ray Is Dr. Phil UNLEASHED,No,2024-11-19,100000,0:50,100000
Adam Sandler: Love You,No,2024-08-27,100000,1:14,100000
Aim for the Ace! Challenging the Miracle: Season 1 // エースをねらえ! ～奇跡への挑戦～: シーズン1,No,,100000,1:34,100000
Ali Wong: Baby Cobra,No,2016-05-06,100000,1:00,100000
Ali Wong: Don Wong,No,2022-02-14,100000,0:59,100000
Ali Wong: Hard Knock Wife,No,2018-05-13,100000,1:04,100000
All You Can Eat // Felix Lobrecht: All You Can Eat,No,,100000,1:11,100000
Anjelah Johnson: Not Fancy,No,2015-10-02,100000,1:04,100000
Ari Shaffir: Double Negative: Collection,No,2017-07-18,100000,1:32,100000
Assassination Classroom: Season 3 // 暗殺教室: 第2期 課外授業編,No,,100000,0:42,100000
Baby Shark Best Sing-Along Songs: Season 2 // 아기상어 인기 동요: 시즌 2,No,,100000,1:26,100000
Baby Shark Kindergarten: Season 1 // 아기상어 유치원: 시즌 1,No,,100000,0:49,100000
Battlefield Behemoths: A History of the Tank – The World Wars.: Konfrontation und Revolution // Panzer. Macht. Geschichte. - Auf den Schlachtfeldern der Weltkriege: Konfrontation und Revolution,No,,100000,1:41,100000
Beat Bugs: All Together Now,Yes,2017-11-21,100000,0:51,100000
Benidorm: Ten Years on Holiday,No,,100000,0:46,100000
"Best Wishes, Warmest Regards: A Schitt's Creek Farewell",No,,100000,0:44,100000
Bo Burnham: Make Happy,No,2016-06-03,100000,1:00,100000
Bo Burnham: The Inside Outtakes,No,2022-08-11,100000,1:03,100000
Bo Burnham: what.,No,,100000,1:00,100000
Brian Regan: Nunchucks and Flamethrowers,No,2017-11-21,100000,1:01,100000
Brian Regan: On the Rocks,No,2021-02-23,100000,0:58,100000
Brian Simpson: Live from the Mothership,No,2024-03-19,100000,1:11,100000
Bumping Mics with Jeff Ross & Dave Attell: Season 1,No,2018-11-27,100000,1:48,100000
Carlos Ballarta: El amor es de putos,No,2016-11-21,100000,1:07,100000
Carlos Ballarta: False Prophet // Carlos Ballarta: Falso profeta,No,2021-11-18,100000,1:03,100000
Carlos Ballarta: Furia ñera,No,2018-05-11,100000,1:03,100000
Cedric the Entertainer: Live from the Ville,No,2016-09-16,100000,1:00,100000
Chappelle's Home Team - Donnell Rawlings: A New Day,No,2024-02-27,100000,0:40,100000
Chelsea Handler: Revolution,No,2022-12-27,100000,1:17,100000
Chris Rock Total Blackout: The Tamborine Extended Cut,No,2021-01-12,100000,1:38,100000
City of Ghosts: Season 1,Yes,2021-03-05,100000,1:55,100000
Countdown: Canelo vs. Crawford: Season 1,Yes,2025-09-04,100000,1:30,100000
Cristela Alonzo: Lower Classy,No,2017-01-24,100000,1:07,100000
Cristela Alonzo: Middle Classy,No,2022-06-28,100000,0:59,100000
Curious Como: Season 2 // 꼬모는 궁금해: 시즌 2,No,,100000,1:27,100000
D.L. Hughley: Contrarian,No,2018-09-18,100000,0:58,100000
Dave Chappelle: What’s in a Name?,No,2022-07-07,100000,0:40,100000
David Spade: Nothing Personal,No,2022-04-26,100000,1:06,100000
Ddusik: Special – Glad To Be a Pigeon: Season 1 // 뚜식이 특별편: 비둘기라서 다행이야: 시즌 1,No,,100000,1:14,100000
Death Note: Relight 2 // DEATH NOTE -デスノート-: DEATH NOTE リライト～Lを継ぐ者～,No,,100000,1:33,100000
Deon Cole: Charleen’s Boy,No,2022-11-15,100000,1:07,100000
Deon Cole: Cole Hearted,No,2019-10-08,100000,1:10,100000
Der Tatortreiniger: Season 1,No,,100000,1:45,100000
Der Tatortreiniger: Season 3,No,,100000,1:50,100000
Der Tatortreiniger: Season 6,No,,100000,1:32,100000
DeRay Davis: How to Act Black,No,2017-11-14,100000,1:06,100000
Derek: Season 3,Yes,2015-04-03,100000,1:00,100000
Dino Pororo: Season 1 // 다이노 뽀로로: 시즌1,No,,100000,1:46,100000
Doctor-Y: Surgeon Hideki Kaji: Season 1 // ドクターY～外科医・加地秀樹～: シーズン1,No,,100000,1:10,100000
Eden: Season 1 // エデン: シーズン1,Yes,2021-05-27,100000,1:43,100000
Ellen DeGeneres: For Your Approval,No,2024-09-24,100000,1:11,100000
F1 Canadian Grand Prix: Qualifying,No,2026-05-23,100000,*,100000
F1 Canadian Grand Prix: Sprint Qualifying,No,2026-05-22,100000,*,100000
Family Pack: Fireplace // Loups-Garous : Feu de cheminée,Yes,2024-10-30,100000,0:47,100000
Fate/EXTRA Last Encore: Illustrias Geocentric Theory,Yes,2018-07-31,100000,1:37,100000
Felipe Esparza: Raging Fool,No,2025-02-11,100000,1:05,100000
Fortune Feimster: Crushing It,No,2024-12-03,100000,0:59,100000
Fortune Feimster: Good Fortune,No,2022-10-25,100000,1:03,100000
Fortune Feimster: Sweet & Salty,No,2020-01-21,100000,1:01,100000
Friday Night Dinner: 10 Years and a Lovely Bit of Squirrel,No,,100000,1:06,100000
From Dreams to Tragedy: The Fire that Shook Brazilian Football: Limites Series // O Ninho: Futebol e Tragédia: Limites Series,Yes,2024-03-14,100000,1:55,100000
Gad Gone Wild // Gad Elmaleh Part en Live,No,2017-01-23,100000,0:57,100000
George Lopez: We'll Do It For Half,No,2020-06-30,100000,0:52,100000
George Lopez: Why You Crying?,No,,100000,1:00,100000
Gerry Dee: Funny You Should Say That,No,2025-11-18,100000,0:54,100000
Gintama: The Semi-Final // 銀魂 THE SEMI-FINAL,No,,100000,0:48,100000
Go! Heavy Machinesaurus: Season 1 // 출동! 중장비사우루스: 시즌1,No,,100000,0:54,100000
GOAT Pandemonium​ Ge on all tempo,No,,100000,1:47,100000
Greg Davies: You Magnificent Beast,No,2018-04-10,100000,1:06,100000
Hannah Berner: We Ride at Dawn,No,2024-07-09,100000,0:51,100000
Hannah Gadsby: Douglas,No,2020-05-26,100000,1:13,100000
Haroun,No,2021-10-27,100000,1:16,100000
How do you like Wednesday?: Let's roll for it! 1 (1996) // 水曜どうでしょう: サイコロ1 プレミア版 (1996),No,,100000,0:46,100000
How do you like Wednesday?: Onsen Journey for cure (1996) // 水曜どうでしょう: 闘痔の旅 プレミア版 (1996),No,,100000,0:46,100000
How do you like Wednesday?: Let's roll for it! 2 (1996) // 水曜どうでしょう: サイコロ2 プレミア版 (1996),No,,100000,0:46,100000
How do you like Wednesday?: Card draw Journey Hokkaido ⅠⅠ (1997) // 水曜どうでしょう: 212市町村カントリーサインの旅 Ⅱ プレミア版 (1997),No,,100000,1:10,100000
How do you like Wednesday?: Let's roll for it! 4 (1998) // 水曜どうでしょう: サイコロ4 プレミア版 (1998),No,,100000,1:33,100000
How do you like Wednesday?: Trip to Tokyo 2 day 3 night 70 km (1998) // 水曜どうでしょう: 東京2泊3日70km プレミア版 (1998),No,,100000,1:33,100000
How do you like Wednesday?: Twenty Game-match in Tokachi (1998) // 水曜どうでしょう: 十勝二十番勝負 プレミア版 (1998),No,,100000,1:10,100000
How do you like Wednesday?: Let's Roll for It! 5 (1998) // 水曜どうでしょう: サイコロ5  キングオブ深夜バス　プレミア版 (1998),No,,100000,1:08,100000
How do you like Wednesday?: 88 temple Circuit in Shikoku (1999) // 水曜どうでしょう: 四国八十八カ所 プレミア版 (1999),No,,100000,0:46,100000
How do you like Wednesday?: Let's Roll for It! 6 (1999) // 水曜どうでしょう: サイコロ6 (1999),No,,100000,1:08,100000
How do you like Wednesday?: on-chan calendar photo session (2000) // 水曜どうでしょう: onちゃんカレンダー プレミア版 (2000),No,,100000,0:46,100000
How do you like Wednesday?: Challenging 30-hour program (2000) // 水曜どうでしょう: 30時間テレビの裏側全部見せます! プレミア版 (2000),No,,100000,1:10,100000
How do you like Wednesday?: Fisherman Battle on Ice 2 (2001) // 水曜どうでしょう: 釣りバカ対決! わかさぎ釣り2 プレミア版 (2001),No,,100000,0:46,100000
How do you like Wednesday?: Dead or Alive? Tour in Tohoku (1999) // 水曜どうでしょう: 東北2泊3日生き地獄ツアー プレミア版 (1999),No,,100000,0:46,100000
Iliza Shlesinger: Confirmed Kills,No,2016-09-23,100000,1:18,100000
Iliza Shlesinger: Elder Millennial,No,2018-07-24,100000,1:12,100000
Iliza Shlesinger: Hot Forever,No,2022-10-11,100000,1:08,100000
"It’s Worth It by Dani Rovira // Vale la pena, de Dani Rovira",No,2025-07-11,100000,1:21,100000
Jack Whitehall: At Large,No,2017-10-24,100000,1:08,100000
Jack Whitehall: I'm Only Joking,No,2020-07-21,100000,0:58,100000
Jack Whitehall: Settle Down,No,2024-01-30,100000,1:05,100000
Jeff Foxworthy and Larry the Cable Guy: We’ve Been Thinking...,No,2016-08-26,100000,1:15,100000
Jerry Before Seinfeld,No,2017-09-19,100000,1:02,100000
Jerry Seinfeld: 23 Hours To Kill,No,2020-05-05,100000,1:01,100000
Jim Gaffigan: Beyond the Pale,No,,100000,1:12,100000
Jim Gaffigan: King Baby,No,,100000,1:11,100000
Jim Jefferies : BARE,No,2014-08-29,100000,1:17,100000
Jim Jefferies: Freedumb,No,2016-07-01,100000,1:27,100000
Jim Jefferies: Intolerant,No,2020-07-07,100000,1:07,100000
Jim Jefferies: This Is Me Now,No,2018-07-13,100000,1:11,100000
Jimmy Carr: Funny Business,No,2016-03-18,100000,1:02,100000
Jimmy Carr: The Best of Ultimate Gold Greatest Hits,No,2019-03-12,100000,0:58,100000
Jini’s Job Exploration: Season 2 // TV유치원 - 바쁘다 바빠 직업탐험: 시즌2,No,,100000,1:47,100000
Jjajangmyeon Rhapsody: Season 1 // 짜장면 랩소디: Limited Series,Yes,,100000,1:37,100000
Jo Koy: In His Elements,No,2020-06-12,100000,0:55,100000
Joe Rogan: Strange Times,No,2018-10-02,100000,1:04,100000
Joe Rogan: Triggered,No,2016-10-21,100000,1:04,100000
Jungbrre Australia Special: Season 1 // 정브르 호주스페셜: 시즌1,No,,100000,1:44,100000
Kapil Sharma: I'm Not Done Yet // कपिल शर्मा: पिक्चर अभी बाकी है!,No,2022-01-28,100000,0:54,100000
Kawatani Yuichi -Nihontouitsu Gaiden-: Season 1 // 川谷雄一～日本統一外伝～: シーズン1,No,,100000,1:30,100000
Kayko and Kokosh: Season 1 // Kajko i Kokosz: Sezon 1,Yes,2021-02-28,100000,1:16,100000
Keith Robinson: Different Strokes,No,2024-06-11,100000,0:53,100000
"Ken Jeong: You Complete Me, Ho",No,2019-02-14,100000,1:02,100000
Kevin Bridges: The Brand New Tour,No,,100000,1:25,100000
Kevin Bridges: The Overdue Catch-Up,No,,100000,1:32,100000
Kevin Hart's Guide to Black History,No,2019-02-08,100000,1:03,100000
Kevin James: Never Don't Give Up,No,2018-04-24,100000,1:02,100000
Korean Fried Chicken Rhapsody: Season 1 // 치킨 랩소디: 시즌 1,Yes,,100000,1:37,100000
Kukuli Şarkılar: Season 1,No,,100000,1:01,100000
Larry the Cable Guy: Remain Seated,No,,100000,1:08,100000
Last Stop Larrimah: Season 1,No,,100000,1:59,100000
Let’s Cook with Baby Shark: Season 1 // 아기상어 요리 놀이: 시즌 1,No,,100000,0:48,100000
Life-Changing Deep Stories：WORLD BASEBALL CLASSIC Special Edition // 人生が変わる1分間の深イイ話 ワールドベースボールクラシック特別編,No,,100000,1:32,100000
Louis C.K. 2017,No,2017-04-04,100000,1:14,100000
Louis C.K.: Hilarious,No,,100000,1:24,100000
Louis C.K.: Live at the Comedy Store,No,,100000,1:06,100000
Love is Blind Brazil: After the Altar // Casamento às Cegas Brasil: Depois do Altar,No,2023-12-20,100000,1:26,100000
Luna Petunia: Return to Amazia: Season 1,No,2018-02-02,100000,2:00,100000
Man Like Mobeen: Season 1,No,,100000,1:24,100000
Man Like Mobeen: Season 2,No,,100000,1:32,100000
Man Like Mobeen: Season 3,No,,100000,1:55,100000
Man Like Mobeen: Season 4,No,,100000,1:36,100000
Mark Normand: Soup to Nuts,No,2023-07-25,100000,0:53,100000
Marlon Wayans: Woke-ish,No,2018-02-27,100000,1:07,100000
MASUDA KOUSUKE Theater Gag Manga Biyori GO: Season 1 // 増田こうすけ劇場 ギャグマンガ日和GO: シーズン1,No,,100000,0:48,100000
Michael McIntyre: Showtime!,No,,100000,1:26,100000
Michelle Wolf: The Well,No,2025-10-21,100000,1:01,100000
Mike Birbiglia: Thank God for Jokes,No,2017-02-28,100000,1:11,100000
Mike Birbiglia: The New One,No,2019-11-26,100000,1:26,100000
Mike Birbiglia: The Old Man and The Pool,No,2023-11-21,100000,1:18,100000
Mo Amer: Wild World,No,2025-10-28,100000,0:54,100000
Mo Gilligan: Momentum,No,2019-09-30,100000,1:04,100000
Mo Gilligan: There's Mo to Life,No,2022-02-17,100000,1:06,100000
Mobile Suit Gundam MS IGLOO 2: Gravity Front: Season 1 // 機動戦士ガンダム MSイグルー2 重力戦線: シーズン1,No,,100000,1:27,100000
Mobile Suit Gundam MS IGLOO: Apocalypse 0079: Season 1 // 機動戦士ガンダム MSイグルー －黙示録0079－: シーズン1,No,,100000,1:25,100000
Mobile Suit Gundam MS IGLOO: The Hidden One Year War: Season 1 // 機動戦士ガンダム MSイグルー －1年戦争秘録－: シーズン1,No,,100000,1:22,100000
Money Heist: From Tokyo to Berlin: Volume 1 // La casa de papel: de Tokio a Berlín: Volumen 1,Yes,2021-09-03,100000,0:53,100000
Money Heist: From Tokyo to Berlin: Volume 2 // La casa de papel: de Tokio a Berlín: Volumen 2,Yes,2021-12-03,100000,0:52,100000
Ms. Pat: Y'all Wanna Hear Something Crazy?,No,2022-02-08,100000,0:54,100000
Murder on the Internet: Season 1,No,,100000,1:26,100000
My Name Is Mo’Nique,No,2023-04-04,100000,1:16,100000
Mystical Fairy Tales with Pinkfong: Season 1 // 핑크퐁 오싹오싹 명작 동화: 시즌 1,No,,100000,0:48,100000
Natsume's Book of Friends: OVA // 夏目友人帳 OVA,No,,100000,*,100000
Neal Brennan: Crazy Good,No,2024-04-09,100000,0:53,100000
Nevenka: Breaking the Silence: Limited Series // Nevenka: Miniserie,Yes,2021-03-05,100000,1:56,100000
Nick Kroll: Little Big Boy,No,2022-09-27,100000,1:06,100000
Night on Earth: Shot in the Dark,Yes,2020-01-29,100000,0:59,100000
Nikki Glaser: Bangin’,No,2019-10-01,100000,1:04,100000
"Norm Macdonald: Hitler's Dog, Gossip & Trickery",No,2017-05-09,100000,1:01,100000
Once Upon A Time: Season 1 // Pada Zaman Dahulu: Musim 1,No,,100000,1:17,100000
Oprah + Viola: A Netflix Special Event,Yes,2022-04-22,100000,0:48,100000
Os Chocolix: Season 1,No,,100000,1:37,100000
Os Chocolix: Season 4,No,,100000,1:40,100000
Panayotis Pascot: Almost // Panayotis Pascot : Presque,No,2022-11-03,100000,1:19,100000
Pat a Mat na venkově: Season 1,No,,100000,1:45,100000
"Paw Patrol: Ready, Race, Rescue",No,,100000,0:44,100000
Pete Davidson: Turbo Fonzarelli,No,2024-01-09,100000,0:56,100000
"Phil Wang: Wang in There, Baby!",No,2024-09-03,100000,1:02,100000
Picture Book Animation Series: Series for enchanting stories // えほんアニメシリーズ: おはなしシリーズ,No,,100000,1:05,100000
Picture Book Animation Series: Series to spark imagination // えほんアニメシリーズ: 想像力シリーズ,No,,100000,0:41,100000
Picture Book Animation Series: Series for fun learning // えほんアニメシリーズ: 楽しく学べるシリーズ,No,,100000,1:52,100000
Pop the Balloon LIVE: Get It Poppin’,No,2025-04-10,100000,0:46,100000
Pop the Balloon LIVE: Pop It Like It’s Hot,No,2025-04-17,100000,0:50,100000
"Pop the Balloon LIVE: Pop, Lock & Drop It",No,2025-04-24,100000,0:46,100000
Pop the Balloon LIVE: Big Pop Energy,No,2025-05-01,100000,0:49,100000
Pop the Balloon LIVE: I’m Unpoppable,No,2025-05-08,100000,0:50,100000
Pororo Super Super Show: Season 1 // 뽀로로 슈퍼슈퍼 쇼: 시즌 1,No,,100000,1:28,100000
PUELLA MAGI MADOKA MAGICA SIDE STORY [MAGIA RECORD]: Season 3 // マギアレコード 魔法少女まどか☆マギカ外伝: シーズン3,No,,100000,1:39,100000
Rachel Feinstein: Big Guy,No,2024-05-21,100000,0:54,100000
Ralphie May: Unruly,No,2015-02-27,100000,1:23,100000
"Raw: January 20, 2025",No,2025-01-20,100000,2:00,100000
"Raw: January 27, 2025",No,2025-01-27,100000,2:00,100000
"Raw: February 3, 2025",No,2025-02-03,100000,1:55,100000
"Raw: February 10, 2025",No,2025-02-10,100000,1:51,100000
"Raw: February 17, 2025",No,2025-02-17,100000,1:51,100000
"Raw: February 24, 2025",No,2025-02-24,100000,1:57,100000
"Raw: March 3, 2025",No,2025-03-03,100000,1:55,100000
"Raw: March 10, 2025",No,2025-03-10,100000,1:49,100000
"Raw: March 17, 2025",No,2025-03-17,100000,1:49,100000
"Raw: March 24, 2025",No,2025-03-24,100000,1:44,100000
"Raw: March 31, 2025",No,2025-03-31,100000,1:51,100000
"Raw: April 7, 2025",No,2025-04-07,100000,1:50,100000
"Raw: April 28, 2025",No,2025-04-28,100000,1:51,100000
"Raw: May 12, 2025",No,2025-05-12,100000,1:49,100000
"Raw: May 19, 2025",No,2025-05-19,100000,1:40,100000
"Raw: May 26, 2025",No,2025-05-26,100000,1:43,100000
"Raw: June 2, 2025",No,2025-06-02,100000,1:50,100000
"Raw: June 16, 2025",No,2025-06-16,100000,1:43,100000
"Raw: June 23, 2025",No,2025-06-23,100000,1:52,100000
"Raw: June 30, 2025",No,2025-06-30,100000,1:48,100000
"Raw: July 7, 2025",No,2025-07-07,100000,1:51,100000
"Raw: July 14, 2025",No,2025-07-14,100000,1:55,100000
"Raw: July 28, 2025",No,2025-07-28,100000,1:59,100000
"Raw: August 4, 2025",No,2025-08-04,100000,1:59,100000
"Raw: August 11, 2025",No,2025-08-11,100000,1:51,100000
"Raw: August 18, 2025",No,2025-08-18,100000,1:49,100000
"Raw: August 25, 2025",No,2025-08-25,100000,1:56,100000
"Raw: September 1, 2025",No,2025-09-01,100000,2:06*,100000
"Raw: September 8, 2025",No,2025-09-08,100000,1:48,100000
"Raw: September 15, 2025",No,2025-09-15,100000,1:58,100000
Rodney Carrington: Here Comes the Truth,No,2017-10-03,100000,1:06,100000
Romesh Ranganathan: Irrational,No,,100000,0:52,100000
Romesh Ranganathan: The Cynic: Season 1,No,2022-11-29,100000,1:33,100000
Ronny Chieng: Asian Comedian Destroys America!,No,2019-12-17,100000,1:03,100000
Ronny Chieng: Speakeasy,No,2022-04-05,100000,1:00,100000
Russell Howard: Recalibrate,No,2017-12-19,100000,1:09,100000
Russell Peters: Almost Famous,No,2016-10-07,100000,1:13,100000
Ryan Hamilton: Happy Face,No,2017-08-29,100000,0:57,100000
S-friends: Serial Edition: S-friends 2 // セフレの品格 ドラマ版: セフレの品格 決意,No,,100000,1:47,100000
Sarah Silverman: PostMortem,No,2025-05-20,100000,1:04,100000
Seth Meyers: Lobby Baby,No,2019-11-05,100000,1:01,100000
"Sex, Explained: Limited Series",Yes,2020-01-02,100000,1:51,100000
Soju Rhapsody: Season 1 // 소주 랩소디: 시즌 1,Yes,,100000,1:38,100000
Solitary Gourmet: Season 11 // 孤独のグルメ: シーズン11,No,,100000,1:09,100000
Solitary Gourmet: Season 12 // 孤独のグルメ: シーズン12,No,,100000,1:11,100000
Solitary Gourmet 2023 New Year’s Eve Special // 孤独のグルメ2023大晦日スペシャル,No,,100000,1:14,100000
Spanish Movie,No,,100000,1:24,100000
Special: Season 1,Yes,2019-04-12,100000,2:00,100000
Stavros Halkias: Fat Rascal,No,2023-12-05,100000,0:55,100000
Steve Martin and Martin Short: An Evening You Will Forget for the Rest of Your Life,No,2018-05-25,100000,1:14,100000
Sugar High,No,2020-07-31,100000,0:44,100000
Super Monsters Monster Pets: Season 1,Yes,2019-06-07,100000,0:50,100000
The Ancient Magus' Bride: Those Awaiting a Star (OVA) // 魔法使いの嫁: 星待つひと (OVA),No,,100000,1:11,100000
The Children’s Kingdom: Zoo Songs // El Reino Infantil: Canciones del Zoo,No,,100000,*,100000
The Children’s Kingdom: Bichikids // El Reino Infantil: Bichikids,No,,100000,*,100000
The Eggies: Season 1,No,,100000,1:00,100000
The Eggies: Season 2,No,,100000,1:16,100000
"The Hall: Honoring George Carlin, Robin Williams, Joan Rivers and Richard Pryor",No,2022-05-19,100000,1:11,100000
The Irregular at Magic High School: Reminiscence Arc // 魔法科高校の劣等生: 追憶編,No,,100000,1:11,100000
The Light We Carry: Michelle Obama and Oprah Winfrey,Yes,2023-04-25,100000,1:21,100000
The Making of Jay Kelly,Yes,2025-12-05,100000,0:50,100000
The Nobody Zone: Interview with an Irish Serial Killer: Season 1,No,,100000,1:38,100000
The Quintessential Quintuplets Specials 2 // 五等分の花嫁*,No,,100000,0:48,100000
The Rest is Football: Goals Galore as Germany Smash Seven and Japan Hit Back,No,2026-06-14,100000,0:40,100000
The Rest is Football: England v Croatia Preview and Messi Scores Stunning Hat Trick,No,2026-06-16,100000,0:40,100000
The Rest is Football: Who Has Impressed the Most at the World Cup So Far?,No,2026-06-18,100000,0:41,100000
"The Rest is Football: Scotland Beaten by Morocco, Brazil Labour to Haiti Victory & USA Win Again",No,2026-06-19,100000,0:45,100000
The Rest is Football: Ally McCoist on the Dutch Entertainers and Are Germany Actually Any Good?,No,2026-06-20,100000,0:41,100000
"The Rest is Football: Lamine the Dream, Goalkeeping Masterclasses and Darts with the Mandem",No,2026-06-21,100000,0:44,100000
The Rest is Football: Messi Breaks World Cup Record and England Faces Selection Dilemmas,No,2026-06-22,100000,0:45,100000
The Rest is Football: England Struggle Against Ghana in Tame Draw,No,2026-06-23,100000,0:45,100000
The Rest is Football: Gordon Ramsay's Anguish as Scotland's Long Wait Goes On,No,2026-06-24,100000,0:40,100000
The Rest is Football: Ecuador Stun Germany and Netherlands Looking Good as They Top the Group,No,2026-06-25,100000,0:44,100000
"The Rest is Football: Dazzling Dembélé, Struggling Spain and England's Injury Worries",No,2026-06-26,100000,0:47,100000
The Rest is Football: Juan Mata on the Easiest Route to the Final and Spain's Golden Generation,No,2026-06-28,100000,0:47,100000
The Rest is Football: Terrible Germany Crash Out as Morocco and Brazil Fight Back,No,2026-06-29,100000,0:47,100000
The Spooky Tale of Captain Underpants Hack-a-ween,Yes,2019-10-08,100000,0:46,100000
Theo Von: No Offense,No,2016-02-26,100000,1:07,100000
Thiago Ventura: POKAS,No,2020-07-02,100000,1:22,100000
Tim Dillon: I'm Your Mother,No,2025-04-15,100000,0:42,100000
Tish Tash Singalong: Season 1 // 티시태시와 춤추고 노래해요: 시즌 1,No,,100000,1:11,100000
Tokumei Kakarichou Tadano Hitoshi: Season 4 // 特命係長 只野仁 スペシャル,No,,100000,1:38,100000
Tokumei Kakarichou Tadano Hitoshi: Season 7 // 特命係長 只野仁 スペシャル'08,No,,100000,1:46,100000
Tokumei Kakarichou Tadano Hitoshi: Season 8 // 特命係長 只野仁 シーズン4突入スペシャル,No,,100000,1:53,100000
Tokumei Kakarichou Tadano Hitoshi: Season 10 // 特命係長 只野仁 ファイナル,No,,100000,1:33,100000
Tom Papa Live in New York City,No,,100000,0:57,100000
Tom Papa: You're Doing Great!,No,2020-02-04,100000,1:00,100000
Torching 2024: A Roast of the Year,No,2024-12-27,100000,0:43,100000
Undead Unluck: Winter Arc // アンデッドアンラック: Winter編,No,,100000,0:48,100000
Unfair: Season 2 // アンフェア: シーズン2,No,,100000,1:53,100000
Unicorn Academy: Holiday Fireplace,Yes,,100000,1:01,100000
Upin & Ipin: The Helping Heroes: Season 1,No,,100000,1:03,100000
Upin & Ipin: The Helping Heroes: Season 2,No,,100000,1:03,100000
Upin & Ipin: The Helping Heroes: Season 3,No,,100000,1:01,100000
Urzila Carlson: Overqualified Loser,No,2020-07-14,100000,1:02,100000
Verified Stand-Up: Season 1,No,2023-11-28,100000,1:47,100000
Vir Das: Fool Volume,No,2025-07-18,100000,1:04,100000
Wednesday: Fireplace,Yes,2025-12-01,100000,1:00,100000
White Christmas Fireplace,Yes,2024-12-17,100000,1:00,100000
With Mother: Hajimete no DaiBouken // 映画 おかあさんといっしょ はじめての大冒険,No,,100000,1:04,100000
WWE Legend Profiles: Season 1,No,,100000,1:01,100000
"WWE NXT: December 30, 2025",No,2025-12-30,100000,1:22,100000
"WWE SmackDown: November 14, 2025",No,2025-11-14,100000,1:23,100000
"WWE SmackDown: November 21, 2025",No,2025-11-21,100000,1:21,100000
"WWE SmackDown: November 28, 2025",No,2025-11-28,100000,1:31,100000
"WWE SmackDown: December 5, 2025",No,2025-12-05,100000,1:21,100000
"WWE SmackDown: December 12, 2025",No,2025-12-12,100000,1:18,100000
Young Royals Forever,Yes,2024-03-18,100000,0:55,100000
Other Shows,*,*,757000000,*,*
